product,year,invoice_number,invoice_date,sku,description,quantity,unit,net_unit_price,local_median,local_min,local_max,deviation_percent,peer_observation_count,comparison_window,reason_for_flag,source_pdf
חוט 1.5,2024,,29/05/24,55028,מטר200.00 קשיחPVC  חום/כתום1.5 חוט,200.00,meter,1.7696,0.66,0.58,1.99,167.2,118,same_year,Local high: 167.2% above nearby median; outside robust local range,main_invoices\2024\2024-06-03__קרן-ממויה__הדפסת חשבונית מרכזת - 25342404396_ חש.pdf
חילוף קורוס,2020,,28/01/20,3910051,מודול לבן1 מפסק מחליף-קורוס,12.00,unit,8.8095,5.90,5.90,5.90,49.3,21,same_year,Local high: 49.3% above nearby median; outside robust local range,main_invoices\2020\2020-02-10__ניר-סאייג__p4474400593.pdf
חילוף קורוס,2021,R34212510300,29/12/21,3910051,מודול לבן1 מפסק מחליף-קורוס,24.00,unit,8.96,5.90,5.90,7.16,51.9,20,same_year,Local high: 51.9% above nearby median; outside robust local range,main_invoices\2021\2021-12-30__קרן-ממויה__(מסמך ממוחשב) הדפסת חשבונית מרכזת - R34212510300.pdf
יחיד קורוס,2021,,28/07/21,3910001,מודול לבן1 מפסק יחיד-קורוס,24.00,unit,5.16,3.90,3.90,6.45,32.3,26,same_year,Local high: 32.3% above nearby median; outside robust local range,main_invoices\2021\2021-07-30__קרן-ממויה__(מסמך ממוחשב) הדפסת חשבונית מרכזת - R34212505557.pdf
יחיד קורוס,2021,R34212510300,29/12/21,3910001,מודול לבן1 מפסק יחיד-קורוס,120.00,unit,6.45,3.90,3.90,5.16,65.4,26,same_year,Local high: 65.4% above nearby median; outside robust local range,main_invoices\2021\2021-12-30__קרן-ממויה__(מסמך ממוחשב) הדפסת חשבונית מרכזת - R34212510300.pdf
יחיד קורוס,2023,,29/12/22,3910001,מודול לבן1 מפסק יחיד-קורוס,192.00,unit,2.8,3.92,3.90,3.95,28.7,4,same_year,Local low: 28.7% below nearby median; outside robust local range,main_invoices\2023\2023-01-01__מרי-גבאי__(מסמך ממוחשב) הדפסת חשבונית מרכזת - 25342210321.pdf
יחיד קורוס,2024,,28/01/24,3910001,מודול לבן1 מפסק יחיד-קורוס,12.00,unit,4.886,3.90,3.50,4.20,25.3,12,same_year,Local high: 25.3% above nearby median; outside robust local range,main_invoices\2024\2024-01-31__קרן-ממויה__(מסמך ממוחשב) הדפסת חשבונית מרכזת - 25342400168.pdf
יחיד קורוס,2025,,28/01/25,3910001,מודול לבן מבריק1 מפסק יחיד-קורוס,15.00,unit,4.886,3.90,3.50,4.89,25.3,14,±12_months,Local high: 25.3% above nearby median; outside robust local range,main_invoices\2025\2025-02-03__קרן-ממויה__הדפסת חשבונית מרכזת - 25342500489_ חש.pdf
מסגרת 1 מקום קורוס,2020,,28/01/20,3916101,מודול1 לבן ONE מסגרת-קורוס,96.00,unit,4.9,2.95,2.95,2.95,66.1,11,same_year,Local high: 66.1% above nearby median; outside robust local range,main_invoices\2020\2020-02-10__ניר-סאייג__p4474400593.pdf
מסגרת 1 מקום קורוס,2021,R34212510300,29/12/21,3916101,מודול1 לבן ONE מסגרת-קורוס,96.00,unit,4.88,2.95,2.95,2.95,65.4,8,same_year,Local high: 65.4% above nearby median; outside robust local range,main_invoices\2021\2021-12-30__קרן-ממויה__(מסמך ממוחשב) הדפסת חשבונית מרכזת - R34212510300.pdf
מסגרת 1 מקום קורוס,2023,,29/12/22,3916101,מודול1 לבן ONE מסגרת-קורוס,2.00,unit,4,2.95,2.95,4.00,35.6,11,same_year,Local high: 35.6% above nearby median; outside robust local range,main_invoices\2023\2023-01-01__מרי-גבאי__(מסמך ממוחשב) הדפסת חשבונית מרכזת - 25342210318.pdf
מסגרת 1 מקום קורוס,2023,,29/12/22,3916101,מודול1 לבן ONE מסגרת-קורוס,96.00,unit,4,2.95,2.95,4.00,35.6,11,same_year,Local high: 35.6% above nearby median; outside robust local range,main_invoices\2023\2023-01-01__מרי-גבאי__(מסמך ממוחשב) הדפסת חשבונית מרכזת - 25342210318.pdf
מסגרת 1 מקום קורוס,2025,,26/02/25,3916101,מודול1  לבן מבריקONE מסגרת-קורוס,2.00,unit,5.068,2.56,2.56,2.56,98.0,3,±6_months,Local high: 98.0% above nearby median; outside robust local range,main_invoices\2025\2025-03-04__קרן-ממויה__הדפסת חשבונית מרכזת - 25342501314_ חש.pdf
מסגרת 2 מקום קורוס,2022,,24/02/22,3916102,מודול2 לבן חלבי ONE מסגרת-קורוס,40.00,unit,5.13,2.95,2.95,4.00,73.9,13,same_year,Local high: 73.9% above nearby median; outside robust local range,main_invoices\2022\2022-03-01__קרן-ממויה__(מסמך ממוחשב) הדפסת חשבונית מרכזת - 25342201494.pdf
מסגרת 2 מקום קורוס,2023,,2023-11-05,3916122,' לקופONE ' מוד2 מסגרת לבן-קורוס,16.00,unit,2.57,4.00,3.70,4.00,35.8,4,same_year,Local low: 35.8% below nearby median; outside robust local range,main_invoices\2023\2023-11-05__קרן-ממויה__(מסמך ממוחשב) הדפסת חשבונית מרכזת - 25352300676.pdf
מסגרת 2 מקום קורוס,2023,,29/12/22,3916102,מודול2 לבן חלבי ONE מסגרת-קורוס,96.00,unit,4,2.95,2.95,5.13,35.6,13,same_year,Local high: 35.6% above nearby median; outside robust local range,main_invoices\2023\2023-01-01__מרי-גבאי__(מסמך ממוחשב) הדפסת חשבונית מרכזת - 25342210318.pdf
מסגרת 2 מקום קורוס,2023,,29/12/22,3916102,מודול2 לבן חלבי ONE מסגרת-קורוס,1.00,unit,4,2.95,2.95,5.13,35.6,13,same_year,Local high: 35.6% above nearby median; outside robust local range,main_invoices\2023\2023-01-01__מרי-גבאי__(מסמך ממוחשב) הדפסת חשבונית מרכזת - 25342210321.pdf
מסגרת 2 מקום קורוס,2024,,29/05/24,3916102,מודול2 לבן ONE מסגרת-קורוס,1.00,unit,5.068,4.00,2.56,5.07,26.7,10,same_year,Local high: 26.7% above nearby median; outside robust local range,main_invoices\2024\2024-06-03__קרן-ממויה__הדפסת חשבונית מרכזת - 25342404397.pdf
מסגרת 2 מקום קורוס,2024,,29/05/24,3916102,מודול2 לבן ONE מסגרת-קורוס,2.00,unit,5.068,4.00,2.56,5.07,26.7,10,same_year,Local high: 26.7% above nearby median; outside robust local range,main_invoices\2024\2024-06-03__קרן-ממויה__הדפסת חשבונית מרכזת - 25342404399.pdf
מסגרת 2 מקום קורוס,2025,,26/02/25,3916102,מודול2  לבן מבריקONE מסגרת-קורוס,1.00,unit,5.068,2.56,2.56,2.56,98.0,3,±6_months,Local high: 98.0% above nearby median; outside robust local range,main_invoices\2025\2025-03-04__קרן-ממויה__הדפסת חשבונית מרכזת - 25342501314_ חש.pdf
מסגרת 4 מקום קורוס,2020,,24/09/20,3916104,מודול4 לבן חלבי ONE מסגרת-קורוס,12.00,unit,7.1,3.95,3.95,7.57,79.7,12,same_year,Local high: 79.7% above nearby median; outside robust local range,main_invoices\2020\2020-09-29__קרן-ממויה__p6494003437.pdf
מסגרת 4 מקום קורוס,2020,,22/10/20,3916104,מודול4 לבן חלבי ONE מסגרת-קורוס,12.00,unit,7.5744,3.95,3.95,7.10,91.8,12,same_year,Local high: 91.8% above nearby median; outside robust local range,main_invoices\2020\2020-10-25__קרן-ממויה__p5671601661.pdf
מסגרת 4 מקום קורוס,2022,,26/01/22,3916104,מודול4 לבן חלבי ONE מסגרת-קורוס,50.00,unit,6.3975,4.20,4.20,4.40,52.3,13,same_year,Local high: 52.3% above nearby median; outside robust local range,main_invoices\2022\2022-01-30__קרן-ממויה__(מסמך ממוחשב) הדפסת חשבונית מרכזת - 25342200131.pdf
מתאם 3 מקום קורוס,2020,,22/10/20,3916803,מודול3- ו2- מתאם ל- קורוס,240.00,unit,2.6144,1.50,1.50,1.50,74.3,27,same_year,Local high: 74.3% above nearby median; outside robust local range,main_invoices\2020\2020-10-25__קרן-ממויה__p5671601661.pdf
מתאם 3 מקום קורוס,2021,R34212510300,29/12/21,3916803,מודול3- ו2- מתאם ל- קורוס,120.00,unit,2.33,1.50,1.50,1.86,55.3,20,same_year,Local high: 55.3% above nearby median; outside robust local range,main_invoices\2021\2021-12-30__קרן-ממויה__(מסמך ממוחשב) הדפסת חשבונית מרכזת - R34212510300.pdf
מתאם 3 מקום קורוס,2023,,29/06/23,3916803,מודול3- ו2- מתאם ל- קורוס,240.00,unit,145,1.80,1.45,145.00,7955.6,12,same_year,Local high: 7955.6% above nearby median; outside robust local range,main_invoices\2023\2023-07-04__קרן-ממויה__(מסמך ממוחשב) הדפסת חשבונית מרכזת - 25342306023.pdf
מתאם 3 מקום קורוס,2023,,29/06/23,3916803,מודול3- ו2- מתאם ל- קורוס,120.00,unit,145,1.80,1.45,145.00,7955.6,12,same_year,Local high: 7955.6% above nearby median; outside robust local range,main_invoices\2023\2023-07-04__קרן-ממויה__(מסמך ממוחשב) הדפסת חשבונית מרכזת - 25342306023.pdf
מתאם 3 מקום קורוס,2025,,26/02/25,3916803,מודול3- ו2- מתאם ל- קורוס,36.00,unit,2.55,1.80,1.80,1.80,41.7,4,±6_months,Local high: 41.7% above nearby median; outside robust local range,main_invoices\2025\2025-03-04__קרן-ממויה__הדפסת חשבונית מרכזת - 25342501315.pdf
מתאם 4 מקום קורוס,2023,,29/10/23,3916804,מודול4- מתאם ל- קורוס,12.00,unit,4.1,6.00,6.00,6.00,31.7,8,same_year,Local low: 31.7% below nearby median; outside robust local range,main_invoices\2023\2023-11-05__קרן-ממויה__(מסמך ממוחשב) הדפסת חשבונית מרכזת - 25342310316.pdf
מתאם 4 מקום קורוס,2024,,30/09/24,3916804,מודול4- מתאם ל- קורוס,1.00,unit,5.955,4.60,4.10,5.12,29.5,7,same_year,Local high: 29.5% above nearby median; outside robust local range,main_invoices\2024\2024-10-06__קרן-ממויה__הדפסת חשבונית מרכזת - 25342409028_ חש.pdf
צינור מריכב 20 ירוק/צבעוני,2020,,28/01/20,8600108,מטר100.00 אדום20 צינור מריכף,100.00,meter,1.96,0.78,0.78,0.87,151.3,21,same_year,Local high: 151.3% above nearby median; outside robust local range,main_invoices\2020\2020-02-10__ניר-סאייג__p5236000593.pdf
צינור מריכב 25 ירוק/צבעוני,2017,,2017-10-03,8600104,מטר50.00ירוק  חדש25 מריכף,50.00,meter,1.8,4.45,4.45,4.45,59.6,2,±12_months,Local low: 59.6% below nearby median; outside robust local range,main_invoices\2017\2017-10-03__Nir-Sayag__R3417309113 - הדפסת חשבונית מרכזת.pdf
צינור מריכב 25 ירוק/צבעוני,2018,,27/11/18,8600104,מטר50.00ירוק  חדש25 מריכף,50.00,meter,1.8,4.45,1.80,4.45,59.6,4,same_year,Local low: 59.6% below nearby median; outside robust local range,main_invoices\2018\2018-12-09__Nir-Sayag__p2764000593.pdf
צינור מריכב 25 ירוק/צבעוני,2019,,31/12/18,8600104,מטר50.00ירוק  חדש25 מריכף,50.00,meter,1.8,4.45,1.80,4.45,59.6,4,same_year,Local low: 59.6% below nearby median; outside robust local range,main_invoices\2019\2019-01-03__Nir-Sayag__p3634800597.pdf
קופסה 3 מקום לבטון,2022,,27/06/22,840001800,"מודול תה""ט ללא מחיצות3 קופסא תקן",10.00,unit,1.56,1.17,0.90,1.56,33.9,16,same_year,Local high: 33.9% above nearby median; outside robust local range,main_invoices\2022\2022-07-04__קרן-ממויה__(מסמך ממוחשב) הדפסת חשבונית מרכזת - 25342204940.pdf
קופסה 3 מקום לבטון,2022,,25/08/22,840001800,"מודול תה""ט ללא מחיצות3 קופסא תקן",250.00,unit,1.56,1.17,0.90,1.56,33.9,16,same_year,Local high: 33.9% above nearby median; outside robust local range,main_invoices\2022\2022-08-29__קרן-ממויה__(מסמך ממוחשב) הדפסת חשבונית מרכזת - 25342206369.pdf
קופסה 3 מקום לבטון,2025,,26/02/25,1900225,"ללא מחיצות תקן-מחוזקת-  מודול תה""ט3 קופסא",1.00,unit,2.25,1.20,0.90,2.16,87.5,9,±6_months,Local high: 87.5% above nearby median; outside robust local range,main_invoices\2025\2025-03-04__קרן-ממויה__הדפסת חשבונית מרכזת - 25342501313.pdf
קופסה 3 מקום פטנט לגבס,2021,,30/06/21,190041,לקיר גבס ללא ברגים פטנט תקן3 קופסא,60.00,unit,5,4.00,3.96,4.25,25.0,3,±6_months,Local high: 25.0% above nearby median; outside robust local range,main_invoices\2021\2021-07-04__קרן-ממויה__(מסמך ממוחשב) הדפסת חשבונית מרכזת - R34212504461.pdf
קופסה 3 מקום פטנט לגבס,2025,,27/03/25,84000385,מחיצות פטנט+ מודול לקיר גבס3 קופסא,20.00,unit,5.685,4.38,4.38,4.57,29.7,5,same_year,Local high: 29.7% above nearby median; outside robust local range,main_invoices\2025\2025-04-08__קרן-ממויה__הדפסת חשבונית מרכזת - 25342502226_ חש.pdf
קופסה 4 מקום לבטון,2021,,30/06/21,1900255,"ללא מחיצות תקן-מחוזקת-  תה""ט4 קופסא",20.00,unit,3.2,2.50,2.26,2.80,28.1,5,same_year,Local high: 28.1% above nearby median; outside robust local range,main_invoices\2021\2021-07-04__קרן-ממויה__(מסמך ממוחשב) הדפסת חשבונית מרכזת - R34212504465.pdf
שקע קורוס,2021,,28/07/21,3910281,מודול לבן2 שקע כח ישראלי-קורוס,48.00,unit,5.16,3.90,3.90,4.70,32.3,28,same_year,Local high: 32.3% above nearby median; outside robust local range,main_invoices\2021\2021-07-30__קרן-ממויה__(מסמך ממוחשב) הדפסת חשבונית מרכזת - R34212505557.pdf
שקע קורוס,2022,,27/11/22,3910281,מודול לבן2 שקע כח ישראלי-קורוס,864.00,unit,2.8,3.90,2.80,6.45,28.2,12,same_year,Local low: 28.2% below nearby median; outside robust local range,main_invoices\2022\2022-11-30__מרי-גבאי__(מסמך ממוחשב) הדפסת חשבונית מרכזת - 25342209301.pdf
שקע קורוס,2022,,26/01/22,3910281,מודול לבן2 שקע כח ישראלי-קורוס,96.00,unit,6.45,3.90,2.80,3.95,65.4,12,same_year,Local high: 65.4% above nearby median; outside robust local range,main_invoices\2022\2022-01-30__קרן-ממויה__(מסמך ממוחשב) הדפסת חשבונית מרכזת - 25342200133.pdf
שקע קורוס,2023,,29/12/22,3910281,מודול לבן2 שקע כח ישראלי-קורוס,864.00,unit,2.8,3.90,2.80,6.45,28.2,12,same_year,Local low: 28.2% below nearby median; outside robust local range,main_invoices\2023\2023-01-01__מרי-גבאי__(מסמך ממוחשב) הדפסת חשבונית מרכזת - 25342210321.pdf
שקע קורוס,2024,,29/05/24,3910281,מודול לבן מבריק2 שקע כח ישראלי-קורוס,2.00,unit,4.886,3.90,3.90,4.20,25.3,4,same_year,Local high: 25.3% above nearby median; outside robust local range,main_invoices\2024\2024-06-03__קרן-ממויה__הדפסת חשבונית מרכזת - 25342404397.pdf
