company_name,industry,official_website,source_type,current_price_data_available,historical_price_data_available,historical_range,update_frequency,format,contains_product_code,contains_description,contains_unit,contains_price,contains_effective_date,price_type,requires_login,free_access,automation_feasibility,historical_quality,legal_access,notes
Israel CBS — Residential Building Input Indices,ALL / GOVERNMENT,https://www.cbs.gov.il/en/subjects/Pages/Price%20Index%20of%20Input%20in%20Residential%20Building.aspx,GOVERNMENT_INDEX,YES,YES,1990s–2026 (varies by sub-index; conductors API verified to 2025),monthly,"API, PDF, HTML",YES,YES,NO,NO,YES,index (not unit price),NO,YES,HIGH,HIGH,PUBLIC_FREE,"Free JSON API: https://api.cbs.gov.il/index/data/price?id={series_id}. Sub-indices cover electrical, plumbing, steel, cement, concrete, blocks."
ERCO (Arka) — B2C web shop,ELECTRICAL,https://www.erco.co.il/,OFFICIAL_CATALOG_WITH_PRICES,YES,NO,current snapshot only (no public archive found),irregular,HTML,YES,YES,YES,YES,NO,retail/wholesale web list (incl. VAT shown),NO,YES,LOW,NONE,UNCLEAR,"Product pages show SKU + unit price. PDF catalogs (cable trays, lighting) are technical, not price lists. No public downloadable contractor price list archive found via site search."
Golan / Pexgol — Residential systems price list,PLUMBING,https://golanisrael.com/,OFFICIAL_PRICE_LIST,YES,YES,2022–2025 (sampled PDF versions),irregular,PDF,YES,YES,YES,YES,YES,list price ex-VAT,NO,YES,MEDIUM,MEDIUM,PUBLIC_FREE,Strongest public supplier price-list series found for plumbing. Prices may change without notice per document disclaimer.
Golan / Pexgol — Infrastructure price list,PLUMBING,https://golanisrael.com/,OFFICIAL_PRICE_LIST,YES,PARTIAL,2025 (sampled); residential series has deeper history,irregular,PDF,YES,YES,YES,YES,YES,list price ex-VAT,NO,YES,MEDIUM,LOW,PUBLIC_FREE,Large-diameter PE infrastructure pricing; some items quote-only.
Palgal — PE pipes price list (archived),PLUMBING,https://www.palgal.co.il/,OFFICIAL_PRICE_LIST,UNKNOWN,YES,2012 (archived PDF on site),unknown,PDF,YES,YES,YES,YES,YES,list price ex-VAT,NO,YES,LOW,LOW,PUBLIC_FREE,Historical only; current public price list not verified in this research pass.
Plasson — Product catalogs,PLUMBING,https://www.plasson.com/,CATALOG_NO_PRICES,NO,NO,N/A,irregular,PDF,YES,YES,YES,NO,NO,unknown,NO,YES,LOW,NONE,PUBLIC_FREE,Technical PDFs with product codes and specs; no public Israeli price list found.
Readymix (CEMEX Israel) — Product & price catalog,CONCRETE/CEMENT,https://readymix.co.il/,OFFICIAL_CATALOG_WITH_PRICES,YES,YES,2023–2025 (web catalog editions),annual,HTML,YES,YES,YES,YES,YES,regional list / transport tables; concrete often project-specific,NO,YES,MEDIUM,MEDIUM,PUBLIC_FREE,Regional delivery surcharges make national single price series difficult. Concrete unit prices often require quote.
Nesher — Cement products,CONCRETE/CEMENT,https://www.nesher.co.il/,CATALOG_NO_PRICES,NO,NO,N/A,unknown,HTML,YES,YES,YES,NO,NO,QUOTE_ONLY,NO,YES,LOW,NONE,PUBLIC_FREE,Product specs published; pricing via customer service (*9409).
Ytong (Inrom) — AAC blocks,BLOCKS/MASONRY,https://www.ytong.co.il/,CATALOG_NO_PRICES,NO,NO,N/A,unknown,"HTML, PDF",YES,YES,YES,NO,NO,QUOTE_ONLY,NO,YES,LOW,NONE,PUBLIC_FREE,Manufacturer catalog/specs only. Third-party estimate pages exist but are not official supplier lists.
Klil — Aluminium window/door systems,ALUMINIUM,https://www.klil.co.il/,CATALOG_NO_PRICES,NO,NO,N/A,annual,"PDF, HTML",YES,YES,YES,NO,NO,QUOTE_ONLY,NO,YES,LOW,NONE,PUBLIC_FREE,"Technical catalogs (4350, accessories). Purchase via authorized dealers; no public price list."
Extal — Aluminium facade/window systems,ALUMINIUM,https://extal.com/,CATALOG_NO_PRICES,NO,NO,N/A,annual,PDF,YES,YES,YES,NO,NO,QUOTE_ONLY,NO,YES,LOW,NONE,PUBLIC_FREE,Catalog archive confirmed; pricing via authorized fabricators.
Israeli steel mills / distributors (general market),STEEL/REBAR,N/A — sector-wide,QUOTE_ONLY,PARTIAL,NO,N/A for public lists,weekly,other,NO,YES,YES,PARTIAL,NO,contractor quote / market rumor,NO,PARTIAL,LOW,NONE,UNCLEAR,"No verified public official rebar price list PDF from major mills (Harel, Shoval, etc.). Trade press and reference sites publish indicative ton prices."
Metal Industries Association (PRIKO) — Metal price review,STEEL/REBAR,https://industry.org.il/,PUBLIC_MARKET_DATA,YES,PARTIAL,2024 sampled; archive depth not fully mapped,monthly,PDF,NO,YES,YES,YES,YES,market review / commodity benchmarks,NO,YES,MEDIUM,MEDIUM,PUBLIC_WITH_USAGE_LIMITS,"Association commodity review (copper, aluminium, steel proxies). Not a supplier SKU price list."
Dekel — Construction & infrastructure price book,ALL,https://www.dekel.co.il/,PAID,YES,YES,multi-year (paid product),monthly,other,YES,YES,YES,YES,YES,professional reference / market estimate,YES,NO,LOW,HIGH,PAID_LICENSE,Excluded from V1 free-data scope per project rules. Mentioned as industry benchmark only.
CivilEng — Raw materials reference table,ALL,https://www.civileng.co.il/,PUBLIC_MARKET_DATA,YES,NO,current reference page only,unknown,HTML,NO,YES,YES,YES,NO,reference estimate,NO,YES,LOW,LOW,PUBLIC_WITH_USAGE_LIMITS,"Useful sanity-check reference for rebar, concrete, cement bag — not auditable supplier list."
Gilar (Sika Israel) — Waterproofing catalog,WATERPROOFING/CHEMICALS,https://gilar.co.il/,CATALOG_NO_PRICES,NO,NO,N/A,annual,"PDF, HTML",YES,YES,PARTIAL,NO,NO,QUOTE_ONLY,NO,YES,LOW,NONE,PUBLIC_FREE,2026 interactive catalog downloadable; no public price list.
Knauf Israel — Gypsum boards,GYPSUM/INSULATION,https://knauf.com/he-IL,CATALOG_NO_PRICES,NO,NO,N/A,annual,"PDF, HTML",YES,YES,YES,NO,NO,QUOTE_ONLY,NO,YES,LOW,NONE,PUBLIC_FREE,Rich SKU catalog with material numbers; distributor pricing only.
Meitav-Tec — Controls/thermostats price list,ELECTRICAL,https://meitavtec.co.il/,OFFICIAL_PRICE_LIST,YES,PARTIAL,2024 PDF verified; 2022–2023 not found in public downloads,annual,"PDF, HTML",YES,YES,YES,YES,YES,list price,NO,YES,MEDIUM,LOW,PUBLIC_FREE,"Narrow product family (HVAC controls), not general wire/cable pricing."
Uriel Shay — Electrical tools catalog,ELECTRICAL,https://www.uriel-shay.com/,CATALOG_NO_PRICES,UNKNOWN,NO,2023/24 catalog sampled — pricing not verified in catalog,annual,PDF,YES,YES,PARTIAL,NO,NO,unknown,NO,YES,LOW,NONE,PUBLIC_FREE,Major wholesaler catalog; public price list not confirmed in sampled PDF.
Owner invoice archive (ERCO) — private purchase history,ELECTRICAL,N/A — internal dataset,PUBLIC_MARKET_DATA,YES,YES,2016–2026 (project-specific extraction),irregular,CSV,YES,YES,YES,YES,YES,actual paid invoice net/gross,NO,YES,MEDIUM,MEDIUM,PUBLIC_FREE,Not a public market feed — single-supplier purchase-driven series. Valuable for internal benchmarking only.
