family,driver,lag_months,lag_days_approx,sample_count,pearson,spearman,direction_agreement_rate
COPPER_WIRE,COPPER_USD,0,0,67,0.1725,-0.0074,0.9403
COPPER_WIRE,COPPER_USD,1,30,66,0.0804,0.1938,0.9848
COPPER_WIRE,COPPER_USD,2,60,65,0.1001,0.1465,0.9692
COPPER_WIRE,COPPER_USD,3,90,64,-0.0637,-0.1849,0.9219
COPPER_WIRE,USD_ILS,0,0,67,0.0442,0.0825,0.9552
COPPER_WIRE,USD_ILS,1,30,66,0.0525,0.1266,0.9848
COPPER_WIRE,USD_ILS,2,60,65,-0.0395,0.0335,0.9538
COPPER_WIRE,USD_ILS,3,90,64,-0.12,-0.0933,0.9219
COPPER_WIRE,COPPER_ILS,0,0,67,0.2094,0.0202,0.9552
COPPER_WIRE,COPPER_ILS,1,30,66,0.1125,0.2085,0.9848
COPPER_WIRE,COPPER_ILS,2,60,65,0.0928,0.1561,0.9692
COPPER_WIRE,COPPER_ILS,3,90,64,-0.1199,-0.2225,0.9062
COPPER_WIRE,OIL_OR_ENERGY,0,0,67,0.1766,-0.2001,0.8806
COPPER_WIRE,OIL_OR_ENERGY,1,30,66,-0.0047,-0.0465,0.9091
COPPER_WIRE,OIL_OR_ENERGY,2,60,65,0.1984,0.2447,0.9692
COPPER_WIRE,OIL_OR_ENERGY,3,90,64,0.1028,-0.0539,0.9531
COPPER_WIRE,ISRAEL_CONSTRUCTION_INPUT_INDEX,0,0,66,0.0057,0.0679,0.9848
COPPER_WIRE,ISRAEL_CONSTRUCTION_INPUT_INDEX,1,30,65,0.0611,0.0025,1.0
COPPER_WIRE,ISRAEL_CONSTRUCTION_INPUT_INDEX,2,60,64,0.311,-0.0459,1.0
COPPER_WIRE,ISRAEL_CONSTRUCTION_INPUT_INDEX,3,90,63,0.0476,0.0074,1.0
N2XY_COPPER_CABLE,COPPER_USD,0,0,68,-0.0011,0.1683,0.9265
N2XY_COPPER_CABLE,COPPER_USD,1,30,67,-0.0112,0.2123,0.9552
N2XY_COPPER_CABLE,COPPER_USD,2,60,66,0.166,0.2109,0.9242
N2XY_COPPER_CABLE,COPPER_USD,3,90,65,0.0137,0.0931,0.9231
N2XY_COPPER_CABLE,USD_ILS,0,0,68,-0.009,0.1078,0.9412
N2XY_COPPER_CABLE,USD_ILS,1,30,67,-0.14,0.1872,0.9701
N2XY_COPPER_CABLE,USD_ILS,2,60,66,0.034,0.1379,0.9545
N2XY_COPPER_CABLE,USD_ILS,3,90,65,-0.0527,-0.0296,0.9231
N2XY_COPPER_CABLE,COPPER_ILS,0,0,68,-0.0034,0.2362,0.9412
N2XY_COPPER_CABLE,COPPER_ILS,1,30,67,-0.0726,0.3371,0.9552
N2XY_COPPER_CABLE,COPPER_ILS,2,60,66,0.1976,0.2501,0.9394
N2XY_COPPER_CABLE,COPPER_ILS,3,90,65,-0.0075,0.0918,0.9077
N2XY_COPPER_CABLE,OIL_OR_ENERGY,0,0,68,-0.0759,-0.126,0.8824
N2XY_COPPER_CABLE,OIL_OR_ENERGY,1,30,67,-0.0121,0.024,0.9254
N2XY_COPPER_CABLE,OIL_OR_ENERGY,2,60,66,0.1672,0.0807,0.9242
N2XY_COPPER_CABLE,OIL_OR_ENERGY,3,90,65,0.1294,0.0787,0.8769
N2XY_COPPER_CABLE,ISRAEL_CONSTRUCTION_INPUT_INDEX,0,0,67,0.0174,-0.0099,0.9851
N2XY_COPPER_CABLE,ISRAEL_CONSTRUCTION_INPUT_INDEX,1,30,66,0.0739,-0.108,1.0
N2XY_COPPER_CABLE,ISRAEL_CONSTRUCTION_INPUT_INDEX,2,60,65,-0.0015,-0.1057,1.0
N2XY_COPPER_CABLE,ISRAEL_CONSTRUCTION_INPUT_INDEX,3,90,64,0.0156,-0.0943,1.0
