max_score,mean_1m_change,mean_score,min_score,months,note,period,trade
70.88,1.33,46.92,19.82,12,,2020,ELECTRICAL
92.65,-1.31,69.59,40.85,12,,2021,ELECTRICAL
93.42,-0.58,49.25,14.65,12,,2022,ELECTRICAL
90.1,0.04,57.9,28.92,45,,2023+,ELECTRICAL
,,70.96,,1,1m jump 28.31 at 2016-07-01,SPIKE,ELECTRICAL
,,86.36,,1,1m jump 36.43 at 2016-11-01,SPIKE,ELECTRICAL
,,74.02,,1,1m jump 25.96 at 2017-08-01,SPIKE,ELECTRICAL
,,45.97,,1,1m jump -35.49 at 2018-07-01,SPIKE,ELECTRICAL
,,54.44,,1,1m jump 26.85 at 2019-11-01,SPIKE,ELECTRICAL
,,68.56,,1,1m jump 25.78 at 2021-10-01,SPIKE,ELECTRICAL
,,14.65,,1,1m jump -29.13 at 2022-07-01,SPIKE,ELECTRICAL
,,69.82,,1,1m jump 28.93 at 2025-03-01,SPIKE,ELECTRICAL
,,42.15,,1,1m jump -27.66 at 2025-04-01,SPIKE,ELECTRICAL
,,68.31,,1,1m jump 32.9 at 2025-10-01,SPIKE,ELECTRICAL
51.15,-0.22,45.69,40.68,12,,2020,PLUMBING
73.81,0.29,64.06,52.4,12,,2021,PLUMBING
76.42,-0.33,61.5,48.17,12,,2022,PLUMBING
66.9,0.03,47.73,22.88,45,,2023+,PLUMBING
,,22.98,,1,1m jump -25.84 at 2025-08-01,SPIKE,PLUMBING
88.67,4.79,46.29,17.72,12,,2020,STEEL_REBAR
92.52,-2.73,79.47,55.94,12,,2021,STEEL_REBAR
90.13,-2.59,47.08,18.21,12,,2022,STEEL_REBAR
72.01,0.56,44.21,16.73,45,,2023+,STEEL_REBAR
,,76.75,,1,1m jump 26.75 at 2016-02-01,SPIKE,STEEL_REBAR
,,55.29,,1,1m jump 25.39 at 2017-08-01,SPIKE,STEEL_REBAR
,,80.57,,1,1m jump 29.47 at 2018-07-01,SPIKE,STEEL_REBAR
,,84.38,,1,1m jump 45.28 at 2022-03-01,SPIKE,STEEL_REBAR
,,26.25,,1,1m jump -38.53 at 2024-02-01,SPIKE,STEEL_REBAR
,,61.99,,1,1m jump 32.87 at 2024-06-01,SPIKE,STEEL_REBAR
,,72.01,,1,1m jump 36.84 at 2025-08-01,SPIKE,STEEL_REBAR
