trade,bucket,horizon_months,sample_count,median_future_change,up_rate,down_rate
ELECTRICAL,0-20,1,4,-0.7427,0.0,0.25
ELECTRICAL,0-20,2,4,-0.7427,0.0,0.25
ELECTRICAL,0-20,3,4,-2.2086,0.0,0.75
ELECTRICAL,21-40,1,7,-1.586,0.0,0.5714
ELECTRICAL,21-40,2,6,-1.669,0.1667,0.6667
ELECTRICAL,21-40,3,6,-1.0967,0.0,0.5
ELECTRICAL,41-59,1,25,0.0,0.2,0.08
ELECTRICAL,41-59,2,25,0.0,0.24,0.2
ELECTRICAL,41-59,3,24,0.0,0.375,0.2917
ELECTRICAL,60-79,1,18,0.0,0.1667,0.0556
ELECTRICAL,60-79,2,18,0.0,0.2778,0.1111
ELECTRICAL,60-79,3,18,0.221,0.2222,0.1111
ELECTRICAL,80-100,1,8,2.2175,0.5,0.125
ELECTRICAL,80-100,2,8,2.6645,0.5,0.0
ELECTRICAL,80-100,3,8,5.1114,0.875,0.0
PLUMBING,21-40,1,6,0.0,0.0,0.0
PLUMBING,21-40,2,6,0.0,0.0,0.0
PLUMBING,21-40,3,6,0.0,0.0,0.0
PLUMBING,41-59,1,90,0.0,0.0,0.0
PLUMBING,41-59,2,89,0.0,0.0,0.0
PLUMBING,41-59,3,89,0.0,0.0,0.0
PLUMBING,60-79,1,28,0.0,0.0,0.0
PLUMBING,60-79,2,28,0.0,0.0,0.0
PLUMBING,60-79,3,28,0.0,0.0,0.0
STEEL_REBAR,0-20,1,5,-0.8287,0.0,0.0
STEEL_REBAR,0-20,2,5,-1.8252,0.0,1.0
STEEL_REBAR,0-20,3,5,-3.1432,0.0,1.0
STEEL_REBAR,21-40,1,34,-1.5473,0.0294,0.5294
STEEL_REBAR,21-40,2,34,-2.3418,0.0,0.6765
STEEL_REBAR,21-40,3,34,-3.1014,0.0,0.9118
STEEL_REBAR,41-59,1,27,-0.7361,0.1111,0.1481
STEEL_REBAR,41-59,2,26,-0.8993,0.1154,0.3846
STEEL_REBAR,41-59,3,26,-1.3781,0.1154,0.4615
STEEL_REBAR,60-79,1,18,1.1063,0.4444,0.0
STEEL_REBAR,60-79,2,18,2.7145,0.6111,0.1111
STEEL_REBAR,60-79,3,18,4.1142,0.8333,0.0
STEEL_REBAR,80-100,1,11,4.0737,0.7273,0.0
STEEL_REBAR,80-100,2,11,7.947,1.0,0.0
STEEL_REBAR,80-100,3,10,9.3304,0.9,0.0
