target_product,year,unit,min_net_unit_price,max_net_unit_price,median_net_unit_price,average_net_unit_price,first_price_of_year,last_price_of_year,number_of_price_observations,number_of_distinct_invoices,matched_skus,raw_observation_count,clean_observation_count,mad_removed_count,used_fallback,fallback_notes
חוט 1.5,2017,₪/מטר,0.434,0.441,0.441,0.4382,0.434,0.441,25,1,55022;55023;55024;55027;55028,1153,942,92,False,
חוט 1.5,2018,₪/מטר,0.43,0.4329,0.4329,0.4323,0.4329,0.43,9,2,55022;55023;55024;55027;55028,1153,942,92,False,
חוט 1.5,2019,₪/מטר,0.38,0.4233,0.39,0.3907,0.41,0.38,78,10,55022;55023;55024;55027;55028,1153,942,92,False,
חוט 1.5,2020,₪/מטר,0.38,0.48,0.4144,0.4161,0.39,0.48,179,25,55022;55023;55024;55027;55028,1153,942,92,False,
חוט 1.5,2021,₪/מטר,0.567,0.6195,0.588,0.5861,0.6195,0.609,105,21,55022;55023;55024;55027;55028,1153,942,92,False,
חוט 1.5,2022,₪/מטר,0.5593,0.671,0.61,0.6065,0.5936,0.5593,176,24,55022;55023;55024;55027;55028,1153,942,92,False,
חוט 1.5,2023,₪/מטר,0.5593,0.612,0.5833,0.5871,0.5593,0.6095,220,28,55022;55023;55024;55027;55028,1153,942,92,False,
חוט 1.5,2024,₪/מטר,0.6391,0.6966,0.6622,0.6703,0.6391,0.64,93,16,55022;55023;55024;55027;55028,1153,942,92,False,
חוט 1.5,2025,₪/מטר,0.62,0.6715,0.62,0.6337,0.64,0.6715,18,5,55022;55023;55024;55027;55028,1153,942,92,False,
חוט 1.5,2026,₪/מטר,0.69,0.74,0.73,0.7254,0.69,0.72,39,9,55022;55023;55024;55027;55028,1153,942,92,False,
חוט 2.5,2017,₪/מטר,0.6944,0.7056,0.6944,0.6996,0.6944,0.6944,13,1,55032;55033;55034;55037;55038,526,475,24,False,
חוט 2.5,2018,₪/מטר,0.6993,0.9072,0.9072,0.824,0.9072,0.6993,5,2,55032;55033;55034;55037;55038,526,475,24,False,
חוט 2.5,2019,₪/מטר,0.63,0.7182,0.65,0.6597,0.7056,0.63,50,12,55032;55033;55034;55037;55038,526,475,24,False,
חוט 2.5,2020,₪/מטר,0.58,0.78,0.6724,0.6758,0.63,0.78,90,24,55032;55033;55034;55037;55038,526,475,24,False,
חוט 2.5,2021,₪/מטר,0.918,1.003,0.952,0.9564,1.003,0.986,38,11,55032;55033;55034;55037;55038,526,475,24,False,
חוט 2.5,2022,₪/מטר,0.9118,1.08,0.9752,0.9766,0.9752,0.9118,89,18,55032;55033;55034;55037;55038,526,475,24,False,
חוט 2.5,2023,₪/מטר,0.9435,0.9945,0.9555,0.9655,0.9555,0.9805,116,20,55032;55033;55034;55037;55038,526,475,24,False,
חוט 2.5,2024,₪/מטר,0.925,1.1259,1.0552,1.0328,0.925,1.04,68,19,55032;55033;55034;55037;55038,526,475,24,False,
חוט 2.5,2025,₪/מטר,1.0744,1.0744,1.0744,1.0744,1.0744,1.0744,2,1,55032;55033;55034;55037;55038,526,475,24,False,
חוט 2.5,2026,₪/מטר,1.17,1.19,1.19,1.185,1.19,1.17,4,3,55032;55033;55034;55037;55038,526,475,24,False,
צינור מריכב 20 שחור/כתום,2017,₪/מטר,0.76,0.76,0.76,0.76,0.76,0.76,4,1,8600003,65,48,0,False,
צינור מריכב 20 שחור/כתום,2018,₪/מטר,0.67,0.67,0.67,0.67,0.67,0.67,1,1,8600003,65,48,0,False,
צינור מריכב 20 שחור/כתום,2019,₪/מטר,0.59,0.67,0.59,0.6171,0.67,0.59,7,6,8600003,65,48,0,False,
צינור מריכב 20 שחור/כתום,2020,₪/מטר,0.56,0.59,0.56,0.5638,0.59,0.56,8,7,8600003,65,48,0,False,
צינור מריכב 20 שחור/כתום,2021,₪/מטר,0.53,0.57,0.5396,0.5465,0.57,0.5396,3,3,8600003,65,48,0,False,
צינור מריכב 20 שחור/כתום,2022,₪/מטר,0.5904,0.6816,0.6816,0.6425,0.5904,0.6816,7,7,8600003,65,48,0,False,
צינור מריכב 20 שחור/כתום,2023,₪/מטר,0.6816,0.6975,0.6816,0.6869,0.6816,0.6975,3,3,8600003,65,48,0,False,
צינור מריכב 20 שחור/כתום,2024,₪/מטר,0.6696,0.6696,0.6696,0.6696,0.6696,0.6696,5,5,8600003,65,48,0,False,
צינור מריכב 20 שחור/כתום,2026,₪/מטר,0.61,0.67,0.61,0.631,0.67,0.61,10,9,8600003,65,48,0,False,
צינור מריכב 25 שחור/כתום,2019,₪/מטר,1.4,1.4,1.4,1.4,1.4,1.4,1,1,8600004,24,24,0,False,
צינור מריכב 25 שחור/כתום,2021,₪/מטר,1.45,1.45,1.45,1.45,1.45,1.45,1,1,8600004,24,24,0,False,
צינור מריכב 25 שחור/כתום,2022,₪/מטר,1.42,1.562,1.562,1.5137,1.44,1.562,8,6,8600004,24,24,0,False,
צינור מריכב 25 שחור/כתום,2023,₪/מטר,1.562,1.65,1.584,1.584,1.562,1.584,7,5,8600004,24,24,0,False,
צינור מריכב 25 שחור/כתום,2024,₪/מטר,1.4256,1.584,1.4256,1.4573,1.584,1.4256,5,5,8600004,24,24,0,False,
צינור מריכב 25 שחור/כתום,2026,₪/מטר,1.36,1.36,1.36,1.36,1.36,1.36,2,2,8600004,24,24,0,False,
צינור מריכב 20 ירוק/צבעוני,2017,₪/מטר,1,1,1,1,1,1,5,1,8600103;8600108;8600113;8600114,208,146,11,False,
צינור מריכב 20 ירוק/צבעוני,2018,₪/מטר,0.87,0.87,0.87,0.87,0.87,0.87,5,3,8600103;8600108;8600113;8600114,208,146,11,False,
צינור מריכב 20 ירוק/צבעוני,2019,₪/מטר,0.82,0.87,0.82,0.829,0.87,0.82,10,5,8600103;8600108;8600113;8600114,208,146,11,False,
צינור מריכב 20 ירוק/צבעוני,2020,₪/מטר,0.78,1.96,0.78,0.8635,0.86,0.78,22,13,8600103;8600108;8600113;8600114,208,146,11,False,
צינור מריכב 20 ירוק/צבעוני,2021,₪/מטר,0.749,0.8025,0.782,0.7832,0.79,0.8025,22,14,8600103;8600108;8600113;8600114,208,146,11,False,
צינור מריכב 20 ירוק/צבעוני,2022,₪/מטר,0.9975,1.0011,1.0011,1.0007,0.9975,1,12,9,8600103;8600108;8600113;8600114,208,146,11,False,
צינור מריכב 20 ירוק/צבעוני,2023,₪/מטר,0.9576,1.0152,0.9576,0.9698,1.0011,0.9576,19,13,8600103;8600108;8600113;8600114,208,146,11,False,
צינור מריכב 20 ירוק/צבעוני,2024,₪/מטר,0.8784,0.9975,0.9576,0.9456,0.9576,0.9159,34,14,8600103;8600108;8600113;8600114,208,146,11,False,
צינור מריכב 20 ירוק/צבעוני,2025,₪/מטר,0.9,0.9675,0.9288,0.9357,0.9,0.9288,7,4,8600103;8600108;8600113;8600114,208,146,11,False,
צינור מריכב 20 ירוק/צבעוני,2026,₪/מטר,0.89,0.93,0.89,0.902,0.89,0.89,10,4,8600103;8600108;8600113;8600114,208,146,11,False,
צינור מריכב 25 ירוק/צבעוני,2017,₪/מטר,1.8,1.8,1.8,1.8,1.8,1.8,1,1,8600104;8600116;8600119,92,82,8,False,
צינור מריכב 25 ירוק/צבעוני,2018,₪/מטר,1.8,4.452,4.452,3.789,4.452,4.452,4,2,8600104;8600116;8600119,92,82,8,False,
צינור מריכב 25 ירוק/צבעוני,2019,₪/מטר,1.7,1.8,1.8,1.79,1.8,1.8,10,7,8600104;8600116;8600119,92,82,8,False,
צינור מריכב 25 ירוק/צבעוני,2020,₪/מטר,1.7,2.014,1.8,1.7639,1.8,1.8,19,13,8600104;8600116;8600119,92,82,8,False,
צינור מריכב 25 ירוק/צבעוני,2021,₪/מטר,1.8,1.845,1.8,1.815,1.8,1.845,9,7,8600104;8600116;8600119,92,82,8,False,
צינור מריכב 25 ירוק/צבעוני,2022,₪/מטר,1.7466,2.07,1.9596,1.9211,1.7712,1.9596,20,12,8600104;8600116;8600119,92,82,8,False,
צינור מריכב 25 ירוק/צבעוני,2024,₪/מטר,1.9525,2.0625,1.98,1.9857,1.9872,1.9525,11,10,8600104;8600116;8600119,92,82,8,False,
צינור מריכב 25 ירוק/צבעוני,2026,₪/מטר,1.82,1.82,1.82,1.82,1.82,1.82,8,3,8600104;8600116;8600119,92,82,8,False,
קופסה 3 מקום לבטון,2017,₪/יחידה,1.292,1.292,1.292,1.292,1.292,1.292,6,1,1900225;190023;3924403;840001800,89,74,13,False,
קופסה 3 מקום לבטון,2019,₪/יחידה,0.9,0.9,0.9,0.9,0.9,0.9,3,3,1900225;190023;3924403;840001800,89,74,13,False,
קופסה 3 מקום לבטון,2020,₪/יחידה,0.9,1.15,1.02,1.0029,0.9,1.1305,14,12,1900225;190023;3924403;840001800,89,74,13,False,
קופסה 3 מקום לבטון,2021,₪/יחידה,1.144,1.188,1.166,1.166,1.188,1.144,4,4,1900225;190023;3924403;840001800,89,74,13,False,
קופסה 3 מקום לבטון,2022,₪/יחידה,1.12,1.2,1.19,1.1787,1.12,1.2,8,8,1900225;190023;3924403;840001800,89,74,13,False,
קופסה 3 מקום לבטון,2023,₪/יחידה,0.9,1.56,1.15,1.1436,0.9,1.3,15,9,1900225;190023;3924403;840001800,89,74,13,False,
קופסה 3 מקום לבטון,2024,₪/יחידה,0.9,1.35,1.2,1.15,1.35,1.3,10,7,1900225;190023;3924403;840001800,89,74,13,False,
קופסה 3 מקום לבטון,2025,₪/יחידה,1.25,2.25,1.75,1.75,2.25,1.25,2,2,1900225;190023;3924403;840001800,89,74,13,False,
קופסה 3 מקום לבטון,2026,₪/יחידה,1.125,1.13,1.13,1.1296,1.13,1.125,12,7,1900225;190023;3924403;840001800,89,74,13,False,
קופסה 4 מקום לבטון,2017,₪/יחידה,2.492,2.492,2.492,2.492,2.492,2.492,2,1,1900255;840001810,39,37,1,False,
קופסה 4 מקום לבטון,2019,₪/יחידה,2.492,2.492,2.492,2.492,2.492,2.492,3,3,1900255;840001810,39,37,1,False,
קופסה 4 מקום לבטון,2020,₪/יחידה,2.492,2.492,2.492,2.492,2.492,2.492,6,6,1900255;840001810,39,37,1,False,
קופסה 4 מקום לבטון,2021,₪/יחידה,2.2555,2.8,2.4984,2.5225,2.56,2.4984,5,4,1900255;840001810,39,37,1,False,
קופסה 4 מקום לבטון,2022,₪/יחידה,2.304,2.4984,2.4984,2.4498,2.4984,2.4984,4,4,1900255;840001810,39,37,1,False,
קופסה 4 מקום לבטון,2023,₪/יחידה,2.3,2.6025,2.4,2.4439,2.3,2.304,7,5,1900255;840001810,39,37,1,False,
קופסה 4 מקום לבטון,2024,₪/יחידה,2.304,2.4,2.4,2.3808,2.4,2.4,5,5,1900255;840001810,39,37,1,False,
קופסה 4 מקום לבטון,2025,₪/יחידה,2.4,2.4,2.4,2.4,2.4,2.4,1,1,1900255;840001810,39,37,1,False,
קופסה 4 מקום לבטון,2026,₪/יחידה,2.4,2.4,2.4,2.4,2.4,2.4,4,4,1900255;840001810,39,37,1,False,
קופסה 3 מקום פטנט לגבס,2018,₪/יחידה,4,4,4,4,4,4,3,2,190041;840001802;84000385,25,22,0,False,
קופסה 3 מקום פטנט לגבס,2020,₪/יחידה,4,4.375,4,4.0938,4,4,4,4,190041;840001802;84000385,25,22,0,False,
קופסה 3 מקום פטנט לגבס,2021,₪/יחידה,3.9585,5,4.25,4.4028,5,4.25,3,3,190041;840001802;84000385,25,22,0,False,
קופסה 3 מקום פטנט לגבס,2022,₪/יחידה,4.3848,4.5675,4.3848,4.4457,4.3848,4.5675,3,3,190041;840001802;84000385,25,22,0,False,
קופסה 3 מקום פטנט לגבס,2023,₪/יחידה,4.3848,4.3848,4.3848,4.3848,4.3848,4.3848,2,2,190041;840001802;84000385,25,22,0,False,
קופסה 3 מקום פטנט לגבס,2024,₪/יחידה,4.5675,4.5675,4.5675,4.5675,4.5675,4.5675,1,1,190041;840001802;84000385,25,22,0,False,
קופסה 3 מקום פטנט לגבס,2025,₪/יחידה,4.3848,5.685,4.3848,4.6319,4.3848,5.685,6,4,190041;840001802;84000385,25,22,0,False,
קופסה 4 מקום פטנט לגבס,2017,₪/יחידה,7.556,7.556,7.556,7.556,7.556,7.556,1,1,840001811;840001812,37,35,0,False,
קופסה 4 מקום פטנט לגבס,2019,₪/יחידה,6.0448,7.556,6.0448,6.5485,6.0448,7.556,3,3,840001811;840001812,37,35,0,False,
קופסה 4 מקום פטנט לגבס,2020,₪/יחידה,7.556,8,7.556,7.6448,7.556,7.556,10,9,840001811;840001812,37,35,0,False,
קופסה 4 מקום פטנט לגבס,2022,₪/יחידה,7.3656,7.9272,7.3656,7.4592,7.9272,7.3656,6,5,840001811;840001812,37,35,0,False,
קופסה 4 מקום פטנט לגבס,2023,₪/יחידה,7.3656,8.2575,7.3656,7.5162,7.3656,7.3656,10,8,840001811;840001812,37,35,0,False,
קופסה 4 מקום פטנט לגבס,2024,₪/יחידה,7.6725,7.6725,7.6725,7.6725,7.6725,7.6725,2,2,840001811;840001812,37,35,0,False,
קופסה 4 מקום פטנט לגבס,2025,₪/יחידה,7.6725,8.2575,8.2575,8.0625,8.2575,7.6725,3,2,840001811;840001812,37,35,0,False,
כבל 3×1.5,2017,₪/מטר,1.7918,1.8207,1.7918,1.8014,1.8207,1.7918,3,1,5951020;5951021,150,135,13,False,
כבל 3×1.5,2018,₪/מטר,1.8354,1.8354,1.8354,1.8354,1.8354,1.8354,3,3,5951020;5951021,150,135,13,False,
כבל 3×1.5,2019,₪/מטר,1.8144,1.9266,1.848,1.8623,1.9266,1.8144,11,8,5951020;5951021,150,135,13,False,
כבל 3×1.5,2020,₪/מטר,1.56,2.01,1.83,1.7688,1.65,2.01,26,20,5951020;5951021,150,135,13,False,
כבל 3×1.5,2021,₪/מטר,2.2743,2.5172,2.387,2.3967,2.2743,2.5172,17,15,5951020;5951021,150,135,13,False,
כבל 3×1.5,2022,₪/מטר,2.3735,2.86,2.5575,2.523,2.5575,2.3735,28,19,5951020;5951021,150,135,13,False,
כבל 3×1.5,2023,₪/מטר,2.3735,2.7189,2.6163,2.5901,2.5755,2.7189,23,18,5951020;5951021,150,135,13,False,
כבל 3×1.5,2024,₪/מטר,2.3472,2.7378,2.5238,2.5216,2.445,2.7378,18,13,5951020;5951021,150,135,13,False,
כבל 3×1.5,2025,₪/מטר,2.5232,2.5564,2.5564,2.5453,2.5564,2.5232,3,3,5951020;5951021,150,135,13,False,
כבל 3×1.5,2026,₪/מטר,2.85,2.85,2.85,2.85,2.85,2.85,3,3,5951020;5951021,150,135,13,False,
כבל 3×2.5,2017,₪/מטר,2.6901,2.6901,2.6901,2.6901,2.6901,2.6901,1,1,5951060;5951061,93,87,5,False,
כבל 3×2.5,2018,₪/מטר,2.7018,2.7018,2.7018,2.7018,2.7018,2.7018,1,1,5951060;5951061,93,87,5,False,
כבל 3×2.5,2019,₪/מטר,2.485,2.7832,2.6928,2.6454,2.7018,2.485,6,6,5951060;5951061,93,87,5,False,
כבל 3×2.5,2020,₪/מטר,2.3348,2.9421,2.5593,2.5834,2.5685,2.8287,22,18,5951060;5951061,93,87,5,False,
כבל 3×2.5,2021,₪/מטר,3.4083,3.612,3.5475,3.5339,3.4083,3.5475,11,10,5951060;5951061,93,87,5,False,
כבל 3×2.5,2022,₪/מטר,3.5109,4.3505,3.817,3.8175,3.9105,3.6096,17,14,5951060;5951061,93,87,5,False,
כבל 3×2.5,2023,₪/מטר,3.5109,3.9909,3.7812,3.7481,3.5109,3.9909,12,10,5951060;5951061,93,87,5,False,
כבל 3×2.5,2024,₪/מטר,3.5624,4.1391,3.8498,3.849,3.765,4.0369,14,13,5951060;5951061,93,87,5,False,
כבל 3×2.5,2025,₪/מטר,3.8456,3.85,3.8478,3.8478,3.85,3.8456,2,2,5951060;5951061,93,87,5,False,
כבל 3×2.5,2026,₪/מטר,4.38,4.38,4.38,4.38,4.38,4.38,1,1,5951060;5951061,93,87,5,False,
כבל 5×1.5,2019,₪/מטר,2.808,2.86,2.86,2.8427,2.86,2.808,3,3,5951040;5951041,80,77,3,False,
כבל 5×1.5,2020,₪/מטר,2.444,3.149,2.679,2.7368,2.585,3.149,13,10,5951040;5951041,80,77,3,False,
כבל 5×1.5,2021,₪/מטר,3.718,3.9884,3.7856,3.7977,3.9884,3.9208,10,9,5951040;5951041,80,77,3,False,
כבל 5×1.5,2022,₪/מטר,3.6801,4.433,3.9875,3.9222,4.114,3.6801,16,12,5951040;5951041,80,77,3,False,
כבל 5×1.5,2023,₪/מטר,3.871,4.187,4.029,4.0053,3.871,4.029,14,10,5951040;5951041,80,77,3,False,
כבל 5×1.5,2024,₪/מטר,3.85,4.3924,4.1503,4.1187,3.95,4.3659,13,10,5951040;5951041,80,77,3,False,
כבל 5×1.5,2025,₪/מטר,4.0204,4.104,4.0204,4.0483,4.0204,4.0204,3,1,5951040;5951041,80,77,3,False,
כבל 5×1.5,2026,₪/מטר,4.38,4.71,4.55,4.538,4.38,4.5,5,5,5951040;5951041,80,77,3,False,
כבל 5×2.5,2017,₪/מטר,4.2594,4.3281,4.2938,4.2938,4.3281,4.2594,2,1,5951080;5951081,61,58,2,False,
כבל 5×2.5,2019,₪/מטר,3.985,4.3206,4.1528,4.1528,4.3206,3.985,2,2,5951080;5951081,61,58,2,False,
כבל 5×2.5,2020,₪/מטר,3.7336,4.6935,4.0926,4.2125,3.7336,4.667,11,10,5951080;5951081,61,58,2,False,
כבל 5×2.5,2021,₪/מטר,5.22,5.742,5.6133,5.5342,5.22,5.6155,9,8,5951080;5951081,61,58,2,False,
כבל 5×2.5,2022,₪/מטר,5.546,6.561,5.546,5.847,6.171,5.546,9,8,5951080;5951081,61,58,2,False,
כבל 5×2.5,2023,₪/מטר,5.546,6.6935,6.085,6.035,5.546,6.4501,8,7,5951080;5951081,61,58,2,False,
כבל 5×2.5,2024,₪/מטר,5.7794,6.5175,6.085,6.1394,6.085,6.5175,13,10,5951080;5951081,61,58,2,False,
כבל 5×2.5,2025,₪/מטר,6.1256,6.1256,6.1256,6.1256,6.1256,6.1256,1,1,5951080;5951081,61,58,2,False,
כבל 5×2.5,2026,₪/מטר,6.93,7.1,7.01,7.0133,7.1,6.93,3,3,5951080;5951081,61,58,2,False,
כבל 5×10,2017,₪/מטר,15.4752,15.4752,15.4752,15.4752,15.4752,15.4752,1,1,5952040;59520401,26,22,1,False,
כבל 5×10,2019,₪/מטר,16.115,16.115,16.115,16.115,16.115,16.115,2,2,5952040;59520401,26,22,1,False,
כבל 5×10,2020,₪/מטר,14.8288,17.7416,17.5875,16.7193,14.8288,17.5875,3,2,5952040;59520401,26,22,1,False,
כבל 5×10,2021,₪/מטר,18.9,21.1365,19.9,19.9591,18.9,19.9,4,3,5952040;59520401,26,22,1,False,
כבל 5×10,2022,₪/מטר,23.6,23.6,23.6,23.6,23.6,23.6,4,1,5952040;59520401,26,22,1,False,
כבל 5×10,2023,₪/מטר,20.1,21.2,20.65,20.65,20.1,21.2,4,2,5952040;59520401,26,22,1,False,
כבל 5×10,2024,₪/מטר,23.17,23.7314,23.7314,23.5443,23.17,23.7314,3,2,5952040;59520401,26,22,1,False,
כבל 5×10,2026,₪/מטר,25.75,25.75,25.75,25.75,25.75,25.75,1,1,5952040;59520401,26,22,1,False,
שקע קורוס,2019,₪/יחידה,3.9,3.9,3.9,3.9,3.9,3.9,4,3,3910281,111,100,1,False,Excluded 9 explicit non-white Koros row(s); all white finishes kept together.
שקע קורוס,2020,₪/יחידה,3.9,3.9,3.9,3.9,3.9,3.9,40,18,3910281,111,100,1,False,Excluded 9 explicit non-white Koros row(s); all white finishes kept together.
שקע קורוס,2021,₪/יחידה,3.9,5.16,3.9,3.9986,3.9,4.7,29,19,3910281,111,100,1,False,Excluded 9 explicit non-white Koros row(s); all white finishes kept together.
שקע קורוס,2022,₪/יחידה,2.8,6.45,3.9,4.0333,3.9,2.8,12,8,3910281,111,100,1,False,Excluded 9 explicit non-white Koros row(s); all white finishes kept together.
שקע קורוס,2023,₪/יחידה,2.8,3.5,3.15,3.15,2.8,3.5,2,2,3910281,111,100,1,False,Excluded 9 explicit non-white Koros row(s); all white finishes kept together.
שקע קורוס,2024,₪/יחידה,3.5,4.2,3.9,3.88,3.5,4.2,5,4,3910281,111,100,1,False,Excluded 9 explicit non-white Koros row(s); all white finishes kept together.
שקע קורוס,2026,₪/יחידה,3.39,3.5,3.5,3.4588,3.5,3.39,8,6,3910281,111,100,1,False,Excluded 9 explicit non-white Koros row(s); all white finishes kept together.
יחיד קורוס,2019,₪/יחידה,3.9,3.9,3.9,3.9,3.9,3.9,3,2,3910001,91,90,0,False,
יחיד קורוס,2020,₪/יחידה,3.9,3.9,3.9,3.9,3.9,3.9,29,20,3910001,91,90,0,False,
יחיד קורוס,2021,₪/יחידה,3.9,6.45,3.9,4.0411,3.9,6.45,27,18,3910001,91,90,0,False,
יחיד קורוס,2022,₪/יחידה,3.9,3.95,3.925,3.925,3.9,3.95,4,4,3910001,91,90,0,False,
יחיד קורוס,2023,₪/יחידה,2.8,3.5,3.5,3.4222,2.8,3.5,9,5,3910001,91,90,0,False,
יחיד קורוס,2024,₪/יחידה,3.5,4.886,3.9,3.8524,3.5,4.2,15,11,3910001,91,90,0,False,
יחיד קורוס,2025,₪/יחידה,4.886,4.886,4.886,4.886,4.886,4.886,1,1,3910001,91,90,0,False,
יחיד קורוס,2026,₪/יחידה,3.39,3.5,3.445,3.445,3.5,3.39,2,2,3910001,91,90,0,False,
חילוף קורוס,2019,₪/יחידה,5.9,5.9,5.9,5.9,5.9,5.9,1,1,3910051,87,83,0,False,
חילוף קורוס,2020,₪/יחידה,5.9,8.8095,5.9,6.0323,5.9,5.9,22,17,3910051,87,83,0,False,
חילוף קורוס,2021,₪/יחידה,5.9,8.96,5.9,6.1059,5.9,8.96,21,15,3910051,87,83,0,False,
חילוף קורוס,2022,₪/יחידה,5.9,6,5.9,5.92,5.9,5.9,5,5,3910051,87,83,0,False,
חילוף קורוס,2023,₪/יחידה,7,7,7,7,7,7,13,8,3910051,87,83,0,False,
חילוף קורוס,2024,₪/יחידה,6.9564,8,7,7.0531,7,8,18,11,3910051,87,83,0,False,
חילוף קורוס,2026,₪/יחידה,5.95,7.67,5.95,6.5233,5.95,7.67,3,3,3910051,87,83,0,False,
מסגרת 1 מקום קורוס,2019,₪/יחידה,2.95,2.95,2.95,2.95,2.95,2.95,1,1,3916101,54,52,0,False,
מסגרת 1 מקום קורוס,2020,₪/יחידה,2.95,4.9,2.95,3.1125,2.95,2.95,12,11,3916101,54,52,0,False,
מסגרת 1 מקום קורוס,2021,₪/יחידה,2.95,4.88,2.95,3.1644,2.95,4.88,9,8,3916101,54,52,0,False,
מסגרת 1 מקום קורוס,2022,₪/יחידה,2.95,2.95,2.95,2.95,2.95,2.95,10,7,3916101,54,52,0,False,
מסגרת 1 מקום קורוס,2023,₪/יחידה,4,4,4,4,4,4,6,5,3916101,54,52,0,False,
מסגרת 1 מקום קורוס,2024,₪/יחידה,2.56,5.43,4,3.9644,4,2.56,11,8,3916101,54,52,0,False,
מסגרת 1 מקום קורוס,2025,₪/יחידה,5.068,5.068,5.068,5.068,5.068,5.068,1,1,3916101,54,52,0,False,
מסגרת 1 מקום קורוס,2026,₪/יחידה,3.39,3.39,3.39,3.39,3.39,3.39,2,1,3916101,54,52,0,False,
מסגרת 2 מקום קורוס,2020,₪/יחידה,2.95,3.63,2.95,3.0118,2.95,2.95,11,10,3916102;3916122,52,52,0,False,
מסגרת 2 מקום קורוס,2021,₪/יחידה,2.95,2.95,2.95,2.95,2.95,2.95,8,7,3916102;3916122,52,52,0,False,
מסגרת 2 מקום קורוס,2022,₪/יחידה,2.95,5.13,2.95,3.1845,2.95,2.95,12,8,3916102;3916122,52,52,0,False,
מסגרת 2 מקום קורוס,2023,₪/יחידה,2.57,4,4,3.7526,4,4,7,7,3916102;3916122,52,52,0,False,
מסגרת 2 מקום קורוס,2024,₪/יחידה,2.56,5.068,4,3.8015,4,2.56,11,7,3916102;3916122,52,52,0,False,
מסגרת 2 מקום קורוס,2025,₪/יחידה,5.068,5.068,5.068,5.068,5.068,5.068,1,1,3916102;3916122,52,52,0,False,
מסגרת 2 מקום קורוס,2026,₪/יחידה,3.39,3.39,3.39,3.39,3.39,3.39,2,1,3916102;3916122,52,52,0,False,
מסגרת 4 מקום קורוס,2020,₪/יחידה,3.95,7.5744,3.95,4.7134,3.95,3.95,13,9,3916104,50,50,0,False,
מסגרת 4 מקום קורוס,2021,₪/יחידה,3.95,4.2,3.95,3.9857,3.95,4.2,7,7,3916104,50,50,0,False,
מסגרת 4 מקום קורוס,2022,₪/יחידה,4.2,6.3975,4.2,4.4284,6.3975,4.4,14,10,3916104,50,50,0,False,
מסגרת 4 מקום קורוס,2023,₪/יחידה,6,6,6,6,6,6,4,4,3916104,50,50,0,False,
מסגרת 4 מקום קורוס,2024,₪/יחידה,6,7.1175,6,6.1956,6,7.1175,9,8,3916104,50,50,0,False,
מסגרת 4 מקום קורוס,2025,₪/יחידה,6.643,6.643,6.643,6.643,6.643,6.643,1,1,3916104,50,50,0,False,
מסגרת 4 מקום קורוס,2026,₪/יחידה,5.2,5.2,5.2,5.2,5.2,5.2,2,1,3916104,50,50,0,False,
מתאם 3 מקום קורוס,2019,₪/יחידה,1.5,1.5,1.5,1.5,1.5,1.5,2,2,3916803,96,88,6,False,
מתאם 3 מקום קורוס,2020,₪/יחידה,1.5,2.6144,1.5,1.5398,1.5,1.5,28,20,3916803,96,88,6,False,
מתאם 3 מקום קורוס,2021,₪/יחידה,1.5,2.33,1.5,1.5567,1.5,2.33,21,18,3916803,96,88,6,False,
מתאם 3 מקום קורוס,2022,₪/יחידה,1.2,1.8,1.5,1.5333,1.5,1.8,9,6,3916803,96,88,6,False,
מתאם 3 מקום קורוס,2023,₪/יחידה,1.71,1.8,1.8,1.7775,1.8,1.8,8,5,3916803,96,88,6,False,
מתאם 3 מקום קורוס,2024,₪/יחידה,1.45,1.98,1.8,1.767,1.848,1.8,18,14,3916803,96,88,6,False,
מתאם 3 מקום קורוס,2025,₪/יחידה,2.55,2.55,2.55,2.55,2.55,2.55,1,1,3916803,96,88,6,False,
מתאם 3 מקום קורוס,2026,₪/יחידה,1.8,1.8,1.8,1.8,1.8,1.8,1,1,3916803,96,88,6,False,
מתאם 4 מקום קורוס,2019,₪/יחידה,3.9,3.9,3.9,3.9,3.9,3.9,1,1,3916804,59,57,1,False,
מתאם 4 מקום קורוס,2020,₪/יחידה,3.9,4.4256,3.9,3.9292,3.9,3.9,18,16,3916804,59,57,1,False,
מתאם 4 מקום קורוס,2021,₪/יחידה,3.9,4.1,3.9,3.9462,3.9,4.1,13,13,3916804,59,57,1,False,
מתאם 4 מקום קורוס,2022,₪/יחידה,4.1,4.1,4.1,4.1,4.1,4.1,7,4,3916804,59,57,1,False,
מתאם 4 מקום קורוס,2023,₪/יחידה,4.1,6,6,5.7889,6,6,9,9,3916804,59,57,1,False,
מתאם 4 מקום קורוס,2024,₪/יחידה,4.1,5.12,4.6,4.56,4.6,5.12,7,7,3916804,59,57,1,False,
מתאם 4 מקום קורוס,2026,₪/יחידה,5.12,5.12,5.12,5.12,5.12,5.12,2,2,3916804,59,57,1,False,
