family,rule_id,horizon,calib_start,calib_end,eval_start,eval_end,selected_threshold,calib_direction_accuracy,signals_total,buy_early_signals,wait_signals,normal_signals,directional_signals,direction_accuracy,buy_early_hit_rate,wait_hit_rate,median_future_change_after_buy,median_future_change_after_wait,average_future_change,median_avoided_cost_buy,median_avoided_cost_wait,median_saving_combined,false_positive_rate,false_negative_rate,baseline_always_buy_acc,baseline_always_wait_acc,baseline_random_acc,baseline_outperformance,sample_quality
N2XY_COPPER_CABLE,RULE_A,30d,2017-10,2021-05,2021-06,2022-06,5.0,0.4167,11,0,3,8,3,0.0,,0.0,,0.0,5.956,,,,1.0,,0.1818,0.0909,0.5,-0.5,LOW_SAMPLE
N2XY_COPPER_CABLE,RULE_A,30d,2020-06,2022-06,2022-07,2023-07,2.0,0.2857,11,6,4,1,10,0.3,0.3333,0.25,0.0,0.0,0.3221,3.1049,2.6663,2.6663,0.7,,0.1818,0.0909,0.5,-0.2,LOW_SAMPLE
N2XY_COPPER_CABLE,RULE_A,30d,2021-06,2023-07,2023-08,2024-07,3.0,0.3125,12,2,1,9,3,0.0,0.0,0.0,0.0,0.0,0.3666,,,,1.0,,0.1667,0.0,0.5,-0.5,LOW_SAMPLE
N2XY_COPPER_CABLE,RULE_A,60d,2017-10,2021-05,2021-06,2022-06,3.0,0.4667,11,3,6,2,9,0.3333,0.3333,0.3333,0.0,0.0,12.5235,72.3104,0.0681,0.0681,0.6667,,0.2727,0.0909,0.5,-0.1667,LOW_SAMPLE
N2XY_COPPER_CABLE,RULE_A,60d,2020-06,2022-06,2022-07,2023-07,2.0,0.4091,11,6,4,1,10,0.4,0.3333,0.5,0.0,-1.3331,0.2733,4.1692,2.6663,2.6663,0.6,,0.1818,0.1818,0.5,-0.1,LOW_SAMPLE
N2XY_COPPER_CABLE,RULE_A,60d,2021-06,2023-07,2023-08,2024-07,5.0,0.4444,12,2,1,9,3,0.0,0.0,0.0,0.0,0.0,0.7338,,,,1.0,,0.3333,0.0,0.5,-0.5,LOW_SAMPLE
N2XY_COPPER_CABLE,RULE_A,90d,2017-10,2021-05,2021-06,2022-06,5.0,0.5455,11,1,2,8,3,0.6667,0.0,1.0,-4.0005,-1.3672,18.4846,,1.3672,1.3672,0.3333,,0.3636,0.2727,0.5,0.1667,LOW_SAMPLE
N2XY_COPPER_CABLE,RULE_A,90d,2020-06,2022-06,2022-07,2023-07,5.0,0.5833,11,2,3,6,5,0.8,1.0,0.6667,5.2307,-2.6663,0.8299,5.2307,2.6663,3.4163,0.2,,0.3636,0.1818,0.5,0.3,LOW_SAMPLE
N2XY_COPPER_CABLE,RULE_A,90d,2021-06,2023-07,2023-08,2024-07,5.0,0.75,12,2,1,9,3,0.0,0.0,0.0,0.0,2.5979,1.1545,,,,1.0,,0.5,0.0,0.5,-0.5,LOW_SAMPLE
N2XY_COPPER_CABLE,RULE_B,30d,2017-10,2021-05,2021-06,2022-06,3.0,0.4,11,3,3,5,6,0.3333,0.6667,0.0,4.1671,0.0,5.956,34.7922,,34.7922,0.6667,,0.1818,0.0909,0.5,-0.1667,LOW_SAMPLE
N2XY_COPPER_CABLE,RULE_B,30d,2020-06,2022-06,2022-07,2023-07,2.0,0.3333,11,4,5,2,9,0.2222,0.25,0.2,0.0,0.0,0.3221,4.1664,2.6663,3.4163,0.7778,,0.1818,0.0909,0.5,-0.2778,LOW_SAMPLE
N2XY_COPPER_CABLE,RULE_B,30d,2021-06,2023-07,2023-08,2024-07,3.0,0.3077,12,4,2,6,6,0.1667,0.25,0.0,0.0,0.0,0.3666,0.3224,,0.3224,0.8333,,0.1667,0.0,0.5,-0.3333,LOW_SAMPLE
N2XY_COPPER_CABLE,RULE_B,60d,2017-10,2021-05,2021-06,2022-06,3.0,0.5333,11,4,3,4,7,0.4286,0.5,0.3333,32.7087,0.0,12.5235,68.8639,0.0681,65.4173,0.5714,,0.2727,0.0909,0.5,-0.0714,LOW_SAMPLE
N2XY_COPPER_CABLE,RULE_B,60d,2020-06,2022-06,2022-07,2023-07,3.0,0.4737,11,2,5,4,7,0.4286,0.5,0.4,3.1475,0.0,0.2733,6.295,2.6663,2.6663,0.5714,,0.1818,0.1818,0.5,-0.0714,LOW_SAMPLE
N2XY_COPPER_CABLE,RULE_B,60d,2021-06,2023-07,2023-08,2024-07,5.0,0.5,12,3,1,8,4,0.0,0.0,0.0,0.0,0.0,0.7338,,,,1.0,,0.3333,0.0,0.5,-0.5,LOW_SAMPLE
N2XY_COPPER_CABLE,RULE_B,90d,2017-10,2021-05,2021-06,2022-06,3.0,0.5714,11,4,3,4,7,0.5714,0.5,0.6667,32.6746,-0.0681,18.4846,68.8639,1.3672,34.0418,0.4286,,0.3636,0.2727,0.5,0.0714,LOW_SAMPLE
N2XY_COPPER_CABLE,RULE_B,90d,2020-06,2022-06,2022-07,2023-07,3.0,0.5789,11,3,4,4,7,0.5714,0.6667,0.5,4.1664,-1.3331,0.8299,5.2307,2.6663,3.4163,0.4286,,0.3636,0.1818,0.5,0.0714,LOW_SAMPLE
N2XY_COPPER_CABLE,RULE_B,90d,2021-06,2023-07,2023-08,2024-07,5.0,0.75,12,3,1,8,4,0.25,0.3333,0.0,0.0,2.5979,1.1545,2.1203,,2.1203,0.75,,0.5,0.0,0.5,-0.25,LOW_SAMPLE
N2XY_COPPER_CABLE,RULE_C,30d,2017-10,2021-05,2021-06,2022-06,2.0,0.25,11,2,2,7,4,0.0,0.0,0.0,0.0,32.7087,5.956,,,,1.0,,0.1818,0.0909,0.5,-0.5,LOW_SAMPLE
N2XY_COPPER_CABLE,RULE_C,30d,2020-06,2022-06,2022-07,2023-07,2.0,0.2222,11,5,1,5,6,0.5,0.4,1.0,0.0,-2.6663,0.3221,3.1049,2.6663,2.6663,0.5,,0.1818,0.0909,0.5,0.0,LOW_SAMPLE
N2XY_COPPER_CABLE,RULE_C,30d,2021-06,2023-07,2023-08,2024-07,3.0,0.4,12,2,1,9,3,0.3333,0.5,0.0,0.9785,0.0,0.3666,1.957,,1.957,0.6667,,0.1667,0.0,0.5,-0.1667,LOW_SAMPLE
N2XY_COPPER_CABLE,RULE_C,60d,2017-10,2021-05,2021-06,2022-06,2.0,0.4286,11,3,2,6,5,0.0,0.0,0.0,0.0,32.7087,12.5235,,,,1.0,,0.2727,0.0909,0.5,-0.5,LOW_SAMPLE
N2XY_COPPER_CABLE,RULE_C,60d,2020-06,2022-06,2022-07,2023-07,2.0,0.3,11,5,2,4,7,0.4286,0.4,0.5,0.0,-1.3331,0.2733,4.1692,2.6663,2.6663,0.5714,,0.1818,0.1818,0.5,-0.0714,LOW_SAMPLE
N2XY_COPPER_CABLE,RULE_C,60d,2021-06,2023-07,2023-08,2024-07,3.0,0.4,12,2,1,9,3,0.3333,0.5,0.0,0.9785,0.0,0.7338,1.957,,1.957,0.6667,,0.3333,0.0,0.5,-0.1667,LOW_SAMPLE
N2XY_COPPER_CABLE,RULE_C,90d,2017-10,2021-05,2021-06,2022-06,2.0,0.4286,11,3,1,7,4,0.0,0.0,0.0,-2.6663,65.4173,18.4846,,,,1.0,,0.3636,0.2727,0.5,-0.5,LOW_SAMPLE
N2XY_COPPER_CABLE,RULE_C,90d,2020-06,2022-06,2022-07,2023-07,2.0,0.3333,11,4,2,5,6,0.5,0.5,0.5,1.0217,0.7501,0.8299,4.1692,2.6663,2.6663,0.5,,0.3636,0.1818,0.5,0.0,LOW_SAMPLE
N2XY_COPPER_CABLE,RULE_C,90d,2021-06,2023-07,2023-08,2024-07,3.0,0.5,12,2,1,9,3,0.3333,0.5,0.0,0.9785,2.1203,1.1545,1.957,,1.957,0.6667,,0.5,0.0,0.5,-0.1667,LOW_SAMPLE
N2XY_COPPER_CABLE,RULE_D,30d,2017-10,2021-05,2021-06,2022-06,2.0,,11,0,0,11,0,,,,,,5.956,,,,,,0.1818,0.0909,0.5,-0.5,LOW_SAMPLE
N2XY_COPPER_CABLE,RULE_D,30d,2020-06,2022-06,2022-07,2023-07,2.0,,11,0,0,11,0,,,,,,0.3221,,,,,,0.1818,0.0909,0.5,-0.5,LOW_SAMPLE
N2XY_COPPER_CABLE,RULE_D,30d,2021-06,2023-07,2023-08,2024-07,2.0,,12,0,0,12,0,,,,,,0.3666,,,,,,0.1667,0.0,0.5,-0.5,LOW_SAMPLE
N2XY_COPPER_CABLE,RULE_D,60d,2017-10,2021-05,2021-06,2022-06,2.0,,11,0,0,11,0,,,,,,12.5235,,,,,,0.2727,0.0909,0.5,-0.5,LOW_SAMPLE
N2XY_COPPER_CABLE,RULE_D,60d,2020-06,2022-06,2022-07,2023-07,2.0,,11,0,0,11,0,,,,,,0.2733,,,,,,0.1818,0.1818,0.5,-0.5,LOW_SAMPLE
N2XY_COPPER_CABLE,RULE_D,60d,2021-06,2023-07,2023-08,2024-07,2.0,,12,0,0,12,0,,,,,,0.7338,,,,,,0.3333,0.0,0.5,-0.5,LOW_SAMPLE
N2XY_COPPER_CABLE,RULE_D,90d,2017-10,2021-05,2021-06,2022-06,2.0,,11,0,0,11,0,,,,,,18.4846,,,,,,0.3636,0.2727,0.5,-0.5,LOW_SAMPLE
N2XY_COPPER_CABLE,RULE_D,90d,2020-06,2022-06,2022-07,2023-07,2.0,,11,0,0,11,0,,,,,,0.8299,,,,,,0.3636,0.1818,0.5,-0.5,LOW_SAMPLE
N2XY_COPPER_CABLE,RULE_D,90d,2021-06,2023-07,2023-08,2024-07,2.0,,12,0,0,12,0,,,,,,1.1545,,,,,,0.5,0.0,0.5,-0.5,LOW_SAMPLE
N2XY_COPPER_CABLE,RULE_E,30d,2017-10,2021-05,2021-06,2022-06,3.0,0.4545,11,0,0,11,0,,,,,,5.956,,,,,,0.1818,0.0909,0.5,-0.5,LOW_SAMPLE
N2XY_COPPER_CABLE,RULE_E,30d,2020-06,2022-06,2022-07,2023-07,5.0,0.375,11,1,2,8,3,0.6667,1.0,0.5,4.1664,-1.3331,0.3221,4.1664,2.6663,3.4163,0.3333,,0.1818,0.0909,0.5,0.1667,LOW_SAMPLE
N2XY_COPPER_CABLE,RULE_E,30d,2021-06,2023-07,2023-08,2024-07,3.0,0.6667,12,2,1,9,3,0.0,0.0,0.0,0.0,0.0,0.3666,,,,1.0,,0.1667,0.0,0.5,-0.5,LOW_SAMPLE
N2XY_COPPER_CABLE,RULE_E,60d,2017-10,2021-05,2021-06,2022-06,5.0,0.5,11,0,0,11,0,,,,,,12.5235,,,,,,0.2727,0.0909,0.5,-0.5,LOW_SAMPLE
N2XY_COPPER_CABLE,RULE_E,60d,2020-06,2022-06,2022-07,2023-07,5.0,0.5,11,1,2,8,3,1.0,1.0,1.0,6.295,-2.6663,0.2733,6.295,2.6663,2.6663,0.0,,0.1818,0.1818,0.5,0.5,LOW_SAMPLE
N2XY_COPPER_CABLE,RULE_E,60d,2021-06,2023-07,2023-08,2024-07,5.0,1.0,12,2,0,10,2,0.0,0.0,,0.0,,0.7338,,,,1.0,,0.3333,0.0,0.5,-0.5,LOW_SAMPLE
N2XY_COPPER_CABLE,RULE_E,90d,2017-10,2021-05,2021-06,2022-06,2.0,0.5833,11,3,2,6,5,0.6,0.3333,1.0,-4.0005,-1.3672,18.4846,72.3104,1.3672,2.6663,0.4,,0.3636,0.2727,0.5,0.1,LOW_SAMPLE
N2XY_COPPER_CABLE,RULE_E,90d,2020-06,2022-06,2022-07,2023-07,2.0,0.6,11,3,3,5,6,0.6667,0.6667,0.6667,4.1664,-2.6663,0.8299,5.2307,2.6663,3.4163,0.3333,,0.3636,0.1818,0.5,0.1667,LOW_SAMPLE
N2XY_COPPER_CABLE,RULE_E,90d,2021-06,2023-07,2023-08,2024-07,5.0,1.0,12,2,0,10,2,0.0,0.0,,0.0,,1.1545,,,,1.0,,0.5,0.0,0.5,-0.5,LOW_SAMPLE
N2XY_COPPER_CABLE,RULE_F,30d,2017-10,2021-05,2021-06,2022-06,3.0,0.4545,11,0,2,9,2,0.0,,0.0,,0.0,5.956,,,,1.0,,0.1818,0.0909,0.5,-0.5,LOW_SAMPLE
N2XY_COPPER_CABLE,RULE_F,30d,2020-06,2022-06,2022-07,2023-07,5.0,0.4,11,2,2,7,4,0.5,0.5,0.5,2.0832,-1.3331,0.3221,4.1664,2.6663,3.4163,0.5,,0.1818,0.0909,0.5,0.0,LOW_SAMPLE
N2XY_COPPER_CABLE,RULE_F,30d,2021-06,2023-07,2023-08,2024-07,5.0,0.5,12,2,1,9,3,0.0,0.0,0.0,0.0,0.0,0.3666,,,,1.0,,0.1667,0.0,0.5,-0.5,LOW_SAMPLE
N2XY_COPPER_CABLE,RULE_F,60d,2017-10,2021-05,2021-06,2022-06,5.0,0.6,11,0,0,11,0,,,,,,12.5235,,,,,,0.2727,0.0909,0.5,-0.5,LOW_SAMPLE
N2XY_COPPER_CABLE,RULE_F,60d,2020-06,2022-06,2022-07,2023-07,5.0,0.6,11,2,2,7,4,0.75,0.5,1.0,3.1475,-2.6663,0.2733,6.295,2.6663,2.6663,0.25,,0.1818,0.1818,0.5,0.25,LOW_SAMPLE
N2XY_COPPER_CABLE,RULE_F,60d,2021-06,2023-07,2023-08,2024-07,5.0,0.75,12,2,1,9,3,0.0,0.0,0.0,0.0,0.0,0.7338,,,,1.0,,0.3333,0.0,0.5,-0.5,LOW_SAMPLE
N2XY_COPPER_CABLE,RULE_F,90d,2017-10,2021-05,2021-06,2022-06,2.0,0.6364,11,2,3,6,5,0.4,0.5,0.3333,34.155,4.0961,18.4846,72.3104,0.0681,36.1892,0.6,,0.3636,0.2727,0.5,-0.1,LOW_SAMPLE
N2XY_COPPER_CABLE,RULE_F,90d,2020-06,2022-06,2022-07,2023-07,5.0,0.6,11,1,2,8,3,1.0,1.0,1.0,6.295,-2.6663,0.8299,6.295,2.6663,2.6663,0.0,,0.3636,0.1818,0.5,0.5,LOW_SAMPLE
N2XY_COPPER_CABLE,RULE_F,90d,2021-06,2023-07,2023-08,2024-07,5.0,1.0,12,2,1,9,3,0.0,0.0,0.0,0.0,2.1203,1.1545,,,,1.0,,0.5,0.0,0.5,-0.5,LOW_SAMPLE
N2XY_COPPER_CABLE,RULE_G,30d,2017-10,2021-05,2021-06,2022-06,5.0,0.3846,11,3,1,7,4,0.25,0.3333,0.0,0.0,0.0,5.956,4.1671,,4.1671,0.75,,0.1818,0.0909,0.5,-0.25,LOW_SAMPLE
N2XY_COPPER_CABLE,RULE_G,30d,2020-06,2022-06,2022-07,2023-07,3.0,0.3529,11,2,5,4,7,0.2857,0.5,0.2,2.0832,0.0,0.3221,4.1664,2.6663,3.4163,0.7143,,0.1818,0.0909,0.5,-0.2143,LOW_SAMPLE
N2XY_COPPER_CABLE,RULE_G,30d,2021-06,2023-07,2023-08,2024-07,3.0,0.3571,12,5,3,4,8,0.25,0.4,0.0,0.0,0.0,0.3666,1.1397,,1.1397,0.75,,0.1667,0.0,0.5,-0.25,LOW_SAMPLE
N2XY_COPPER_CABLE,RULE_G,60d,2017-10,2021-05,2021-06,2022-06,3.0,0.4,11,5,2,4,7,0.4286,0.4,0.5,0.0,-0.0341,12.5235,68.8639,0.0681,65.4173,0.5714,,0.2727,0.0909,0.5,-0.0714,LOW_SAMPLE
N2XY_COPPER_CABLE,RULE_G,60d,2020-06,2022-06,2022-07,2023-07,3.0,0.4118,11,2,6,3,8,0.375,0.5,0.3333,3.1475,0.0,0.2733,6.295,2.6663,2.6663,0.625,,0.1818,0.1818,0.5,-0.125,LOW_SAMPLE
N2XY_COPPER_CABLE,RULE_G,60d,2021-06,2023-07,2023-08,2024-07,3.0,0.4,12,5,3,4,8,0.375,0.6,0.0,0.3224,0.0,0.7338,1.957,,1.957,0.625,,0.3333,0.0,0.5,-0.125,LOW_SAMPLE
N2XY_COPPER_CABLE,RULE_G,90d,2017-10,2021-05,2021-06,2022-06,5.0,0.5,11,4,0,7,4,0.25,0.25,,-2.0343,,18.4846,72.3104,,72.3104,0.75,,0.3636,0.2727,0.5,-0.25,LOW_SAMPLE
N2XY_COPPER_CABLE,RULE_G,90d,2020-06,2022-06,2022-07,2023-07,5.0,0.4615,11,1,5,5,6,0.5,1.0,0.4,6.295,0.0,0.8299,6.295,2.6663,2.6663,0.5,,0.3636,0.1818,0.5,0.0,LOW_SAMPLE
N2XY_COPPER_CABLE,RULE_G,90d,2021-06,2023-07,2023-08,2024-07,3.0,0.4,12,5,3,4,8,0.375,0.6,0.0,0.3224,2.1203,1.1545,1.957,,1.957,0.625,,0.5,0.0,0.5,-0.125,LOW_SAMPLE
N2XY_COPPER_CABLE,RULE_H,30d,2017-10,2021-05,2021-06,2022-06,5.0,0.4545,11,1,0,10,1,1.0,1.0,,4.1671,,5.956,4.1671,,4.1671,0.0,,0.1818,0.0909,0.5,0.5,LOW_SAMPLE
N2XY_COPPER_CABLE,RULE_H,30d,2020-06,2022-06,2022-07,2023-07,5.0,0.4,11,1,2,8,3,0.6667,1.0,0.5,4.1664,-1.3331,0.3221,4.1664,2.6663,3.4163,0.3333,,0.1818,0.0909,0.5,0.1667,LOW_SAMPLE
N2XY_COPPER_CABLE,RULE_H,30d,2021-06,2023-07,2023-08,2024-07,5.0,0.75,12,2,0,10,2,0.0,0.0,,0.0,,0.3666,,,,1.0,,0.1667,0.0,0.5,-0.5,LOW_SAMPLE
N2XY_COPPER_CABLE,RULE_H,60d,2017-10,2021-05,2021-06,2022-06,3.0,0.4545,11,4,1,6,5,0.2,0.25,0.0,0.0,0.0,12.5235,72.3104,,72.3104,0.8,,0.2727,0.0909,0.5,-0.3,LOW_SAMPLE
N2XY_COPPER_CABLE,RULE_H,60d,2020-06,2022-06,2022-07,2023-07,5.0,0.4545,11,1,2,8,3,1.0,1.0,1.0,6.295,-2.6663,0.2733,6.295,2.6663,2.6663,0.0,,0.1818,0.1818,0.5,0.5,LOW_SAMPLE
N2XY_COPPER_CABLE,RULE_H,60d,2021-06,2023-07,2023-08,2024-07,5.0,0.8,12,2,0,10,2,0.0,0.0,,0.0,,0.7338,,,,1.0,,0.3333,0.0,0.5,-0.5,LOW_SAMPLE
N2XY_COPPER_CABLE,RULE_H,90d,2017-10,2021-05,2021-06,2022-06,3.0,0.5455,11,4,0,7,4,0.25,0.25,,-2.0343,,18.4846,72.3104,,72.3104,0.75,,0.3636,0.2727,0.5,-0.25,LOW_SAMPLE
N2XY_COPPER_CABLE,RULE_H,90d,2020-06,2022-06,2022-07,2023-07,5.0,0.5455,11,1,2,8,3,1.0,1.0,1.0,6.295,-2.6663,0.8299,6.295,2.6663,2.6663,0.0,,0.3636,0.1818,0.5,0.5,LOW_SAMPLE
N2XY_COPPER_CABLE,RULE_H,90d,2021-06,2023-07,2023-08,2024-07,5.0,0.8,12,2,0,10,2,0.0,0.0,,0.0,,1.1545,,,,1.0,,0.5,0.0,0.5,-0.5,LOW_SAMPLE
COPPER_WIRE,RULE_A,30d,2017-10,2021-06,2021-07,2022-07,5.0,0.2727,11,0,4,7,4,0.0,,0.0,,0.0,0.3802,,,,1.0,,0.0909,0.0,0.5,-0.5,LOW_SAMPLE
COPPER_WIRE,RULE_A,30d,2020-06,2022-07,2022-08,2023-08,5.0,0.1818,11,1,2,8,3,0.0,0.0,0.0,0.0,0.0,0.0,,,,1.0,,0.0,0.0,0.5,-0.5,LOW_SAMPLE
COPPER_WIRE,RULE_A,30d,2021-07,2023-08,2023-09,2024-08,3.0,0.0625,12,2,2,8,4,0.25,0.5,0.0,1.8055,0.0,1.2237,3.6109,,3.6109,0.75,,0.25,0.0833,0.5,-0.25,LOW_SAMPLE
COPPER_WIRE,RULE_A,60d,2017-10,2021-06,2021-07,2022-07,5.0,0.5455,11,1,4,6,5,0.0,0.0,0.0,0.0,0.0,0.7605,,,,1.0,,0.1818,0.0,0.5,-0.5,LOW_SAMPLE
COPPER_WIRE,RULE_A,60d,2020-06,2022-07,2022-08,2023-08,5.0,0.4167,11,2,2,7,4,0.0,0.0,0.0,0.0,0.0,0.3373,,,,1.0,,0.0909,0.0,0.5,-0.5,LOW_SAMPLE
COPPER_WIRE,RULE_A,60d,2021-07,2023-08,2023-09,2024-08,2.0,0.1,12,2,3,7,5,0.2,0.5,0.0,1.8055,0.0,2.3703,3.6109,,3.6109,0.8,,0.4167,0.0833,0.5,-0.3,LOW_SAMPLE
COPPER_WIRE,RULE_A,90d,2017-10,2021-06,2021-07,2022-07,5.0,0.6,11,1,3,7,4,0.0,0.0,0.0,0.0,0.0,1.1408,,,,1.0,,0.2727,0.0,0.5,-0.5,LOW_SAMPLE
COPPER_WIRE,RULE_A,90d,2020-06,2022-07,2022-08,2023-08,5.0,0.5,11,2,2,7,4,0.0,0.0,0.0,0.0,0.0,0.6747,,,,1.0,,0.1818,0.0,0.5,-0.5,LOW_SAMPLE
COPPER_WIRE,RULE_A,90d,2021-07,2023-08,2023-09,2024-08,2.0,0.1579,12,2,3,7,5,0.4,0.5,0.3333,1.8055,2.604,3.5117,3.6109,1.5769,2.5939,0.6,,0.5833,0.0833,0.5,-0.1833,LOW_SAMPLE
COPPER_WIRE,RULE_B,30d,2017-10,2021-06,2021-07,2022-07,5.0,0.1818,11,0,4,7,4,0.0,,0.0,,0.0,0.3802,,,,1.0,,0.0909,0.0,0.5,-0.5,LOW_SAMPLE
COPPER_WIRE,RULE_B,30d,2020-06,2022-07,2022-08,2023-08,3.0,0.2353,11,2,4,5,6,0.0,0.0,0.0,0.0,0.0,0.0,,,,1.0,,0.0,0.0,0.5,-0.5,LOW_SAMPLE
COPPER_WIRE,RULE_B,30d,2021-07,2023-08,2023-09,2024-08,3.0,0.1667,12,4,3,5,7,0.2857,0.5,0.0,1.8055,0.0,1.2237,6.2751,,6.2751,0.7143,,0.25,0.0833,0.5,-0.2143,LOW_SAMPLE
COPPER_WIRE,RULE_B,60d,2017-10,2021-06,2021-07,2022-07,5.0,0.4545,11,0,4,7,4,0.0,,0.0,,0.0,0.7605,,,,1.0,,0.1818,0.0,0.5,-0.5,LOW_SAMPLE
COPPER_WIRE,RULE_B,60d,2020-06,2022-07,2022-08,2023-08,3.0,0.3889,11,2,4,5,6,0.0,0.0,0.0,0.0,0.0,0.3373,,,,1.0,,0.0909,0.0,0.5,-0.5,LOW_SAMPLE
COPPER_WIRE,RULE_B,60d,2021-07,2023-08,2023-09,2024-08,3.0,0.1538,12,4,3,5,7,0.2857,0.5,0.0,1.8055,0.0,2.3703,8.2419,,8.2419,0.7143,,0.4167,0.0833,0.5,-0.2143,LOW_SAMPLE
COPPER_WIRE,RULE_B,90d,2017-10,2021-06,2021-07,2022-07,5.0,0.5455,11,0,4,7,4,0.0,,0.0,,0.0,1.1408,,,,1.0,,0.2727,0.0,0.5,-0.5,LOW_SAMPLE
COPPER_WIRE,RULE_B,90d,2020-06,2022-07,2022-08,2023-08,5.0,0.4615,11,2,2,7,4,0.0,0.0,0.0,0.0,0.0,0.6747,,,,1.0,,0.1818,0.0,0.5,-0.5,LOW_SAMPLE
COPPER_WIRE,RULE_B,90d,2021-07,2023-08,2023-09,2024-08,2.0,0.1765,12,5,4,3,9,0.2222,0.4,0.0,0.0,2.604,3.5117,8.2419,,8.2419,0.7778,,0.5833,0.0833,0.5,-0.3611,LOW_SAMPLE
COPPER_WIRE,RULE_C,30d,2017-10,2021-06,2021-07,2022-07,3.0,0.25,11,2,0,9,2,0.0,0.0,,0.0,,0.3802,,,,1.0,,0.0909,0.0,0.5,-0.5,LOW_SAMPLE
COPPER_WIRE,RULE_C,30d,2020-06,2022-07,2022-08,2023-08,2.0,0.0,11,5,1,5,6,0.0,0.0,0.0,0.0,0.0,0.0,,,,1.0,,0.0,0.0,0.5,-0.5,LOW_SAMPLE
COPPER_WIRE,RULE_C,30d,2021-07,2023-08,2023-09,2024-08,2.0,0.0,12,4,3,5,7,0.2857,0.5,0.0,1.8055,0.0,1.2237,3.6609,,3.6609,0.7143,,0.25,0.0833,0.5,-0.2143,LOW_SAMPLE
COPPER_WIRE,RULE_C,60d,2017-10,2021-06,2021-07,2022-07,2.0,0.2857,11,4,2,5,6,0.0,0.0,0.0,0.0,0.0169,0.7605,,,,1.0,,0.1818,0.0,0.5,-0.5,LOW_SAMPLE
COPPER_WIRE,RULE_C,60d,2020-06,2022-07,2022-08,2023-08,2.0,0.1,11,5,2,4,7,0.1429,0.2,0.0,0.0,0.0,0.3373,3.7108,,3.7108,0.8571,,0.0909,0.0,0.5,-0.3571,LOW_SAMPLE
COPPER_WIRE,RULE_C,60d,2021-07,2023-08,2023-09,2024-08,2.0,0.0769,12,4,3,5,7,0.4286,0.5,0.3333,1.8055,0.0,2.3703,3.6609,1.5769,3.6109,0.5714,,0.4167,0.0833,0.5,-0.0714,LOW_SAMPLE
COPPER_WIRE,RULE_C,90d,2017-10,2021-06,2021-07,2022-07,2.0,0.125,11,4,1,6,5,0.0,0.0,0.0,0.0,0.0338,1.1408,,,,1.0,,0.2727,0.0,0.5,-0.5,LOW_SAMPLE
COPPER_WIRE,RULE_C,90d,2020-06,2022-07,2022-08,2023-08,2.0,0.1,11,4,2,5,6,0.1667,0.25,0.0,0.0,0.0,0.6747,3.7108,,3.7108,0.8333,,0.1818,0.0,0.5,-0.3333,LOW_SAMPLE
COPPER_WIRE,RULE_C,90d,2021-07,2023-08,2023-09,2024-08,2.0,0.0909,12,4,3,5,7,0.4286,0.5,0.3333,1.8055,7.2213,3.5117,3.6609,1.5769,3.6109,0.5714,,0.5833,0.0833,0.5,-0.1548,LOW_SAMPLE
COPPER_WIRE,RULE_D,30d,2017-10,2021-06,2021-07,2022-07,2.0,,11,0,0,11,0,,,,,,0.3802,,,,,,0.0909,0.0,0.5,-0.5,LOW_SAMPLE
COPPER_WIRE,RULE_D,30d,2020-06,2022-07,2022-08,2023-08,2.0,,11,0,0,11,0,,,,,,0.0,,,,,,0.0,0.0,0.5,-0.5,LOW_SAMPLE
COPPER_WIRE,RULE_D,30d,2021-07,2023-08,2023-09,2024-08,2.0,,12,0,0,12,0,,,,,,1.2237,,,,,,0.25,0.0833,0.5,-0.5,LOW_SAMPLE
COPPER_WIRE,RULE_D,60d,2017-10,2021-06,2021-07,2022-07,2.0,,11,0,0,11,0,,,,,,0.7605,,,,,,0.1818,0.0,0.5,-0.5,LOW_SAMPLE
COPPER_WIRE,RULE_D,60d,2020-06,2022-07,2022-08,2023-08,2.0,,11,0,0,11,0,,,,,,0.3373,,,,,,0.0909,0.0,0.5,-0.5,LOW_SAMPLE
COPPER_WIRE,RULE_D,60d,2021-07,2023-08,2023-09,2024-08,2.0,,12,0,0,12,0,,,,,,2.3703,,,,,,0.4167,0.0833,0.5,-0.5,LOW_SAMPLE
COPPER_WIRE,RULE_D,90d,2017-10,2021-06,2021-07,2022-07,2.0,,11,0,0,11,0,,,,,,1.1408,,,,,,0.2727,0.0,0.5,-0.5,LOW_SAMPLE
COPPER_WIRE,RULE_D,90d,2020-06,2022-07,2022-08,2023-08,2.0,,11,0,0,11,0,,,,,,0.6747,,,,,,0.1818,0.0,0.5,-0.5,LOW_SAMPLE
COPPER_WIRE,RULE_D,90d,2021-07,2023-08,2023-09,2024-08,2.0,,12,0,0,12,0,,,,,,3.5117,,,,,,0.5833,0.0833,0.5,-0.5833,LOW_SAMPLE
COPPER_WIRE,RULE_E,30d,2017-10,2021-06,2021-07,2022-07,2.0,0.25,11,2,4,5,6,0.1667,0.5,0.0,2.074,0.0,0.3802,4.1481,,4.1481,0.8333,,0.0909,0.0,0.5,-0.3333,LOW_SAMPLE
COPPER_WIRE,RULE_E,30d,2020-06,2022-07,2022-08,2023-08,3.0,0.25,11,1,1,9,2,0.0,0.0,0.0,0.0,0.0,0.0,,,,1.0,,0.0,0.0,0.5,-0.5,LOW_SAMPLE
COPPER_WIRE,RULE_E,30d,2021-07,2023-08,2023-09,2024-08,2.0,0.1,12,2,2,8,4,0.25,0.5,0.0,1.8055,0.0,1.2237,3.6109,,3.6109,0.75,,0.25,0.0833,0.5,-0.25,LOW_SAMPLE
COPPER_WIRE,RULE_E,60d,2017-10,2021-06,2021-07,2022-07,5.0,0.6667,11,0,1,10,1,0.0,,0.0,,0.0,0.7605,,,,1.0,,0.1818,0.0,0.5,-0.5,LOW_SAMPLE
COPPER_WIRE,RULE_E,60d,2020-06,2022-07,2022-08,2023-08,5.0,0.5714,11,1,1,9,2,0.0,0.0,0.0,0.0,0.0,0.3373,,,,1.0,,0.0909,0.0,0.5,-0.5,LOW_SAMPLE
COPPER_WIRE,RULE_E,60d,2021-07,2023-08,2023-09,2024-08,2.0,0.0909,12,2,2,8,4,0.25,0.5,0.0,1.8055,1.302,2.3703,3.6109,,3.6109,0.75,,0.4167,0.0833,0.5,-0.25,LOW_SAMPLE
COPPER_WIRE,RULE_E,90d,2017-10,2021-06,2021-07,2022-07,5.0,0.625,11,0,1,10,1,0.0,,0.0,,0.0,1.1408,,,,1.0,,0.2727,0.0,0.5,-0.5,LOW_SAMPLE
COPPER_WIRE,RULE_E,90d,2020-06,2022-07,2022-08,2023-08,5.0,0.625,11,1,1,9,2,0.0,0.0,0.0,0.0,0.0,0.6747,,,,1.0,,0.1818,0.0,0.5,-0.5,LOW_SAMPLE
COPPER_WIRE,RULE_E,90d,2021-07,2023-08,2023-09,2024-08,2.0,0.0909,12,2,2,8,4,0.25,0.5,0.0,1.8055,2.604,3.5117,3.6109,,3.6109,0.75,,0.5833,0.0833,0.5,-0.3333,LOW_SAMPLE
COPPER_WIRE,RULE_F,30d,2017-10,2021-06,2021-07,2022-07,5.0,0.5,11,0,1,10,1,0.0,,0.0,,0.0,0.3802,,,,1.0,,0.0909,0.0,0.5,-0.5,LOW_SAMPLE
COPPER_WIRE,RULE_F,30d,2020-06,2022-07,2022-08,2023-08,5.0,0.4,11,2,1,8,3,0.0,0.0,0.0,0.0,0.0,0.0,,,,1.0,,0.0,0.0,0.5,-0.5,LOW_SAMPLE
COPPER_WIRE,RULE_F,30d,2021-07,2023-08,2023-09,2024-08,2.0,0.0769,12,4,3,5,7,0.2857,0.5,0.0,1.8055,0.0,1.2237,3.6609,,3.6609,0.7143,,0.25,0.0833,0.5,-0.2143,LOW_SAMPLE
COPPER_WIRE,RULE_F,60d,2017-10,2021-06,2021-07,2022-07,5.0,0.75,11,0,1,10,1,0.0,,0.0,,0.0,0.7605,,,,1.0,,0.1818,0.0,0.5,-0.5,LOW_SAMPLE
COPPER_WIRE,RULE_F,60d,2020-06,2022-07,2022-08,2023-08,5.0,0.6,11,2,1,8,3,0.0,0.0,0.0,0.0,0.0,0.3373,,,,1.0,,0.0909,0.0,0.5,-0.5,LOW_SAMPLE
COPPER_WIRE,RULE_F,60d,2021-07,2023-08,2023-09,2024-08,2.0,0.1538,12,4,3,5,7,0.2857,0.5,0.0,1.8055,0.0,2.3703,3.6609,,3.6609,0.7143,,0.4167,0.0833,0.5,-0.2143,LOW_SAMPLE
COPPER_WIRE,RULE_F,90d,2017-10,2021-06,2021-07,2022-07,5.0,0.75,11,0,1,10,1,0.0,,0.0,,0.0,1.1408,,,,1.0,,0.2727,0.0,0.5,-0.5,LOW_SAMPLE
COPPER_WIRE,RULE_F,90d,2020-06,2022-07,2022-08,2023-08,5.0,0.6,11,1,1,9,2,0.0,0.0,0.0,0.0,0.0,0.6747,,,,1.0,,0.1818,0.0,0.5,-0.5,LOW_SAMPLE
COPPER_WIRE,RULE_F,90d,2021-07,2023-08,2023-09,2024-08,2.0,0.1667,12,4,3,5,7,0.4286,0.5,0.3333,1.8055,2.604,3.5117,3.6609,1.5769,3.6109,0.5714,,0.5833,0.0833,0.5,-0.1548,LOW_SAMPLE
COPPER_WIRE,RULE_G,30d,2017-10,2021-06,2021-07,2022-07,5.0,0.1538,11,2,2,7,4,0.25,0.5,0.0,2.074,0.0,0.3802,4.1481,,4.1481,0.75,,0.0909,0.0,0.5,-0.25,LOW_SAMPLE
COPPER_WIRE,RULE_G,30d,2020-06,2022-07,2022-08,2023-08,3.0,0.25,11,3,4,4,7,0.0,0.0,0.0,0.0,0.0,0.0,,,,1.0,,0.0,0.0,0.5,-0.5,LOW_SAMPLE
COPPER_WIRE,RULE_G,30d,2021-07,2023-08,2023-09,2024-08,3.0,0.1429,12,4,4,4,8,0.375,0.75,0.0,3.6609,0.0,1.2237,3.7108,,3.7108,0.625,,0.25,0.0833,0.5,-0.125,LOW_SAMPLE
COPPER_WIRE,RULE_G,60d,2017-10,2021-06,2021-07,2022-07,5.0,0.3846,11,3,2,6,5,0.2,0.3333,0.0,0.0,0.0,0.7605,4.1833,,4.1833,0.8,,0.1818,0.0,0.5,-0.3,LOW_SAMPLE
COPPER_WIRE,RULE_G,60d,2020-06,2022-07,2022-08,2023-08,5.0,0.4615,11,2,4,5,6,0.1667,0.5,0.0,1.8554,0.0,0.3373,3.7108,,3.7108,0.8333,,0.0909,0.0,0.5,-0.3333,LOW_SAMPLE
COPPER_WIRE,RULE_G,60d,2021-07,2023-08,2023-09,2024-08,3.0,0.2,12,4,4,4,8,0.375,0.75,0.0,3.6609,0.0,2.3703,3.7108,,3.7108,0.625,,0.4167,0.0833,0.5,-0.125,LOW_SAMPLE
COPPER_WIRE,RULE_G,90d,2017-10,2021-06,2021-07,2022-07,3.0,0.5,11,5,2,4,7,0.2857,0.4,0.0,0.0,2.074,1.1408,2.1086,,2.1086,0.7143,,0.2727,0.0,0.5,-0.2143,LOW_SAMPLE
COPPER_WIRE,RULE_G,90d,2020-06,2022-07,2022-08,2023-08,5.0,0.5385,11,2,4,5,6,0.1667,0.5,0.0,1.8554,0.0,0.6747,3.7108,,3.7108,0.8333,,0.1818,0.0,0.5,-0.3333,LOW_SAMPLE
COPPER_WIRE,RULE_G,90d,2021-07,2023-08,2023-09,2024-08,3.0,0.2667,12,4,4,4,8,0.5,0.75,0.25,3.6609,1.302,3.5117,3.7108,1.5769,3.6609,0.5,,0.5833,0.0833,0.5,-0.0833,LOW_SAMPLE
COPPER_WIRE,RULE_H,30d,2017-10,2021-06,2021-07,2022-07,5.0,0.2222,11,1,1,9,2,0.5,1.0,0.0,4.1481,0.0,0.3802,4.1481,,4.1481,0.5,,0.0909,0.0,0.5,0.0,LOW_SAMPLE
COPPER_WIRE,RULE_H,30d,2020-06,2022-07,2022-08,2023-08,5.0,0.3333,11,1,1,9,2,0.0,0.0,0.0,0.0,0.0,0.0,,,,1.0,,0.0,0.0,0.5,-0.5,LOW_SAMPLE
COPPER_WIRE,RULE_H,30d,2021-07,2023-08,2023-09,2024-08,5.0,0.25,12,2,0,10,2,0.5,0.5,,1.8055,,1.2237,3.6109,,3.6109,0.5,,0.25,0.0833,0.5,0.0,LOW_SAMPLE
COPPER_WIRE,RULE_H,60d,2017-10,2021-06,2021-07,2022-07,5.0,0.5556,11,2,1,8,3,0.3333,0.5,0.0,2.0917,0.0,0.7605,4.1833,,4.1833,0.6667,,0.1818,0.0,0.5,-0.1667,LOW_SAMPLE
COPPER_WIRE,RULE_H,60d,2020-06,2022-07,2022-08,2023-08,5.0,0.6,11,1,1,9,2,0.0,0.0,0.0,0.0,0.0,0.3373,,,,1.0,,0.0909,0.0,0.5,-0.5,LOW_SAMPLE
COPPER_WIRE,RULE_H,60d,2021-07,2023-08,2023-09,2024-08,3.0,0.2,12,3,3,6,6,0.3333,0.6667,0.0,3.6109,0.0,2.3703,3.6609,,3.6609,0.6667,,0.4167,0.0833,0.5,-0.1667,LOW_SAMPLE
COPPER_WIRE,RULE_H,90d,2017-10,2021-06,2021-07,2022-07,5.0,0.6,11,2,1,8,3,0.3333,0.5,0.0,2.0917,0.0,1.1408,4.1833,,4.1833,0.6667,,0.2727,0.0,0.5,-0.1667,LOW_SAMPLE
COPPER_WIRE,RULE_H,90d,2020-06,2022-07,2022-08,2023-08,5.0,0.6364,11,1,1,9,2,0.0,0.0,0.0,0.0,0.0,0.6747,,,,1.0,,0.1818,0.0,0.5,-0.5,LOW_SAMPLE
COPPER_WIRE,RULE_H,90d,2021-07,2023-08,2023-09,2024-08,2.0,0.25,12,4,4,4,8,0.375,0.5,0.25,1.8055,1.302,3.5117,3.6609,1.5769,3.6109,0.625,,0.5833,0.0833,0.5,-0.2083,LOW_SAMPLE
