family,rule_id,rule_label,threshold_pct,horizon,regime,stable_threshold_pct,signals_total,buy_early_signals,wait_signals,normal_signals,directional_signals,direction_accuracy,buy_early_hit_rate,wait_hit_rate,median_future_change_after_buy,median_future_change_after_wait,average_future_change,median_avoided_cost_buy,median_avoided_cost_wait,median_saving_combined,false_positive_rate,false_negative_rate,baseline_always_buy_acc,baseline_always_wait_acc,baseline_random_acc,baseline_outperformance,sample_quality
N2XY_COPPER_CABLE,RULE_A,COPPER_ILS 2m momentum,2.0,30d,2020-2022,1.5,31,19,10,2,29,0.3103,0.2632,0.4,0.0,0.0,2.3192,4.1671,1.7894,2.6663,0.6897,,0.129,0.129,0.5,-0.1897,MEDIUM_SAMPLE
N2XY_COPPER_CABLE,RULE_A,COPPER_ILS 2m momentum,2.0,30d,2023-latest,1.5,25,8,8,9,16,0.3125,0.25,0.375,0.0,0.0,0.3184,3.1049,2.1336,2.1336,0.6875,,0.2,0.08,0.5,-0.1875,MEDIUM_SAMPLE
N2XY_COPPER_CABLE,RULE_A,COPPER_ILS 2m momentum,3.0,30d,2020-2022,1.5,31,15,10,6,25,0.32,0.2667,0.4,0.0,0.0,2.3192,5.6562,1.7894,2.6963,0.68,,0.129,0.129,0.5,-0.18,MEDIUM_SAMPLE
N2XY_COPPER_CABLE,RULE_A,COPPER_ILS 2m momentum,3.0,30d,2023-latest,1.5,25,6,6,13,12,0.3333,0.3333,0.3333,0.0,0.0,0.3184,3.1049,1.3893,2.0885,0.6667,,0.2,0.08,0.5,-0.1667,LOW_SAMPLE
N2XY_COPPER_CABLE,RULE_A,COPPER_ILS 2m momentum,5.0,30d,2020-2022,1.5,31,9,7,15,16,0.375,0.3333,0.4286,0.0,0.0,2.3192,7.1453,2.6663,2.6963,0.625,,0.129,0.129,0.5,-0.125,MEDIUM_SAMPLE
N2XY_COPPER_CABLE,RULE_A,COPPER_ILS 2m momentum,5.0,30d,2023-latest,1.5,25,4,4,17,8,0.25,0.25,0.25,0.0,0.0,0.3184,4.1664,2.1336,3.15,0.75,,0.2,0.08,0.5,-0.25,LOW_SAMPLE
N2XY_COPPER_CABLE,RULE_A,COPPER_ILS 2m momentum,2.0,60d,2020-2022,1.5,31,20,10,1,30,0.4,0.35,0.5,0.0,-0.0341,4.9045,7.1453,2.6663,2.6663,0.6,,0.1935,0.2258,0.5,-0.1,MEDIUM_SAMPLE
N2XY_COPPER_CABLE,RULE_A,COPPER_ILS 2m momentum,2.0,60d,2023-latest,1.5,24,7,8,9,15,0.4,0.4286,0.375,0.0,0.0,0.4964,2.0434,2.7649,2.4042,0.6,,0.3333,0.125,0.5,-0.1,MEDIUM_SAMPLE
N2XY_COPPER_CABLE,RULE_A,COPPER_ILS 2m momentum,3.0,60d,2020-2022,1.5,31,16,10,5,26,0.4231,0.375,0.5,0.0,-0.0341,4.9045,7.9709,2.6663,2.6663,0.5769,,0.1935,0.2258,0.5,-0.0769,MEDIUM_SAMPLE
N2XY_COPPER_CABLE,RULE_A,COPPER_ILS 2m momentum,3.0,60d,2023-latest,1.5,24,5,6,13,11,0.3636,0.4,0.3333,0.0,0.0,0.4964,4.1692,1.705,2.4042,0.6364,,0.3333,0.125,0.5,-0.1364,LOW_SAMPLE
N2XY_COPPER_CABLE,RULE_A,COPPER_ILS 2m momentum,5.0,60d,2020-2022,1.5,31,11,7,13,18,0.4444,0.3636,0.5714,0.0,-0.0681,4.9045,7.9709,2.6663,3.1402,0.5556,,0.1935,0.2258,0.5,-0.0556,MEDIUM_SAMPLE
N2XY_COPPER_CABLE,RULE_A,COPPER_ILS 2m momentum,5.0,60d,2023-latest,1.5,24,4,4,16,8,0.25,0.25,0.25,0.0,0.0,0.4964,6.295,2.7649,4.53,0.75,,0.3333,0.125,0.5,-0.25,LOW_SAMPLE
N2XY_COPPER_CABLE,RULE_A,COPPER_ILS 2m momentum,2.0,90d,2020-2022,1.5,31,20,9,2,29,0.4828,0.45,0.5556,0.0,-0.0681,7.8005,7.1453,2.6663,2.6663,0.5172,,0.3226,0.2581,0.5,-0.0172,MEDIUM_SAMPLE
N2XY_COPPER_CABLE,RULE_A,COPPER_ILS 2m momentum,2.0,90d,2023-latest,1.5,23,7,7,9,14,0.4286,0.5714,0.2857,1.957,0.0,0.6232,2.0002,3.965,2.4042,0.5714,,0.4348,0.1304,0.5,-0.0714,LOW_SAMPLE
N2XY_COPPER_CABLE,RULE_A,COPPER_ILS 2m momentum,3.0,90d,2020-2022,1.5,31,16,9,6,25,0.52,0.5,0.5556,0.3944,-0.0681,7.8005,7.9709,2.6663,2.6663,0.48,,0.3226,0.2581,0.5,0.02,MEDIUM_SAMPLE
N2XY_COPPER_CABLE,RULE_A,COPPER_ILS 2m momentum,3.0,90d,2023-latest,1.5,23,5,5,13,10,0.3,0.4,0.2,0.0,0.0,0.6232,4.1692,2.7649,2.7649,0.7,,0.4348,0.1304,0.5,-0.2,LOW_SAMPLE
N2XY_COPPER_CABLE,RULE_A,COPPER_ILS 2m momentum,5.0,90d,2020-2022,1.5,31,11,6,14,17,0.6471,0.5455,0.8333,1.6955,-1.7894,7.8005,7.9709,2.6663,2.6663,0.3529,,0.3226,0.2581,0.5,0.1471,MEDIUM_SAMPLE
N2XY_COPPER_CABLE,RULE_A,COPPER_ILS 2m momentum,5.0,90d,2023-latest,1.5,23,4,4,15,8,0.25,0.25,0.25,0.0,1.2989,0.6232,6.295,2.7649,4.53,0.75,,0.4348,0.1304,0.5,-0.25,LOW_SAMPLE
N2XY_COPPER_CABLE,RULE_B,COPPER_USD 2m momentum,2.0,30d,2020-2022,1.5,31,19,10,2,29,0.3448,0.3158,0.4,0.0,0.0,2.3192,5.6562,1.7894,2.6963,0.6552,,0.129,0.129,0.5,-0.1552,MEDIUM_SAMPLE
N2XY_COPPER_CABLE,RULE_B,COPPER_USD 2m momentum,2.0,30d,2023-latest,1.5,25,9,7,9,16,0.1875,0.2222,0.1429,0.0,0.0,0.3184,2.2444,2.1336,2.1336,0.8125,,0.2,0.08,0.5,-0.3125,MEDIUM_SAMPLE
N2XY_COPPER_CABLE,RULE_B,COPPER_USD 2m momentum,3.0,30d,2020-2022,1.5,31,16,8,7,24,0.375,0.375,0.375,0.0,0.0,2.3192,5.6562,2.6663,2.7264,0.625,,0.129,0.129,0.5,-0.125,MEDIUM_SAMPLE
N2XY_COPPER_CABLE,RULE_B,COPPER_USD 2m momentum,3.0,30d,2023-latest,1.5,25,7,6,12,13,0.2308,0.2857,0.1667,0.0,0.0,0.3184,2.2444,2.1336,2.1336,0.7692,,0.2,0.08,0.5,-0.2692,LOW_SAMPLE
N2XY_COPPER_CABLE,RULE_B,COPPER_USD 2m momentum,5.0,30d,2020-2022,1.5,31,11,7,13,18,0.3333,0.2727,0.4286,0.0,0.0,2.3192,7.1453,2.6663,2.6963,0.6667,,0.129,0.129,0.5,-0.1667,MEDIUM_SAMPLE
N2XY_COPPER_CABLE,RULE_B,COPPER_USD 2m momentum,5.0,30d,2023-latest,1.5,25,5,4,16,9,0.2222,0.2,0.25,0.0,0.0,0.3184,4.1664,2.1336,3.15,0.7778,,0.2,0.08,0.5,-0.2778,LOW_SAMPLE
N2XY_COPPER_CABLE,RULE_B,COPPER_USD 2m momentum,2.0,60d,2020-2022,1.5,31,20,10,1,30,0.4333,0.4,0.5,0.0,-0.0341,4.9045,7.9709,2.6663,2.6663,0.5667,,0.1935,0.2258,0.5,-0.0667,MEDIUM_SAMPLE
N2XY_COPPER_CABLE,RULE_B,COPPER_USD 2m momentum,2.0,60d,2023-latest,1.5,24,8,7,9,15,0.2,0.25,0.1429,0.0,0.0,0.4964,3.3087,2.7649,2.7649,0.8,,0.3333,0.125,0.5,-0.3,MEDIUM_SAMPLE
N2XY_COPPER_CABLE,RULE_B,COPPER_USD 2m momentum,3.0,60d,2020-2022,1.5,31,17,8,6,25,0.48,0.4706,0.5,0.0,-0.0341,4.9045,7.9709,2.6663,3.1402,0.52,,0.1935,0.2258,0.5,-0.02,MEDIUM_SAMPLE
N2XY_COPPER_CABLE,RULE_B,COPPER_USD 2m momentum,3.0,60d,2023-latest,1.5,24,6,6,12,12,0.25,0.3333,0.1667,0.0,0.0,0.4964,3.3087,2.7649,2.7649,0.75,,0.3333,0.125,0.5,-0.25,LOW_SAMPLE
N2XY_COPPER_CABLE,RULE_B,COPPER_USD 2m momentum,5.0,60d,2020-2022,1.5,31,12,7,12,19,0.4737,0.4167,0.5714,0.0,-0.0681,4.9045,7.1453,2.6663,2.6663,0.5263,,0.1935,0.2258,0.5,-0.0263,MEDIUM_SAMPLE
N2XY_COPPER_CABLE,RULE_B,COPPER_USD 2m momentum,5.0,60d,2023-latest,1.5,24,5,4,15,9,0.2222,0.2,0.25,0.0,0.0,0.4964,6.295,2.7649,4.53,0.7778,,0.3333,0.125,0.5,-0.2778,LOW_SAMPLE
N2XY_COPPER_CABLE,RULE_B,COPPER_USD 2m momentum,2.0,90d,2020-2022,1.5,31,21,8,2,29,0.5172,0.4762,0.625,0.0,-0.4903,7.8005,7.9709,2.6663,2.6663,0.4828,,0.3226,0.2581,0.5,0.0172,MEDIUM_SAMPLE
N2XY_COPPER_CABLE,RULE_B,COPPER_USD 2m momentum,2.0,90d,2023-latest,1.5,23,8,7,8,15,0.3333,0.5,0.1429,0.1612,0.0,0.6232,2.0386,2.7649,2.1203,0.6667,,0.4348,0.1304,0.5,-0.1667,MEDIUM_SAMPLE
N2XY_COPPER_CABLE,RULE_B,COPPER_USD 2m momentum,3.0,90d,2020-2022,1.5,31,18,7,6,25,0.6,0.5556,0.7143,0.7888,-0.9125,7.8005,7.9709,2.6663,2.6663,0.4,,0.3226,0.2581,0.5,0.1,MEDIUM_SAMPLE
N2XY_COPPER_CABLE,RULE_B,COPPER_USD 2m momentum,3.0,90d,2023-latest,1.5,23,6,6,11,12,0.3333,0.5,0.1667,0.1612,0.0,0.6232,2.1203,2.7649,2.4426,0.6667,,0.4348,0.1304,0.5,-0.1667,LOW_SAMPLE
N2XY_COPPER_CABLE,RULE_B,COPPER_USD 2m momentum,5.0,90d,2020-2022,1.5,31,12,7,12,19,0.6316,0.5833,0.7143,1.2421,-0.9125,7.8005,7.1453,2.6663,2.6663,0.3684,,0.3226,0.2581,0.5,0.1316,MEDIUM_SAMPLE
N2XY_COPPER_CABLE,RULE_B,COPPER_USD 2m momentum,5.0,90d,2023-latest,1.5,23,5,4,14,9,0.3333,0.4,0.25,0.0,1.2989,0.6232,4.2076,2.7649,2.7649,0.6667,,0.4348,0.1304,0.5,-0.1667,LOW_SAMPLE
N2XY_COPPER_CABLE,RULE_C,USD_ILS 2m momentum,2.0,30d,2020-2022,1.5,31,6,7,18,13,0.2308,0.1667,0.2857,0.0,0.0,2.3192,7.1453,3.8055,4.9446,0.7692,,0.129,0.129,0.5,-0.2692,LOW_SAMPLE
N2XY_COPPER_CABLE,RULE_C,USD_ILS 2m momentum,2.0,30d,2023-latest,1.5,25,8,5,12,13,0.3846,0.375,0.4,0.0,0.0,0.3184,2.0434,1.3893,2.0434,0.6154,,0.2,0.08,0.5,-0.1154,LOW_SAMPLE
N2XY_COPPER_CABLE,RULE_C,USD_ILS 2m momentum,3.0,30d,2020-2022,1.5,31,4,4,23,8,0.125,0.0,0.25,0.0,0.0,2.3192,,2.6663,2.6663,0.875,,0.129,0.129,0.5,-0.375,LOW_SAMPLE
N2XY_COPPER_CABLE,RULE_C,USD_ILS 2m momentum,3.0,30d,2023-latest,1.5,25,3,2,20,5,0.6,0.6667,0.5,1.957,-1.0668,0.3184,2.0002,2.1336,2.0434,0.4,,0.2,0.08,0.5,0.1,LOW_SAMPLE
N2XY_COPPER_CABLE,RULE_C,USD_ILS 2m momentum,5.0,30d,2020-2022,1.5,31,2,0,29,2,0.0,0.0,,0.0,,2.3192,,,,1.0,,0.129,0.129,0.5,-0.5,LOW_SAMPLE
N2XY_COPPER_CABLE,RULE_C,USD_ILS 2m momentum,5.0,30d,2023-latest,1.5,25,1,1,23,2,0.0,0.0,0.0,0.0,0.0,0.3184,,,,1.0,,0.2,0.08,0.5,-0.5,LOW_SAMPLE
N2XY_COPPER_CABLE,RULE_C,USD_ILS 2m momentum,2.0,60d,2020-2022,1.5,31,7,8,16,15,0.2667,0.1429,0.375,0.0,0.0,4.9045,16.5703,4.0895,4.517,0.7333,,0.1935,0.2258,0.5,-0.2333,MEDIUM_SAMPLE
N2XY_COPPER_CABLE,RULE_C,USD_ILS 2m momentum,2.0,60d,2023-latest,1.5,24,8,5,11,13,0.4615,0.5,0.4,0.9785,0.0,0.4964,2.0002,1.705,2.0002,0.5385,,0.3333,0.125,0.5,-0.0385,LOW_SAMPLE
N2XY_COPPER_CABLE,RULE_C,USD_ILS 2m momentum,3.0,60d,2020-2022,1.5,31,4,4,23,8,0.25,0.0,0.5,0.0,-1.3331,4.9045,,3.8055,3.8055,0.75,,0.1935,0.2258,0.5,-0.25,LOW_SAMPLE
N2XY_COPPER_CABLE,RULE_C,USD_ILS 2m momentum,3.0,60d,2023-latest,1.5,24,3,2,19,5,0.6,0.6667,0.5,1.957,-1.3825,0.4964,2.0002,2.7649,2.0434,0.4,,0.3333,0.125,0.5,0.1,LOW_SAMPLE
N2XY_COPPER_CABLE,RULE_C,USD_ILS 2m momentum,5.0,60d,2020-2022,1.5,31,2,0,29,2,0.0,0.0,,0.0,,4.9045,,,,1.0,,0.1935,0.2258,0.5,-0.5,LOW_SAMPLE
N2XY_COPPER_CABLE,RULE_C,USD_ILS 2m momentum,5.0,60d,2023-latest,1.5,24,1,1,22,2,0.0,0.0,0.0,0.0,0.0,0.4964,,,,1.0,,0.3333,0.125,0.5,-0.5,LOW_SAMPLE
N2XY_COPPER_CABLE,RULE_C,USD_ILS 2m momentum,2.0,90d,2020-2022,1.5,31,7,7,17,14,0.2857,0.1429,0.4286,-0.9125,0.0,7.8005,16.5703,4.0895,4.0895,0.7143,,0.3226,0.2581,0.5,-0.2143,LOW_SAMPLE
N2XY_COPPER_CABLE,RULE_C,USD_ILS 2m momentum,2.0,90d,2023-latest,1.5,23,8,4,11,12,0.4167,0.5,0.25,0.9785,1.2213,0.6232,2.0002,2.7649,2.0434,0.5833,,0.4348,0.1304,0.5,-0.0833,LOW_SAMPLE
N2XY_COPPER_CABLE,RULE_C,USD_ILS 2m momentum,3.0,90d,2020-2022,1.5,31,4,4,23,8,0.25,0.0,0.5,-0.4563,-1.3331,7.8005,,3.3779,3.3779,0.75,,0.3226,0.2581,0.5,-0.25,LOW_SAMPLE
N2XY_COPPER_CABLE,RULE_C,USD_ILS 2m momentum,3.0,90d,2023-latest,1.5,23,3,2,18,5,0.6,0.6667,0.5,1.957,-0.3223,0.6232,2.0002,2.7649,2.0434,0.4,,0.4348,0.1304,0.5,0.1,LOW_SAMPLE
N2XY_COPPER_CABLE,RULE_C,USD_ILS 2m momentum,5.0,90d,2020-2022,1.5,31,1,0,30,1,0.0,0.0,,-2.6663,,7.8005,,,,1.0,,0.3226,0.2581,0.5,-0.5,LOW_SAMPLE
N2XY_COPPER_CABLE,RULE_C,USD_ILS 2m momentum,5.0,90d,2023-latest,1.5,23,1,1,21,2,0.0,0.0,0.0,0.0,2.1203,0.6232,,,,1.0,,0.4348,0.1304,0.5,-0.5,LOW_SAMPLE
N2XY_COPPER_CABLE,RULE_D,CBS 2m momentum,2.0,30d,2020-2022,1.5,31,0,0,31,0,,,,,,2.3192,,,,,,0.129,0.129,0.5,-0.5,LOW_SAMPLE
N2XY_COPPER_CABLE,RULE_D,CBS 2m momentum,2.0,30d,2023-latest,1.5,25,2,0,23,2,0.0,0.0,,-0.3226,,0.3184,,,,1.0,,0.2,0.08,0.5,-0.5,LOW_SAMPLE
N2XY_COPPER_CABLE,RULE_D,CBS 2m momentum,3.0,30d,2020-2022,1.5,31,0,0,31,0,,,,,,2.3192,,,,,,0.129,0.129,0.5,-0.5,LOW_SAMPLE
N2XY_COPPER_CABLE,RULE_D,CBS 2m momentum,3.0,30d,2023-latest,1.5,25,1,0,24,1,0.0,0.0,,0.0,,0.3184,,,,1.0,,0.2,0.08,0.5,-0.5,LOW_SAMPLE
N2XY_COPPER_CABLE,RULE_D,CBS 2m momentum,5.0,30d,2020-2022,1.5,31,0,0,31,0,,,,,,2.3192,,,,,,0.129,0.129,0.5,-0.5,LOW_SAMPLE
N2XY_COPPER_CABLE,RULE_D,CBS 2m momentum,5.0,30d,2023-latest,1.5,25,0,0,25,0,,,,,,0.3184,,,,,,0.2,0.08,0.5,-0.5,LOW_SAMPLE
N2XY_COPPER_CABLE,RULE_D,CBS 2m momentum,2.0,60d,2020-2022,1.5,31,0,0,31,0,,,,,,4.9045,,,,,,0.1935,0.2258,0.5,-0.5,LOW_SAMPLE
N2XY_COPPER_CABLE,RULE_D,CBS 2m momentum,2.0,60d,2023-latest,1.5,24,1,0,23,1,0.0,0.0,,-0.6451,,0.4964,,,,1.0,,0.3333,0.125,0.5,-0.5,LOW_SAMPLE
N2XY_COPPER_CABLE,RULE_D,CBS 2m momentum,3.0,60d,2020-2022,1.5,31,0,0,31,0,,,,,,4.9045,,,,,,0.1935,0.2258,0.5,-0.5,LOW_SAMPLE
N2XY_COPPER_CABLE,RULE_D,CBS 2m momentum,3.0,60d,2023-latest,1.5,24,0,0,24,0,,,,,,0.4964,,,,,,0.3333,0.125,0.5,-0.5,LOW_SAMPLE
N2XY_COPPER_CABLE,RULE_D,CBS 2m momentum,5.0,60d,2020-2022,1.5,31,0,0,31,0,,,,,,4.9045,,,,,,0.1935,0.2258,0.5,-0.5,LOW_SAMPLE
N2XY_COPPER_CABLE,RULE_D,CBS 2m momentum,5.0,60d,2023-latest,1.5,24,0,0,24,0,,,,,,0.4964,,,,,,0.3333,0.125,0.5,-0.5,LOW_SAMPLE
N2XY_COPPER_CABLE,RULE_D,CBS 2m momentum,2.0,90d,2020-2022,1.5,31,0,0,31,0,,,,,,7.8005,,,,,,0.3226,0.2581,0.5,-0.5,LOW_SAMPLE
N2XY_COPPER_CABLE,RULE_D,CBS 2m momentum,2.0,90d,2023-latest,1.5,23,0,0,23,0,,,,,,0.6232,,,,,,0.4348,0.1304,0.5,-0.5,LOW_SAMPLE
N2XY_COPPER_CABLE,RULE_D,CBS 2m momentum,3.0,90d,2020-2022,1.5,31,0,0,31,0,,,,,,7.8005,,,,,,0.3226,0.2581,0.5,-0.5,LOW_SAMPLE
N2XY_COPPER_CABLE,RULE_D,CBS 2m momentum,3.0,90d,2023-latest,1.5,23,0,0,23,0,,,,,,0.6232,,,,,,0.4348,0.1304,0.5,-0.5,LOW_SAMPLE
N2XY_COPPER_CABLE,RULE_D,CBS 2m momentum,5.0,90d,2020-2022,1.5,31,0,0,31,0,,,,,,7.8005,,,,,,0.3226,0.2581,0.5,-0.5,LOW_SAMPLE
N2XY_COPPER_CABLE,RULE_D,CBS 2m momentum,5.0,90d,2023-latest,1.5,23,0,0,23,0,,,,,,0.6232,,,,,,0.4348,0.1304,0.5,-0.5,LOW_SAMPLE
N2XY_COPPER_CABLE,RULE_E,COPPER_ILS + CBS,2.0,30d,2020-2022,1.5,31,13,7,11,20,0.35,0.3077,0.4286,0.0,0.0,2.3192,5.6562,2.6663,2.7264,0.65,,0.129,0.129,0.5,-0.15,MEDIUM_SAMPLE
N2XY_COPPER_CABLE,RULE_E,COPPER_ILS + CBS,2.0,30d,2023-latest,1.5,25,5,4,16,9,0.2222,0.2,0.25,0.0,0.0,0.3184,4.1664,2.1336,3.15,0.7778,,0.2,0.08,0.5,-0.2778,LOW_SAMPLE
N2XY_COPPER_CABLE,RULE_E,COPPER_ILS + CBS,3.0,30d,2020-2022,1.5,31,9,4,18,13,0.4615,0.3333,0.75,0.0,-1.7894,2.3192,7.1453,2.6663,2.6963,0.5385,,0.129,0.129,0.5,-0.0385,LOW_SAMPLE
N2XY_COPPER_CABLE,RULE_E,COPPER_ILS + CBS,3.0,30d,2023-latest,1.5,25,5,3,17,8,0.25,0.2,0.3333,0.0,0.0,0.3184,4.1664,2.1336,3.15,0.75,,0.2,0.08,0.5,-0.25,LOW_SAMPLE
N2XY_COPPER_CABLE,RULE_E,COPPER_ILS + CBS,5.0,30d,2020-2022,1.5,31,8,3,20,11,0.4545,0.375,0.6667,0.0,-0.9125,2.3192,7.1453,1.7894,2.6663,0.5455,,0.129,0.129,0.5,-0.0455,LOW_SAMPLE
N2XY_COPPER_CABLE,RULE_E,COPPER_ILS + CBS,5.0,30d,2023-latest,1.5,25,3,0,22,3,0.3333,0.3333,,0.0,,0.3184,4.1664,,4.1664,0.6667,,0.2,0.08,0.5,-0.1667,LOW_SAMPLE
N2XY_COPPER_CABLE,RULE_E,COPPER_ILS + CBS,2.0,60d,2020-2022,1.5,31,14,7,10,21,0.4762,0.4286,0.5714,0.0,-0.0681,4.9045,7.9709,2.6663,3.1402,0.5238,,0.1935,0.2258,0.5,-0.0238,MEDIUM_SAMPLE
N2XY_COPPER_CABLE,RULE_E,COPPER_ILS + CBS,2.0,60d,2023-latest,1.5,24,4,4,16,8,0.25,0.25,0.25,0.0,0.0,0.4964,6.295,2.7649,4.53,0.75,,0.3333,0.125,0.5,-0.25,LOW_SAMPLE
N2XY_COPPER_CABLE,RULE_E,COPPER_ILS + CBS,3.0,60d,2020-2022,1.5,31,11,4,16,15,0.4667,0.3636,0.75,0.0,-2.6663,4.9045,7.9709,2.6663,3.6141,0.5333,,0.1935,0.2258,0.5,-0.0333,MEDIUM_SAMPLE
N2XY_COPPER_CABLE,RULE_E,COPPER_ILS + CBS,3.0,60d,2023-latest,1.5,24,4,3,17,7,0.2857,0.25,0.3333,0.0,0.0,0.4964,6.295,2.7649,4.53,0.7143,,0.3333,0.125,0.5,-0.2143,LOW_SAMPLE
N2XY_COPPER_CABLE,RULE_E,COPPER_ILS + CBS,5.0,60d,2020-2022,1.5,31,8,2,21,10,0.6,0.5,1.0,0.4498,-2.6663,4.9045,7.9709,2.6663,4.9058,0.4,,0.1935,0.2258,0.5,0.1,LOW_SAMPLE
N2XY_COPPER_CABLE,RULE_E,COPPER_ILS + CBS,5.0,60d,2023-latest,1.5,24,3,0,21,3,0.3333,0.3333,,0.0,,0.4964,6.295,,6.295,0.6667,,0.3333,0.125,0.5,-0.1667,LOW_SAMPLE
N2XY_COPPER_CABLE,RULE_E,COPPER_ILS + CBS,2.0,90d,2020-2022,1.5,31,15,6,10,21,0.619,0.5333,0.8333,0.7888,-1.7894,7.8005,7.9709,2.6663,2.6663,0.381,,0.3226,0.2581,0.5,0.119,MEDIUM_SAMPLE
N2XY_COPPER_CABLE,RULE_E,COPPER_ILS + CBS,2.0,90d,2023-latest,1.5,23,4,4,15,8,0.25,0.25,0.25,0.0,1.2989,0.6232,6.295,2.7649,4.53,0.75,,0.4348,0.1304,0.5,-0.25,LOW_SAMPLE
N2XY_COPPER_CABLE,RULE_E,COPPER_ILS + CBS,3.0,90d,2020-2022,1.5,31,11,4,16,15,0.6,0.5455,0.75,1.6955,-1.7894,7.8005,7.9709,2.6663,4.1664,0.4,,0.3226,0.2581,0.5,0.1,MEDIUM_SAMPLE
N2XY_COPPER_CABLE,RULE_E,COPPER_ILS + CBS,3.0,90d,2023-latest,1.5,23,4,3,16,7,0.2857,0.25,0.3333,0.0,2.5979,0.6232,6.295,2.7649,4.53,0.7143,,0.4348,0.1304,0.5,-0.2143,LOW_SAMPLE
N2XY_COPPER_CABLE,RULE_E,COPPER_ILS + CBS,5.0,90d,2020-2022,1.5,31,8,3,20,11,0.6364,0.5,1.0,0.8478,-2.6663,7.8005,12.6834,2.6663,2.6663,0.3636,,0.3226,0.2581,0.5,0.1364,LOW_SAMPLE
N2XY_COPPER_CABLE,RULE_E,COPPER_ILS + CBS,5.0,90d,2023-latest,1.5,23,3,0,20,3,0.3333,0.3333,,0.0,,0.6232,6.295,,6.295,0.6667,,0.4348,0.1304,0.5,-0.1667,LOW_SAMPLE
N2XY_COPPER_CABLE,RULE_F,COPPER_ILS + USD_ILS,2.0,30d,2020-2022,1.5,31,13,8,10,21,0.381,0.3077,0.5,0.0,-0.0341,2.3192,5.6562,1.7894,2.6963,0.619,,0.129,0.129,0.5,-0.119,MEDIUM_SAMPLE
N2XY_COPPER_CABLE,RULE_F,COPPER_ILS + USD_ILS,2.0,30d,2023-latest,1.5,25,8,6,11,14,0.3571,0.375,0.3333,0.0,0.0,0.3184,2.0434,1.3893,2.0434,0.6429,,0.2,0.08,0.5,-0.1429,LOW_SAMPLE
N2XY_COPPER_CABLE,RULE_F,COPPER_ILS + USD_ILS,3.0,30d,2020-2022,1.5,31,10,6,15,16,0.375,0.3,0.5,0.0,-0.4563,2.3192,7.1453,2.6663,2.6963,0.625,,0.129,0.129,0.5,-0.125,MEDIUM_SAMPLE
N2XY_COPPER_CABLE,RULE_F,COPPER_ILS + USD_ILS,3.0,30d,2023-latest,1.5,25,6,5,14,11,0.3636,0.3333,0.4,0.0,0.0,0.3184,3.1049,1.3893,2.0885,0.6364,,0.2,0.08,0.5,-0.1364,LOW_SAMPLE
N2XY_COPPER_CABLE,RULE_F,COPPER_ILS + USD_ILS,5.0,30d,2020-2022,1.5,31,6,2,23,8,0.375,0.3333,0.5,0.0,-1.3331,2.3192,7.9709,2.6663,7.1453,0.625,,0.129,0.129,0.5,-0.125,LOW_SAMPLE
N2XY_COPPER_CABLE,RULE_F,COPPER_ILS + USD_ILS,5.0,30d,2023-latest,1.5,25,3,2,20,5,0.4,0.3333,0.5,0.0,-1.0668,0.3184,4.1664,2.1336,3.15,0.6,,0.2,0.08,0.5,-0.1,LOW_SAMPLE
N2XY_COPPER_CABLE,RULE_F,COPPER_ILS + USD_ILS,2.0,60d,2020-2022,1.5,31,13,7,11,20,0.55,0.4615,0.7143,0.0,-0.0681,4.9045,7.9709,2.6663,2.6663,0.45,,0.1935,0.2258,0.5,0.05,MEDIUM_SAMPLE
N2XY_COPPER_CABLE,RULE_F,COPPER_ILS + USD_ILS,2.0,60d,2023-latest,1.5,24,8,6,10,14,0.4286,0.5,0.3333,0.9785,0.0,0.4964,2.0002,1.705,2.0002,0.5714,,0.3333,0.125,0.5,-0.0714,LOW_SAMPLE
N2XY_COPPER_CABLE,RULE_F,COPPER_ILS + USD_ILS,3.0,60d,2020-2022,1.5,31,10,5,16,15,0.5333,0.4,0.8,0.0,-2.6663,4.9045,7.9709,2.6663,3.1402,0.4667,,0.1935,0.2258,0.5,0.0333,MEDIUM_SAMPLE
N2XY_COPPER_CABLE,RULE_F,COPPER_ILS + USD_ILS,3.0,60d,2023-latest,1.5,24,6,5,13,11,0.3636,0.3333,0.4,0.0,0.0,0.4964,4.1692,1.705,2.4042,0.6364,,0.3333,0.125,0.5,-0.1364,LOW_SAMPLE
N2XY_COPPER_CABLE,RULE_F,COPPER_ILS + USD_ILS,5.0,60d,2020-2022,1.5,31,6,2,23,8,0.625,0.5,1.0,3.5726,-2.6663,4.9045,8.7964,2.6663,7.1453,0.375,,0.1935,0.2258,0.5,0.125,LOW_SAMPLE
N2XY_COPPER_CABLE,RULE_F,COPPER_ILS + USD_ILS,5.0,60d,2023-latest,1.5,24,3,2,19,5,0.4,0.3333,0.5,0.0,-1.3825,0.4964,6.295,2.7649,4.53,0.6,,0.3333,0.125,0.5,-0.1,LOW_SAMPLE
N2XY_COPPER_CABLE,RULE_F,COPPER_ILS + USD_ILS,2.0,90d,2020-2022,1.5,31,13,6,12,19,0.5789,0.5385,0.6667,0.7888,-0.4903,7.8005,8.7964,1.7894,2.6663,0.4211,,0.3226,0.2581,0.5,0.0789,MEDIUM_SAMPLE
N2XY_COPPER_CABLE,RULE_F,COPPER_ILS + USD_ILS,2.0,90d,2023-latest,1.5,23,8,5,10,13,0.3846,0.5,0.2,0.9785,2.1203,0.6232,2.0002,2.7649,2.0434,0.6154,,0.4348,0.1304,0.5,-0.1154,LOW_SAMPLE
N2XY_COPPER_CABLE,RULE_F,COPPER_ILS + USD_ILS,3.0,90d,2020-2022,1.5,31,10,4,17,14,0.5714,0.4,1.0,0.0,-1.7894,7.8005,12.6834,1.7894,2.6663,0.4286,,0.3226,0.2581,0.5,0.0714,LOW_SAMPLE
N2XY_COPPER_CABLE,RULE_F,COPPER_ILS + USD_ILS,3.0,90d,2023-latest,1.5,23,6,4,13,10,0.3,0.3333,0.25,0.0,2.3591,0.6232,4.1692,2.7649,2.7649,0.7,,0.4348,0.1304,0.5,-0.2,LOW_SAMPLE
N2XY_COPPER_CABLE,RULE_F,COPPER_ILS + USD_ILS,5.0,90d,2020-2022,1.5,31,5,2,24,7,0.7143,0.6,1.0,8.7964,-2.6663,7.8005,16.5703,2.6663,8.7964,0.2857,,0.3226,0.2581,0.5,0.2143,LOW_SAMPLE
N2XY_COPPER_CABLE,RULE_F,COPPER_ILS + USD_ILS,5.0,90d,2023-latest,1.5,23,3,2,18,5,0.4,0.3333,0.5,0.0,-0.3223,0.6232,6.295,2.7649,4.53,0.6,,0.4348,0.1304,0.5,-0.1,LOW_SAMPLE
N2XY_COPPER_CABLE,RULE_G,COPPER_ILS + OIL,2.0,30d,2020-2022,1.5,31,18,9,4,27,0.3333,0.2778,0.4444,0.0,0.0,2.3192,7.1453,1.7894,2.7264,0.6667,,0.129,0.129,0.5,-0.1667,MEDIUM_SAMPLE
N2XY_COPPER_CABLE,RULE_G,COPPER_ILS + OIL,2.0,30d,2023-latest,1.5,25,9,10,6,19,0.2105,0.3333,0.1,0.0,0.0,0.3184,1.957,2.1336,2.0453,0.7895,,0.2,0.08,0.5,-0.2895,MEDIUM_SAMPLE
N2XY_COPPER_CABLE,RULE_G,COPPER_ILS + OIL,3.0,30d,2020-2022,1.5,31,15,7,9,22,0.4091,0.3333,0.5714,0.0,-0.0681,2.3192,7.1453,1.7894,2.7264,0.5909,,0.129,0.129,0.5,-0.0909,MEDIUM_SAMPLE
N2XY_COPPER_CABLE,RULE_G,COPPER_ILS + OIL,3.0,30d,2023-latest,1.5,25,7,8,10,15,0.2667,0.4286,0.125,0.0,0.0,0.3184,1.957,2.1336,2.0453,0.7333,,0.2,0.08,0.5,-0.2333,MEDIUM_SAMPLE
N2XY_COPPER_CABLE,RULE_G,COPPER_ILS + OIL,5.0,30d,2020-2022,1.5,31,12,6,13,18,0.3889,0.3333,0.5,0.0,-0.4563,2.3192,5.6562,2.6663,2.7264,0.6111,,0.129,0.129,0.5,-0.1111,MEDIUM_SAMPLE
N2XY_COPPER_CABLE,RULE_G,COPPER_ILS + OIL,5.0,30d,2023-latest,1.5,25,5,7,13,12,0.25,0.4,0.1429,0.0,0.0,0.3184,3.0617,2.1336,2.1336,0.75,,0.2,0.08,0.5,-0.25,LOW_SAMPLE
N2XY_COPPER_CABLE,RULE_G,COPPER_ILS + OIL,2.0,60d,2020-2022,1.5,31,17,10,4,27,0.3704,0.3529,0.4,0.0,0.0,4.9045,12.6834,2.6663,5.3797,0.6296,,0.1935,0.2258,0.5,-0.1296,MEDIUM_SAMPLE
N2XY_COPPER_CABLE,RULE_G,COPPER_ILS + OIL,2.0,60d,2023-latest,1.5,24,8,10,6,18,0.2778,0.5,0.1,0.1612,0.0,0.4964,1.957,2.7649,1.957,0.7222,,0.3333,0.125,0.5,-0.2222,MEDIUM_SAMPLE
N2XY_COPPER_CABLE,RULE_G,COPPER_ILS + OIL,3.0,60d,2020-2022,1.5,31,15,8,8,23,0.4348,0.4,0.5,0.0,-0.0341,4.9045,12.6834,2.6663,5.3797,0.5652,,0.1935,0.2258,0.5,-0.0652,MEDIUM_SAMPLE
N2XY_COPPER_CABLE,RULE_G,COPPER_ILS + OIL,3.0,60d,2023-latest,1.5,24,7,8,9,15,0.3333,0.5714,0.125,0.3224,0.0,0.4964,1.957,2.7649,1.957,0.6667,,0.3333,0.125,0.5,-0.1667,MEDIUM_SAMPLE
N2XY_COPPER_CABLE,RULE_G,COPPER_ILS + OIL,5.0,60d,2020-2022,1.5,31,13,6,12,19,0.4211,0.3846,0.5,0.0,-1.3331,4.9045,8.7964,2.6663,5.3797,0.5789,,0.1935,0.2258,0.5,-0.0789,MEDIUM_SAMPLE
N2XY_COPPER_CABLE,RULE_G,COPPER_ILS + OIL,5.0,60d,2023-latest,1.5,24,5,7,12,12,0.3333,0.6,0.1429,1.957,0.0,0.4964,1.957,2.7649,2.361,0.6667,,0.3333,0.125,0.5,-0.1667,LOW_SAMPLE
N2XY_COPPER_CABLE,RULE_G,COPPER_ILS + OIL,2.0,90d,2020-2022,1.5,31,19,9,3,28,0.3571,0.3684,0.3333,0.0,0.0,7.8005,16.5703,2.6663,7.9709,0.6429,,0.3226,0.2581,0.5,-0.1429,MEDIUM_SAMPLE
N2XY_COPPER_CABLE,RULE_G,COPPER_ILS + OIL,2.0,90d,2023-latest,1.5,23,8,10,5,18,0.3333,0.625,0.1,1.1397,0.0327,0.6232,1.957,2.7649,1.957,0.6667,,0.4348,0.1304,0.5,-0.1667,MEDIUM_SAMPLE
N2XY_COPPER_CABLE,RULE_G,COPPER_ILS + OIL,3.0,90d,2020-2022,1.5,31,16,7,8,23,0.4348,0.4375,0.4286,0.0,0.0,7.8005,16.5703,2.6663,7.9709,0.5652,,0.3226,0.2581,0.5,-0.0652,MEDIUM_SAMPLE
N2XY_COPPER_CABLE,RULE_G,COPPER_ILS + OIL,3.0,90d,2023-latest,1.5,23,7,8,8,15,0.4,0.7143,0.125,1.957,0.0327,0.6232,1.957,2.7649,1.957,0.6,,0.4348,0.1304,0.5,-0.1,MEDIUM_SAMPLE
N2XY_COPPER_CABLE,RULE_G,COPPER_ILS + OIL,5.0,90d,2020-2022,1.5,31,13,5,13,18,0.5,0.4615,0.6,0.0,-0.9125,7.8005,12.6834,2.6663,7.1453,0.5,,0.3226,0.2581,0.5,0.0,MEDIUM_SAMPLE
N2XY_COPPER_CABLE,RULE_G,COPPER_ILS + OIL,5.0,90d,2023-latest,1.5,23,5,7,11,12,0.3333,0.6,0.1429,1.957,0.0,0.6232,1.957,2.7649,2.361,0.6667,,0.4348,0.1304,0.5,-0.1667,LOW_SAMPLE
N2XY_COPPER_CABLE,RULE_H,Weighted composite,2.0,30d,2020-2022,1.5,31,15,6,10,21,0.381,0.2667,0.6667,0.0,-0.4903,2.3192,5.6562,1.7894,2.6963,0.619,,0.129,0.129,0.5,-0.119,MEDIUM_SAMPLE
N2XY_COPPER_CABLE,RULE_H,Weighted composite,2.0,30d,2023-latest,1.5,25,9,7,9,16,0.1875,0.2222,0.1429,0.0,0.0,0.3184,3.0617,2.1336,2.1336,0.8125,,0.2,0.08,0.5,-0.3125,MEDIUM_SAMPLE
N2XY_COPPER_CABLE,RULE_H,Weighted composite,3.0,30d,2020-2022,1.5,31,12,5,14,17,0.4118,0.3333,0.6,0.0,-0.9125,2.3192,5.6562,2.6663,2.7264,0.5882,,0.129,0.129,0.5,-0.0882,MEDIUM_SAMPLE
N2XY_COPPER_CABLE,RULE_H,Weighted composite,3.0,30d,2023-latest,1.5,25,5,6,14,11,0.2727,0.4,0.1667,0.0,0.0,0.3184,3.0617,2.1336,2.1336,0.7273,,0.2,0.08,0.5,-0.2273,LOW_SAMPLE
N2XY_COPPER_CABLE,RULE_H,Weighted composite,5.0,30d,2020-2022,1.5,31,10,4,17,14,0.5,0.4,0.75,0.0,-1.7894,2.3192,5.6562,2.6663,2.7264,0.5,,0.129,0.129,0.5,0.0,LOW_SAMPLE
N2XY_COPPER_CABLE,RULE_H,Weighted composite,5.0,30d,2023-latest,1.5,25,3,1,21,4,0.5,0.3333,1.0,0.0,-2.1336,0.3184,4.1664,2.1336,3.15,0.5,,0.2,0.08,0.5,0.0,LOW_SAMPLE
N2XY_COPPER_CABLE,RULE_H,Weighted composite,2.0,60d,2020-2022,1.5,31,15,6,10,21,0.4286,0.3333,0.6667,0.0,-1.3672,4.9045,8.7964,2.6663,3.6141,0.5714,,0.1935,0.2258,0.5,-0.0714,MEDIUM_SAMPLE
N2XY_COPPER_CABLE,RULE_H,Weighted composite,2.0,60d,2023-latest,1.5,24,8,7,9,15,0.2667,0.375,0.1429,0.0,0.0,0.4964,1.957,2.7649,2.361,0.7333,,0.3333,0.125,0.5,-0.2333,MEDIUM_SAMPLE
N2XY_COPPER_CABLE,RULE_H,Weighted composite,3.0,60d,2020-2022,1.5,31,13,5,13,18,0.4444,0.3846,0.6,0.0,-2.6663,4.9045,8.7964,2.6663,5.3797,0.5556,,0.1935,0.2258,0.5,-0.0556,MEDIUM_SAMPLE
N2XY_COPPER_CABLE,RULE_H,Weighted composite,3.0,60d,2023-latest,1.5,24,5,6,13,11,0.3636,0.6,0.1667,1.957,0.0,0.4964,1.957,2.7649,2.361,0.6364,,0.3333,0.125,0.5,-0.1364,LOW_SAMPLE
N2XY_COPPER_CABLE,RULE_H,Weighted composite,5.0,60d,2020-2022,1.5,31,11,4,16,15,0.5333,0.4545,0.75,0.0,-2.6663,4.9045,8.7964,2.6663,5.3797,0.4667,,0.1935,0.2258,0.5,0.0333,MEDIUM_SAMPLE
N2XY_COPPER_CABLE,RULE_H,Weighted composite,5.0,60d,2023-latest,1.5,24,3,1,20,4,0.5,0.3333,1.0,0.0,-2.7649,0.4964,6.295,2.7649,4.53,0.5,,0.3333,0.125,0.5,0.0,LOW_SAMPLE
N2XY_COPPER_CABLE,RULE_H,Weighted composite,2.0,90d,2020-2022,1.5,31,15,5,11,20,0.45,0.4,0.6,0.0,-0.9125,7.8005,12.6834,2.6663,7.1453,0.55,,0.3226,0.2581,0.5,-0.05,MEDIUM_SAMPLE
N2XY_COPPER_CABLE,RULE_H,Weighted composite,2.0,90d,2023-latest,1.5,23,8,7,8,15,0.3333,0.5,0.1429,0.9785,0.0,0.6232,1.957,2.7649,1.957,0.6667,,0.4348,0.1304,0.5,-0.1667,MEDIUM_SAMPLE
N2XY_COPPER_CABLE,RULE_H,Weighted composite,3.0,90d,2020-2022,1.5,31,13,4,14,17,0.5294,0.4615,0.75,0.0,-1.7894,7.8005,12.6834,2.6663,7.1453,0.4706,,0.3226,0.2581,0.5,0.0294,MEDIUM_SAMPLE
N2XY_COPPER_CABLE,RULE_H,Weighted composite,3.0,90d,2023-latest,1.5,23,5,6,12,11,0.3636,0.6,0.1667,1.957,1.0601,0.6232,1.957,2.7649,2.361,0.6364,,0.4348,0.1304,0.5,-0.1364,LOW_SAMPLE
N2XY_COPPER_CABLE,RULE_H,Weighted composite,5.0,90d,2020-2022,1.5,31,11,4,16,15,0.6,0.5455,0.75,1.6955,-1.7894,7.8005,12.6834,2.6663,7.1453,0.4,,0.3226,0.2581,0.5,0.1,MEDIUM_SAMPLE
N2XY_COPPER_CABLE,RULE_H,Weighted composite,5.0,90d,2023-latest,1.5,23,3,1,19,4,0.5,0.3333,1.0,0.0,-2.7649,0.6232,6.295,2.7649,4.53,0.5,,0.4348,0.1304,0.5,0.0,LOW_SAMPLE
COPPER_WIRE,RULE_A,COPPER_ILS 2m momentum,2.0,30d,2020-2022,1.5,29,17,10,2,27,0.1111,0.1765,0.0,0.0,0.0,0.3264,4.1481,,4.1481,0.8889,,0.069,0.0,0.5,-0.3889,MEDIUM_SAMPLE
COPPER_WIRE,RULE_A,COPPER_ILS 2m momentum,2.0,30d,2023-latest,1.5,25,8,8,9,16,0.1875,0.25,0.125,0.0,0.0,0.8989,5.9619,3.1295,3.6109,0.8125,,0.2,0.08,0.5,-0.3125,MEDIUM_SAMPLE
COPPER_WIRE,RULE_A,COPPER_ILS 2m momentum,3.0,30d,2020-2022,1.5,29,13,10,6,23,0.1304,0.2308,0.0,0.0,0.0,0.3264,4.1481,,4.1481,0.8696,,0.069,0.0,0.5,-0.3696,MEDIUM_SAMPLE
COPPER_WIRE,RULE_A,COPPER_ILS 2m momentum,3.0,30d,2023-latest,1.5,25,6,6,13,12,0.25,0.3333,0.1667,0.0,0.0,0.8989,5.9619,3.1295,3.6109,0.75,,0.2,0.08,0.5,-0.25,LOW_SAMPLE
COPPER_WIRE,RULE_A,COPPER_ILS 2m momentum,5.0,30d,2020-2022,1.5,29,7,7,15,14,0.1429,0.2857,0.0,0.0,0.0,0.3264,3.0845,,3.0845,0.8571,,0.069,0.0,0.5,-0.3571,LOW_SAMPLE
COPPER_WIRE,RULE_A,COPPER_ILS 2m momentum,5.0,30d,2023-latest,1.5,25,4,4,17,8,0.25,0.25,0.25,0.0,0.0,0.8989,3.6109,3.1295,3.3702,0.75,,0.2,0.08,0.5,-0.25,LOW_SAMPLE
COPPER_WIRE,RULE_A,COPPER_ILS 2m momentum,2.0,60d,2020-2022,1.5,29,18,10,1,28,0.2143,0.3333,0.0,0.0,0.0,0.7313,3.2295,,3.2295,0.7857,,0.1724,0.0,0.5,-0.2857,MEDIUM_SAMPLE
COPPER_WIRE,RULE_A,COPPER_ILS 2m momentum,2.0,60d,2023-latest,1.5,24,7,8,9,15,0.2667,0.2857,0.25,0.0,0.0,1.5338,3.6609,3.1295,3.3702,0.7333,,0.3333,0.125,0.5,-0.2333,MEDIUM_SAMPLE
COPPER_WIRE,RULE_A,COPPER_ILS 2m momentum,3.0,60d,2020-2022,1.5,29,14,10,5,24,0.25,0.4286,0.0,0.0,0.0,0.7313,3.2295,,3.2295,0.75,,0.1724,0.0,0.5,-0.25,MEDIUM_SAMPLE
COPPER_WIRE,RULE_A,COPPER_ILS 2m momentum,3.0,60d,2023-latest,1.5,24,5,6,13,11,0.1818,0.2,0.1667,0.0,0.0,1.5338,3.6109,3.1295,3.3702,0.8182,,0.3333,0.125,0.5,-0.3182,LOW_SAMPLE
COPPER_WIRE,RULE_A,COPPER_ILS 2m momentum,5.0,60d,2020-2022,1.5,29,9,7,13,16,0.3125,0.5556,0.0,0.0379,0.0,0.7313,2.2756,,2.2756,0.6875,,0.1724,0.0,0.5,-0.1875,MEDIUM_SAMPLE
COPPER_WIRE,RULE_A,COPPER_ILS 2m momentum,5.0,60d,2023-latest,1.5,24,4,4,16,8,0.25,0.25,0.25,0.0,0.0,1.5338,3.6109,3.1295,3.3702,0.75,,0.3333,0.125,0.5,-0.25,LOW_SAMPLE
COPPER_WIRE,RULE_A,COPPER_ILS 2m momentum,2.0,90d,2020-2022,1.5,29,18,9,2,27,0.2593,0.3889,0.0,0.0,0.0,0.9217,2.2756,,2.2756,0.7407,,0.2414,0.0,0.5,-0.2407,MEDIUM_SAMPLE
COPPER_WIRE,RULE_A,COPPER_ILS 2m momentum,2.0,90d,2023-latest,1.5,23,7,7,9,14,0.3571,0.4286,0.2857,0.0,0.0,2.21,3.7108,2.3532,3.6109,0.6429,,0.4783,0.1304,0.5,-0.1429,LOW_SAMPLE
COPPER_WIRE,RULE_A,COPPER_ILS 2m momentum,3.0,90d,2020-2022,1.5,29,14,9,6,23,0.3043,0.5,0.0,0.019,0.0,0.9217,2.2756,,2.2756,0.6957,,0.2414,0.0,0.5,-0.1957,MEDIUM_SAMPLE
COPPER_WIRE,RULE_A,COPPER_ILS 2m momentum,3.0,90d,2023-latest,1.5,23,5,5,13,10,0.1,0.2,0.0,0.0,2.604,2.21,3.6109,,3.6109,0.9,,0.4783,0.1304,0.5,-0.4,LOW_SAMPLE
COPPER_WIRE,RULE_A,COPPER_ILS 2m momentum,5.0,90d,2020-2022,1.5,29,10,6,13,16,0.375,0.6,0.0,0.0379,0.0,0.9217,2.2756,,2.2756,0.625,,0.2414,0.0,0.5,-0.125,MEDIUM_SAMPLE
COPPER_WIRE,RULE_A,COPPER_ILS 2m momentum,5.0,90d,2023-latest,1.5,23,4,4,15,8,0.125,0.25,0.0,0.0,2.604,2.21,3.6109,,3.6109,0.875,,0.4783,0.1304,0.5,-0.375,LOW_SAMPLE
COPPER_WIRE,RULE_B,COPPER_USD 2m momentum,2.0,30d,2020-2022,1.5,29,17,10,2,27,0.1481,0.2353,0.0,0.0,0.0,0.3264,2.093,,2.093,0.8519,,0.069,0.0,0.5,-0.3519,MEDIUM_SAMPLE
COPPER_WIRE,RULE_B,COPPER_USD 2m momentum,2.0,30d,2023-latest,1.5,25,9,7,9,16,0.25,0.3333,0.1429,0.0,0.0,0.8989,8.3128,3.1295,5.9619,0.75,,0.2,0.08,0.5,-0.25,MEDIUM_SAMPLE
COPPER_WIRE,RULE_B,COPPER_USD 2m momentum,3.0,30d,2020-2022,1.5,29,14,8,7,22,0.1818,0.2857,0.0,0.0,0.0,0.3264,2.093,,2.093,0.8182,,0.069,0.0,0.5,-0.3182,MEDIUM_SAMPLE
COPPER_WIRE,RULE_B,COPPER_USD 2m momentum,3.0,30d,2023-latest,1.5,25,7,6,12,13,0.3077,0.4286,0.1667,0.0,0.0,0.8989,8.3128,3.1295,5.9619,0.6923,,0.2,0.08,0.5,-0.1923,LOW_SAMPLE
COPPER_WIRE,RULE_B,COPPER_USD 2m momentum,5.0,30d,2020-2022,1.5,29,9,7,13,16,0.125,0.2222,0.0,0.0,0.0,0.3264,3.0845,,3.0845,0.875,,0.069,0.0,0.5,-0.375,MEDIUM_SAMPLE
COPPER_WIRE,RULE_B,COPPER_USD 2m momentum,5.0,30d,2023-latest,1.5,25,5,4,16,9,0.2222,0.2,0.25,0.0,0.0,0.8989,3.6109,3.1295,3.3702,0.7778,,0.2,0.08,0.5,-0.2778,LOW_SAMPLE
COPPER_WIRE,RULE_B,COPPER_USD 2m momentum,2.0,60d,2020-2022,1.5,29,18,10,1,28,0.25,0.3889,0.0,0.0,0.0,0.7313,2.2756,,2.2756,0.75,,0.1724,0.0,0.5,-0.25,MEDIUM_SAMPLE
COPPER_WIRE,RULE_B,COPPER_USD 2m momentum,2.0,60d,2023-latest,1.5,24,8,7,9,15,0.2,0.25,0.1429,0.0,0.0,1.5338,8.2419,3.1295,3.6109,0.8,,0.3333,0.125,0.5,-0.3,MEDIUM_SAMPLE
COPPER_WIRE,RULE_B,COPPER_USD 2m momentum,3.0,60d,2020-2022,1.5,29,15,8,6,23,0.3043,0.4667,0.0,0.0,0.0,0.7313,2.2756,,2.2756,0.6957,,0.1724,0.0,0.5,-0.1957,MEDIUM_SAMPLE
COPPER_WIRE,RULE_B,COPPER_USD 2m momentum,3.0,60d,2023-latest,1.5,24,6,6,12,12,0.25,0.3333,0.1667,0.0,0.0,1.5338,8.2419,3.1295,3.6109,0.75,,0.3333,0.125,0.5,-0.25,LOW_SAMPLE
COPPER_WIRE,RULE_B,COPPER_USD 2m momentum,5.0,60d,2020-2022,1.5,29,10,7,12,17,0.2941,0.5,0.0,0.019,0.0,0.7313,2.2756,,2.2756,0.7059,,0.1724,0.0,0.5,-0.2059,MEDIUM_SAMPLE
COPPER_WIRE,RULE_B,COPPER_USD 2m momentum,5.0,60d,2023-latest,1.5,24,5,4,15,9,0.2222,0.2,0.25,0.0,0.0,1.5338,3.6109,3.1295,3.3702,0.7778,,0.3333,0.125,0.5,-0.2778,LOW_SAMPLE
COPPER_WIRE,RULE_B,COPPER_USD 2m momentum,2.0,90d,2020-2022,1.5,29,19,8,2,27,0.2963,0.4211,0.0,0.0,0.0,0.9217,2.2756,,2.2756,0.7037,,0.2414,0.0,0.5,-0.2037,MEDIUM_SAMPLE
COPPER_WIRE,RULE_B,COPPER_USD 2m momentum,2.0,90d,2023-latest,1.5,23,8,7,8,15,0.2,0.375,0.0,0.0,2.604,2.21,3.7108,,3.7108,0.8,,0.4783,0.1304,0.5,-0.3,MEDIUM_SAMPLE
COPPER_WIRE,RULE_B,COPPER_USD 2m momentum,3.0,90d,2020-2022,1.5,29,16,7,6,23,0.3478,0.5,0.0,0.0169,0.0,0.9217,2.2756,,2.2756,0.6522,,0.2414,0.0,0.5,-0.1522,MEDIUM_SAMPLE
COPPER_WIRE,RULE_B,COPPER_USD 2m momentum,3.0,90d,2023-latest,1.5,23,6,6,11,12,0.1667,0.3333,0.0,0.0,1.302,2.21,8.2419,,8.2419,0.8333,,0.4783,0.1304,0.5,-0.3333,LOW_SAMPLE
COPPER_WIRE,RULE_B,COPPER_USD 2m momentum,5.0,90d,2020-2022,1.5,29,10,7,12,17,0.3529,0.6,0.0,0.0379,0.0,0.9217,2.2756,,2.2756,0.6471,,0.2414,0.0,0.5,-0.1471,MEDIUM_SAMPLE
COPPER_WIRE,RULE_B,COPPER_USD 2m momentum,5.0,90d,2023-latest,1.5,23,5,4,14,9,0.1111,0.2,0.0,0.0,2.604,2.21,3.6109,,3.6109,0.8889,,0.4783,0.1304,0.5,-0.3889,LOW_SAMPLE
COPPER_WIRE,RULE_C,USD_ILS 2m momentum,2.0,30d,2020-2022,1.5,29,6,6,17,12,0.0,0.0,0.0,0.0,0.0,0.3264,,,,1.0,,0.069,0.0,0.5,-0.5,LOW_SAMPLE
COPPER_WIRE,RULE_C,USD_ILS 2m momentum,2.0,30d,2023-latest,1.5,25,8,5,12,13,0.2308,0.25,0.2,0.0,0.0,0.8989,3.6609,3.1295,3.6109,0.7692,,0.2,0.08,0.5,-0.2692,LOW_SAMPLE
COPPER_WIRE,RULE_C,USD_ILS 2m momentum,3.0,30d,2020-2022,1.5,29,4,3,22,7,0.0,0.0,0.0,0.0,0.0,0.3264,,,,1.0,,0.069,0.0,0.5,-0.5,LOW_SAMPLE
COPPER_WIRE,RULE_C,USD_ILS 2m momentum,3.0,30d,2023-latest,1.5,25,3,2,20,5,0.4,0.3333,0.5,0.0,-1.5647,0.8989,3.7108,3.1295,3.4201,0.6,,0.2,0.08,0.5,-0.1,LOW_SAMPLE
COPPER_WIRE,RULE_C,USD_ILS 2m momentum,5.0,30d,2020-2022,1.5,29,2,0,27,2,0.0,0.0,,0.0,,0.3264,,,,1.0,,0.069,0.0,0.5,-0.5,LOW_SAMPLE
COPPER_WIRE,RULE_C,USD_ILS 2m momentum,5.0,30d,2023-latest,1.5,25,1,1,23,2,0.0,0.0,0.0,0.0,0.0,0.8989,,,,1.0,,0.2,0.08,0.5,-0.5,LOW_SAMPLE
COPPER_WIRE,RULE_C,USD_ILS 2m momentum,2.0,60d,2020-2022,1.5,29,7,7,15,14,0.0714,0.1429,0.0,0.0,0.0338,0.7313,6.131,,6.131,0.9286,,0.1724,0.0,0.5,-0.4286,LOW_SAMPLE
COPPER_WIRE,RULE_C,USD_ILS 2m momentum,2.0,60d,2023-latest,1.5,24,8,5,11,13,0.3846,0.375,0.4,0.0,0.0,1.5338,3.7108,2.3532,3.6109,0.6154,,0.3333,0.125,0.5,-0.1154,LOW_SAMPLE
COPPER_WIRE,RULE_C,USD_ILS 2m momentum,3.0,60d,2020-2022,1.5,29,4,3,22,7,0.0,0.0,0.0,0.0,0.0379,0.7313,,,,1.0,,0.1724,0.0,0.5,-0.5,LOW_SAMPLE
COPPER_WIRE,RULE_C,USD_ILS 2m momentum,3.0,60d,2023-latest,1.5,24,3,2,19,5,0.4,0.3333,0.5,0.0,-1.5647,1.5338,3.7108,3.1295,3.4201,0.6,,0.3333,0.125,0.5,-0.1,LOW_SAMPLE
COPPER_WIRE,RULE_C,USD_ILS 2m momentum,5.0,60d,2020-2022,1.5,29,2,0,27,2,0.0,0.0,,0.0,,0.7313,,,,1.0,,0.1724,0.0,0.5,-0.5,LOW_SAMPLE
COPPER_WIRE,RULE_C,USD_ILS 2m momentum,5.0,60d,2023-latest,1.5,24,1,1,22,2,0.0,0.0,0.0,0.0,0.0,1.5338,,,,1.0,,0.3333,0.125,0.5,-0.5,LOW_SAMPLE
COPPER_WIRE,RULE_C,USD_ILS 2m momentum,2.0,90d,2020-2022,1.5,29,7,7,15,14,0.0714,0.1429,0.0,0.0,0.0379,0.9217,6.131,,6.131,0.9286,,0.2414,0.0,0.5,-0.4286,LOW_SAMPLE
COPPER_WIRE,RULE_C,USD_ILS 2m momentum,2.0,90d,2023-latest,1.5,23,8,4,11,12,0.3333,0.375,0.25,0.0,6.0723,2.21,3.7108,1.5769,3.6609,0.6667,,0.4783,0.1304,0.5,-0.1667,LOW_SAMPLE
COPPER_WIRE,RULE_C,USD_ILS 2m momentum,3.0,90d,2020-2022,1.5,29,4,4,21,8,0.0,0.0,0.0,0.0,1.1568,0.9217,,,,1.0,,0.2414,0.0,0.5,-0.5,LOW_SAMPLE
COPPER_WIRE,RULE_C,USD_ILS 2m momentum,3.0,90d,2023-latest,1.5,23,3,2,18,5,0.4,0.3333,0.5,0.0,1.6731,2.21,3.7108,1.5769,2.6439,0.6,,0.4783,0.1304,0.5,-0.1,LOW_SAMPLE
COPPER_WIRE,RULE_C,USD_ILS 2m momentum,5.0,90d,2020-2022,1.5,29,1,0,28,1,0.0,0.0,,0.0,,0.9217,,,,1.0,,0.2414,0.0,0.5,-0.5,LOW_SAMPLE
COPPER_WIRE,RULE_C,USD_ILS 2m momentum,5.0,90d,2023-latest,1.5,23,1,1,21,2,0.5,0.0,1.0,0.0,-1.5769,2.21,,1.5769,1.5769,0.5,,0.4783,0.1304,0.5,0.0,LOW_SAMPLE
COPPER_WIRE,RULE_D,CBS 2m momentum,2.0,30d,2020-2022,1.5,29,0,0,29,0,,,,,,0.3264,,,,,,0.069,0.0,0.5,-0.5,LOW_SAMPLE
COPPER_WIRE,RULE_D,CBS 2m momentum,2.0,30d,2023-latest,1.5,25,2,0,23,2,0.5,0.5,,4.1564,,0.8989,8.3128,,8.3128,0.5,,0.2,0.08,0.5,0.0,LOW_SAMPLE
COPPER_WIRE,RULE_D,CBS 2m momentum,3.0,30d,2020-2022,1.5,29,0,0,29,0,,,,,,0.3264,,,,,,0.069,0.0,0.5,-0.5,LOW_SAMPLE
COPPER_WIRE,RULE_D,CBS 2m momentum,3.0,30d,2023-latest,1.5,25,1,0,24,1,1.0,1.0,,8.3128,,0.8989,8.3128,,8.3128,0.0,,0.2,0.08,0.5,0.5,LOW_SAMPLE
COPPER_WIRE,RULE_D,CBS 2m momentum,5.0,30d,2020-2022,1.5,29,0,0,29,0,,,,,,0.3264,,,,,,0.069,0.0,0.5,-0.5,LOW_SAMPLE
COPPER_WIRE,RULE_D,CBS 2m momentum,5.0,30d,2023-latest,1.5,25,0,0,25,0,,,,,,0.8989,,,,,,0.2,0.08,0.5,-0.5,LOW_SAMPLE
COPPER_WIRE,RULE_D,CBS 2m momentum,2.0,60d,2020-2022,1.5,29,0,0,29,0,,,,,,0.7313,,,,,,0.1724,0.0,0.5,-0.5,LOW_SAMPLE
COPPER_WIRE,RULE_D,CBS 2m momentum,2.0,60d,2023-latest,1.5,24,1,0,23,1,1.0,1.0,,8.3128,,1.5338,8.3128,,8.3128,0.0,,0.3333,0.125,0.5,0.5,LOW_SAMPLE
COPPER_WIRE,RULE_D,CBS 2m momentum,3.0,60d,2020-2022,1.5,29,0,0,29,0,,,,,,0.7313,,,,,,0.1724,0.0,0.5,-0.5,LOW_SAMPLE
COPPER_WIRE,RULE_D,CBS 2m momentum,3.0,60d,2023-latest,1.5,24,0,0,24,0,,,,,,1.5338,,,,,,0.3333,0.125,0.5,-0.5,LOW_SAMPLE
COPPER_WIRE,RULE_D,CBS 2m momentum,5.0,60d,2020-2022,1.5,29,0,0,29,0,,,,,,0.7313,,,,,,0.1724,0.0,0.5,-0.5,LOW_SAMPLE
COPPER_WIRE,RULE_D,CBS 2m momentum,5.0,60d,2023-latest,1.5,24,0,0,24,0,,,,,,1.5338,,,,,,0.3333,0.125,0.5,-0.5,LOW_SAMPLE
COPPER_WIRE,RULE_D,CBS 2m momentum,2.0,90d,2020-2022,1.5,29,0,0,29,0,,,,,,0.9217,,,,,,0.2414,0.0,0.5,-0.5,LOW_SAMPLE
COPPER_WIRE,RULE_D,CBS 2m momentum,2.0,90d,2023-latest,1.5,23,0,0,23,0,,,,,,2.21,,,,,,0.4783,0.1304,0.5,-0.5,LOW_SAMPLE
COPPER_WIRE,RULE_D,CBS 2m momentum,3.0,90d,2020-2022,1.5,29,0,0,29,0,,,,,,0.9217,,,,,,0.2414,0.0,0.5,-0.5,LOW_SAMPLE
COPPER_WIRE,RULE_D,CBS 2m momentum,3.0,90d,2023-latest,1.5,23,0,0,23,0,,,,,,2.21,,,,,,0.4783,0.1304,0.5,-0.5,LOW_SAMPLE
COPPER_WIRE,RULE_D,CBS 2m momentum,5.0,90d,2020-2022,1.5,29,0,0,29,0,,,,,,0.9217,,,,,,0.2414,0.0,0.5,-0.5,LOW_SAMPLE
COPPER_WIRE,RULE_D,CBS 2m momentum,5.0,90d,2023-latest,1.5,23,0,0,23,0,,,,,,2.21,,,,,,0.4783,0.1304,0.5,-0.5,LOW_SAMPLE
COPPER_WIRE,RULE_E,COPPER_ILS + CBS,2.0,30d,2020-2022,1.5,29,11,7,11,18,0.1667,0.2727,0.0,0.0,0.0,0.3264,4.1481,,4.1481,0.8333,,0.069,0.0,0.5,-0.3333,MEDIUM_SAMPLE
COPPER_WIRE,RULE_E,COPPER_ILS + CBS,2.0,30d,2023-latest,1.5,25,5,4,16,9,0.3333,0.4,0.25,0.0,0.0,0.8989,5.9619,3.1295,3.6109,0.6667,,0.2,0.08,0.5,-0.1667,LOW_SAMPLE
COPPER_WIRE,RULE_E,COPPER_ILS + CBS,3.0,30d,2020-2022,1.5,29,7,4,18,11,0.1818,0.2857,0.0,0.0,0.0,0.3264,3.0845,,3.0845,0.8182,,0.069,0.0,0.5,-0.3182,LOW_SAMPLE
COPPER_WIRE,RULE_E,COPPER_ILS + CBS,3.0,30d,2023-latest,1.5,25,5,3,17,8,0.375,0.4,0.3333,0.0,0.0,0.8989,5.9619,3.1295,3.6109,0.625,,0.2,0.08,0.5,-0.125,LOW_SAMPLE
COPPER_WIRE,RULE_E,COPPER_ILS + CBS,5.0,30d,2020-2022,1.5,29,7,3,19,10,0.2,0.2857,0.0,0.0,0.0,0.3264,3.0845,,3.0845,0.8,,0.069,0.0,0.5,-0.3,LOW_SAMPLE
COPPER_WIRE,RULE_E,COPPER_ILS + CBS,5.0,30d,2023-latest,1.5,25,3,0,22,3,0.3333,0.3333,,0.0,,0.8989,3.6109,,3.6109,0.6667,,0.2,0.08,0.5,-0.1667,LOW_SAMPLE
COPPER_WIRE,RULE_E,COPPER_ILS + CBS,2.0,60d,2020-2022,1.5,29,12,7,10,19,0.3158,0.5,0.0,0.019,0.0,0.7313,3.2295,,3.2295,0.6842,,0.1724,0.0,0.5,-0.1842,MEDIUM_SAMPLE
COPPER_WIRE,RULE_E,COPPER_ILS + CBS,2.0,60d,2023-latest,1.5,24,4,4,16,8,0.25,0.25,0.25,0.0,0.0,1.5338,3.6109,3.1295,3.3702,0.75,,0.3333,0.125,0.5,-0.25,LOW_SAMPLE
COPPER_WIRE,RULE_E,COPPER_ILS + CBS,3.0,60d,2020-2022,1.5,29,9,4,16,13,0.3846,0.5556,0.0,0.0379,0.0,0.7313,2.2756,,2.2756,0.6154,,0.1724,0.0,0.5,-0.1154,LOW_SAMPLE
COPPER_WIRE,RULE_E,COPPER_ILS + CBS,3.0,60d,2023-latest,1.5,24,4,3,17,7,0.2857,0.25,0.3333,0.0,0.0,1.5338,3.6109,3.1295,3.3702,0.7143,,0.3333,0.125,0.5,-0.2143,LOW_SAMPLE
COPPER_WIRE,RULE_E,COPPER_ILS + CBS,5.0,60d,2020-2022,1.5,29,6,2,21,8,0.5,0.6667,0.0,0.0379,0.0,0.7313,3.0845,,3.0845,0.5,,0.1724,0.0,0.5,0.0,LOW_SAMPLE
COPPER_WIRE,RULE_E,COPPER_ILS + CBS,5.0,60d,2023-latest,1.5,24,3,0,21,3,0.3333,0.3333,,0.0,,1.5338,3.6109,,3.6109,0.6667,,0.3333,0.125,0.5,-0.1667,LOW_SAMPLE
COPPER_WIRE,RULE_E,COPPER_ILS + CBS,2.0,90d,2020-2022,1.5,29,14,6,9,20,0.35,0.5,0.0,0.019,0.0,0.9217,2.2756,,2.2756,0.65,,0.2414,0.0,0.5,-0.15,MEDIUM_SAMPLE
COPPER_WIRE,RULE_E,COPPER_ILS + CBS,2.0,90d,2023-latest,1.5,23,4,4,15,8,0.125,0.25,0.0,0.0,2.604,2.21,3.6109,,3.6109,0.875,,0.4783,0.1304,0.5,-0.375,LOW_SAMPLE
COPPER_WIRE,RULE_E,COPPER_ILS + CBS,3.0,90d,2020-2022,1.5,29,10,4,15,14,0.4286,0.6,0.0,0.0379,0.0,0.9217,2.2756,,2.2756,0.5714,,0.2414,0.0,0.5,-0.0714,LOW_SAMPLE
COPPER_WIRE,RULE_E,COPPER_ILS + CBS,3.0,90d,2023-latest,1.5,23,4,3,16,7,0.1429,0.25,0.0,0.0,2.604,2.21,3.6109,,3.6109,0.8571,,0.4783,0.1304,0.5,-0.3571,LOW_SAMPLE
COPPER_WIRE,RULE_E,COPPER_ILS + CBS,5.0,90d,2020-2022,1.5,29,7,3,19,10,0.5,0.7143,0.0,0.0379,0.0,0.9217,2.2756,,2.2756,0.5,,0.2414,0.0,0.5,0.0,LOW_SAMPLE
COPPER_WIRE,RULE_E,COPPER_ILS + CBS,5.0,90d,2023-latest,1.5,23,3,0,20,3,0.3333,0.3333,,0.0,,2.21,3.6109,,3.6109,0.6667,,0.4783,0.1304,0.5,-0.1667,LOW_SAMPLE
COPPER_WIRE,RULE_F,COPPER_ILS + USD_ILS,2.0,30d,2020-2022,1.5,29,11,8,10,19,0.1579,0.2727,0.0,0.0,0.0,0.3264,4.1481,,4.1481,0.8421,,0.069,0.0,0.5,-0.3421,MEDIUM_SAMPLE
COPPER_WIRE,RULE_F,COPPER_ILS + USD_ILS,2.0,30d,2023-latest,1.5,25,8,6,11,14,0.2143,0.25,0.1667,0.0,0.0,0.8989,3.6609,3.1295,3.6109,0.7857,,0.2,0.08,0.5,-0.2857,LOW_SAMPLE
COPPER_WIRE,RULE_F,COPPER_ILS + USD_ILS,3.0,30d,2020-2022,1.5,29,9,6,14,15,0.1333,0.2222,0.0,0.0,0.0,0.3264,3.0845,,3.0845,0.8667,,0.069,0.0,0.5,-0.3667,MEDIUM_SAMPLE
COPPER_WIRE,RULE_F,COPPER_ILS + USD_ILS,3.0,30d,2023-latest,1.5,25,6,5,14,11,0.1818,0.1667,0.2,0.0,0.0,0.8989,3.6109,3.1295,3.3702,0.8182,,0.2,0.08,0.5,-0.3182,LOW_SAMPLE
COPPER_WIRE,RULE_F,COPPER_ILS + USD_ILS,5.0,30d,2020-2022,1.5,29,5,2,22,7,0.2857,0.4,0.0,0.0,0.0,0.3264,3.0845,,3.0845,0.7143,,0.069,0.0,0.5,-0.2143,LOW_SAMPLE
COPPER_WIRE,RULE_F,COPPER_ILS + USD_ILS,5.0,30d,2023-latest,1.5,25,3,2,20,5,0.4,0.3333,0.5,0.0,-1.5647,0.8989,3.6109,3.1295,3.3702,0.6,,0.2,0.08,0.5,-0.1,LOW_SAMPLE
COPPER_WIRE,RULE_F,COPPER_ILS + USD_ILS,2.0,60d,2020-2022,1.5,29,11,7,11,18,0.3333,0.5455,0.0,0.0379,0.0,0.7313,3.2295,,3.2295,0.6667,,0.1724,0.0,0.5,-0.1667,MEDIUM_SAMPLE
COPPER_WIRE,RULE_F,COPPER_ILS + USD_ILS,2.0,60d,2023-latest,1.5,24,8,6,10,14,0.2857,0.375,0.1667,0.0,0.0,1.5338,3.7108,3.1295,3.6609,0.7143,,0.3333,0.125,0.5,-0.2143,LOW_SAMPLE
COPPER_WIRE,RULE_F,COPPER_ILS + USD_ILS,3.0,60d,2020-2022,1.5,29,8,5,16,13,0.3077,0.5,0.0,0.019,0.0,0.7313,3.0845,,3.0845,0.6923,,0.1724,0.0,0.5,-0.1923,LOW_SAMPLE
COPPER_WIRE,RULE_F,COPPER_ILS + USD_ILS,3.0,60d,2023-latest,1.5,24,6,5,13,11,0.1818,0.1667,0.2,0.0,0.0,1.5338,3.6109,3.1295,3.3702,0.8182,,0.3333,0.125,0.5,-0.3182,LOW_SAMPLE
COPPER_WIRE,RULE_F,COPPER_ILS + USD_ILS,5.0,60d,2020-2022,1.5,29,5,2,22,7,0.4286,0.6,0.0,0.0379,0.0,0.7313,6.131,,6.131,0.5714,,0.1724,0.0,0.5,-0.0714,LOW_SAMPLE
COPPER_WIRE,RULE_F,COPPER_ILS + USD_ILS,5.0,60d,2023-latest,1.5,24,3,2,19,5,0.4,0.3333,0.5,0.0,-1.5647,1.5338,3.6109,3.1295,3.3702,0.6,,0.3333,0.125,0.5,-0.1,LOW_SAMPLE
COPPER_WIRE,RULE_F,COPPER_ILS + USD_ILS,2.0,90d,2020-2022,1.5,29,12,6,11,18,0.3889,0.5833,0.0,0.0379,0.0,0.9217,2.2756,,2.2756,0.6111,,0.2414,0.0,0.5,-0.1111,MEDIUM_SAMPLE
COPPER_WIRE,RULE_F,COPPER_ILS + USD_ILS,2.0,90d,2023-latest,1.5,23,8,5,10,13,0.3077,0.375,0.2,0.0,2.604,2.21,3.7108,1.5769,3.6609,0.6923,,0.4783,0.1304,0.5,-0.1923,LOW_SAMPLE
COPPER_WIRE,RULE_F,COPPER_ILS + USD_ILS,3.0,90d,2020-2022,1.5,29,9,4,16,13,0.3846,0.5556,0.0,0.0379,0.0,0.9217,2.2756,,2.2756,0.6154,,0.2414,0.0,0.5,-0.1154,LOW_SAMPLE
COPPER_WIRE,RULE_F,COPPER_ILS + USD_ILS,3.0,90d,2023-latest,1.5,23,6,4,13,10,0.2,0.1667,0.25,0.0,2.604,2.21,3.6109,1.5769,2.5939,0.8,,0.4783,0.1304,0.5,-0.3,LOW_SAMPLE
COPPER_WIRE,RULE_F,COPPER_ILS + USD_ILS,5.0,90d,2020-2022,1.5,29,4,2,23,6,0.5,0.75,0.0,2.6148,0.0,0.9217,5.1916,,5.1916,0.5,,0.2414,0.0,0.5,0.0,LOW_SAMPLE
COPPER_WIRE,RULE_F,COPPER_ILS + USD_ILS,5.0,90d,2023-latest,1.5,23,3,2,18,5,0.4,0.3333,0.5,0.0,1.6731,2.21,3.6109,1.5769,2.5939,0.6,,0.4783,0.1304,0.5,-0.1,LOW_SAMPLE
COPPER_WIRE,RULE_G,COPPER_ILS + OIL,2.0,30d,2020-2022,1.5,29,16,9,4,25,0.16,0.25,0.0,0.0,0.0,0.3264,2.093,,2.093,0.84,,0.069,0.0,0.5,-0.34,MEDIUM_SAMPLE
COPPER_WIRE,RULE_G,COPPER_ILS + OIL,2.0,30d,2023-latest,1.5,25,9,10,6,19,0.2632,0.4444,0.1,0.0,0.0,0.8989,6.0118,3.1295,3.7108,0.7368,,0.2,0.08,0.5,-0.2368,MEDIUM_SAMPLE
COPPER_WIRE,RULE_G,COPPER_ILS + OIL,3.0,30d,2020-2022,1.5,29,13,7,9,20,0.2,0.3077,0.0,0.0,0.0,0.3264,2.093,,2.093,0.8,,0.069,0.0,0.5,-0.3,MEDIUM_SAMPLE
COPPER_WIRE,RULE_G,COPPER_ILS + OIL,3.0,30d,2023-latest,1.5,25,7,8,10,15,0.2667,0.4286,0.125,0.0,0.0,0.8989,3.7108,3.1295,3.6609,0.7333,,0.2,0.08,0.5,-0.2333,MEDIUM_SAMPLE
COPPER_WIRE,RULE_G,COPPER_ILS + OIL,5.0,30d,2020-2022,1.5,29,10,6,13,16,0.1875,0.3,0.0,0.0,0.0,0.3264,4.1481,,4.1481,0.8125,,0.069,0.0,0.5,-0.3125,MEDIUM_SAMPLE
COPPER_WIRE,RULE_G,COPPER_ILS + OIL,5.0,30d,2023-latest,1.5,25,5,7,13,12,0.25,0.4,0.1429,0.0,0.0,0.8989,3.6609,3.1295,3.6109,0.75,,0.2,0.08,0.5,-0.25,LOW_SAMPLE
COPPER_WIRE,RULE_G,COPPER_ILS + OIL,2.0,60d,2020-2022,1.5,29,15,10,4,25,0.28,0.4667,0.0,0.0,0.0,0.7313,2.2756,,2.2756,0.72,,0.1724,0.0,0.5,-0.22,MEDIUM_SAMPLE
COPPER_WIRE,RULE_G,COPPER_ILS + OIL,2.0,60d,2023-latest,1.5,24,8,10,6,18,0.3333,0.5,0.2,1.8055,0.0,1.5338,3.7108,2.3532,3.6609,0.6667,,0.3333,0.125,0.5,-0.1667,MEDIUM_SAMPLE
COPPER_WIRE,RULE_G,COPPER_ILS + OIL,3.0,60d,2020-2022,1.5,29,13,8,8,21,0.3333,0.5385,0.0,0.0338,0.0,0.7313,2.2756,,2.2756,0.6667,,0.1724,0.0,0.5,-0.1667,MEDIUM_SAMPLE
COPPER_WIRE,RULE_G,COPPER_ILS + OIL,3.0,60d,2023-latest,1.5,24,7,8,9,15,0.3333,0.5714,0.125,3.6109,0.0,1.5338,3.7108,3.1295,3.7108,0.6667,,0.3333,0.125,0.5,-0.1667,MEDIUM_SAMPLE
COPPER_WIRE,RULE_G,COPPER_ILS + OIL,5.0,60d,2020-2022,1.5,29,11,6,12,17,0.3529,0.5455,0.0,0.0379,0.0,0.7313,3.2295,,3.2295,0.6471,,0.1724,0.0,0.5,-0.1471,MEDIUM_SAMPLE
COPPER_WIRE,RULE_G,COPPER_ILS + OIL,5.0,60d,2023-latest,1.5,24,5,7,12,12,0.3333,0.6,0.1429,3.6109,0.0,1.5338,3.7108,3.1295,3.6609,0.6667,,0.3333,0.125,0.5,-0.1667,LOW_SAMPLE
COPPER_WIRE,RULE_G,COPPER_ILS + OIL,2.0,90d,2020-2022,1.5,29,17,9,3,26,0.3077,0.4706,0.0,0.0,0.0,0.9217,2.2756,,2.2756,0.6923,,0.2414,0.0,0.5,-0.1923,MEDIUM_SAMPLE
COPPER_WIRE,RULE_G,COPPER_ILS + OIL,2.0,90d,2023-latest,1.5,23,8,10,5,18,0.3333,0.625,0.1,3.6609,1.302,2.21,3.7108,1.5769,3.7108,0.6667,,0.4783,0.1304,0.5,-0.1667,MEDIUM_SAMPLE
COPPER_WIRE,RULE_G,COPPER_ILS + OIL,3.0,90d,2020-2022,1.5,29,14,7,8,21,0.381,0.5714,0.0,0.0359,0.0,0.9217,2.2756,,2.2756,0.619,,0.2414,0.0,0.5,-0.119,MEDIUM_SAMPLE
COPPER_WIRE,RULE_G,COPPER_ILS + OIL,3.0,90d,2023-latest,1.5,23,7,8,8,15,0.4,0.7143,0.125,3.7108,1.302,2.21,3.7108,1.5769,3.7108,0.6,,0.4783,0.1304,0.5,-0.1,MEDIUM_SAMPLE
COPPER_WIRE,RULE_G,COPPER_ILS + OIL,5.0,90d,2020-2022,1.5,29,12,5,12,17,0.4118,0.5833,0.0,0.0379,0.0,0.9217,2.2756,,2.2756,0.5882,,0.2414,0.0,0.5,-0.0882,MEDIUM_SAMPLE
COPPER_WIRE,RULE_G,COPPER_ILS + OIL,5.0,90d,2023-latest,1.5,23,5,7,11,12,0.3333,0.6,0.1429,3.6109,0.0,2.21,3.7108,1.5769,3.6609,0.6667,,0.4783,0.1304,0.5,-0.1667,LOW_SAMPLE
COPPER_WIRE,RULE_H,Weighted composite,2.0,30d,2020-2022,1.5,29,13,6,10,19,0.1579,0.2308,0.0,0.0,0.0,0.3264,4.1481,,4.1481,0.8421,,0.069,0.0,0.5,-0.3421,MEDIUM_SAMPLE
COPPER_WIRE,RULE_H,Weighted composite,2.0,30d,2023-latest,1.5,25,9,7,9,16,0.25,0.3333,0.1429,0.0,0.0,0.8989,3.7108,3.1295,3.6609,0.75,,0.2,0.08,0.5,-0.25,MEDIUM_SAMPLE
COPPER_WIRE,RULE_H,Weighted composite,3.0,30d,2020-2022,1.5,29,10,5,14,15,0.2,0.3,0.0,0.0,0.0,0.3264,4.1481,,4.1481,0.8,,0.069,0.0,0.5,-0.3,MEDIUM_SAMPLE
COPPER_WIRE,RULE_H,Weighted composite,3.0,30d,2023-latest,1.5,25,5,6,14,11,0.2727,0.4,0.1667,0.0,0.0,0.8989,3.6609,3.1295,3.6109,0.7273,,0.2,0.08,0.5,-0.2273,LOW_SAMPLE
COPPER_WIRE,RULE_H,Weighted composite,5.0,30d,2020-2022,1.5,29,8,4,17,12,0.25,0.375,0.0,0.0,0.0,0.3264,4.1481,,4.1481,0.75,,0.069,0.0,0.5,-0.25,LOW_SAMPLE
COPPER_WIRE,RULE_H,Weighted composite,5.0,30d,2023-latest,1.5,25,3,1,21,4,0.5,0.3333,1.0,0.0,-3.1295,0.8989,3.6109,3.1295,3.3702,0.5,,0.2,0.08,0.5,0.0,LOW_SAMPLE
COPPER_WIRE,RULE_H,Weighted composite,2.0,60d,2020-2022,1.5,29,13,6,10,19,0.3158,0.4615,0.0,0.0,0.0,0.7313,3.2295,,3.2295,0.6842,,0.1724,0.0,0.5,-0.1842,MEDIUM_SAMPLE
COPPER_WIRE,RULE_H,Weighted composite,2.0,60d,2023-latest,1.5,24,8,7,9,15,0.2667,0.375,0.1429,0.0,0.0,1.5338,3.7108,3.1295,3.6609,0.7333,,0.3333,0.125,0.5,-0.2333,MEDIUM_SAMPLE
COPPER_WIRE,RULE_H,Weighted composite,3.0,60d,2020-2022,1.5,29,11,5,13,16,0.375,0.5455,0.0,0.0379,0.0,0.7313,3.2295,,3.2295,0.625,,0.1724,0.0,0.5,-0.125,MEDIUM_SAMPLE
COPPER_WIRE,RULE_H,Weighted composite,3.0,60d,2023-latest,1.5,24,5,6,13,11,0.3636,0.6,0.1667,3.6109,0.0,1.5338,3.7108,3.1295,3.6609,0.6364,,0.3333,0.125,0.5,-0.1364,LOW_SAMPLE
COPPER_WIRE,RULE_H,Weighted composite,5.0,60d,2020-2022,1.5,29,9,4,16,13,0.4615,0.6667,0.0,0.0379,0.0,0.7313,3.2295,,3.2295,0.5385,,0.1724,0.0,0.5,-0.0385,LOW_SAMPLE
COPPER_WIRE,RULE_H,Weighted composite,5.0,60d,2023-latest,1.5,24,3,1,20,4,0.5,0.3333,1.0,0.0,-3.1295,1.5338,3.6109,3.1295,3.3702,0.5,,0.3333,0.125,0.5,0.0,LOW_SAMPLE
COPPER_WIRE,RULE_H,Weighted composite,2.0,90d,2020-2022,1.5,29,13,5,11,18,0.3889,0.5385,0.0,0.0379,0.0,0.9217,2.2756,,2.2756,0.6111,,0.2414,0.0,0.5,-0.1111,MEDIUM_SAMPLE
COPPER_WIRE,RULE_H,Weighted composite,2.0,90d,2023-latest,1.5,23,8,7,8,15,0.3333,0.5,0.1429,1.8055,0.0,2.21,3.7108,1.5769,3.7108,0.6667,,0.4783,0.1304,0.5,-0.1667,MEDIUM_SAMPLE
COPPER_WIRE,RULE_H,Weighted composite,3.0,90d,2020-2022,1.5,29,12,4,13,16,0.4375,0.5833,0.0,0.0379,0.0,0.9217,2.2756,,2.2756,0.5625,,0.2414,0.0,0.5,-0.0625,MEDIUM_SAMPLE
COPPER_WIRE,RULE_H,Weighted composite,3.0,90d,2023-latest,1.5,23,5,6,12,11,0.3636,0.6,0.1667,3.6109,1.302,2.21,3.7108,1.5769,3.6609,0.6364,,0.4783,0.1304,0.5,-0.1364,LOW_SAMPLE
COPPER_WIRE,RULE_H,Weighted composite,5.0,90d,2020-2022,1.5,29,10,4,15,14,0.5,0.7,0.0,1.1568,0.0,0.9217,2.2756,,2.2756,0.5,,0.2414,0.0,0.5,0.0,LOW_SAMPLE
COPPER_WIRE,RULE_H,Weighted composite,5.0,90d,2023-latest,1.5,23,3,1,19,4,0.25,0.3333,0.0,0.0,4.9232,2.21,3.6109,,3.6109,0.75,,0.4783,0.1304,0.5,-0.25,LOW_SAMPLE
