family,rule_id,rule_label,threshold_pct,horizon,regime,stable_threshold_pct,signals_total,buy_early_signals,wait_signals,normal_signals,directional_signals,direction_accuracy,buy_early_hit_rate,wait_hit_rate,median_future_change_after_buy,median_future_change_after_wait,median_saving_combined,baseline_outperformance,sample_quality
N2XY_COPPER_CABLE,RULE_A,COPPER_ILS 2m momentum,2.0,30d,FULL,1.5,60,28,19,13,47,0.2979,0.25,0.3684,0.0,0.0,2.301,-0.2021,GOOD_SAMPLE
N2XY_COPPER_CABLE,RULE_A,COPPER_ILS 2m momentum,2.0,30d,2020-2022,1.5,31,19,10,2,29,0.3103,0.2632,0.4,0.0,0.0,2.6663,-0.1897,MEDIUM_SAMPLE
N2XY_COPPER_CABLE,RULE_A,COPPER_ILS 2m momentum,2.0,30d,2023-latest,1.5,25,8,8,9,16,0.3125,0.25,0.375,0.0,0.0,2.1336,-0.1875,MEDIUM_SAMPLE
N2XY_COPPER_CABLE,RULE_A,COPPER_ILS 2m momentum,3.0,30d,FULL,1.5,60,22,17,21,39,0.3077,0.2727,0.3529,0.0,0.0,2.3999,-0.1923,GOOD_SAMPLE
N2XY_COPPER_CABLE,RULE_A,COPPER_ILS 2m momentum,3.0,30d,2020-2022,1.5,31,15,10,6,25,0.32,0.2667,0.4,0.0,0.0,2.6963,-0.18,MEDIUM_SAMPLE
N2XY_COPPER_CABLE,RULE_A,COPPER_ILS 2m momentum,3.0,30d,2023-latest,1.5,25,6,6,13,12,0.3333,0.3333,0.3333,0.0,0.0,2.0885,-0.1667,LOW_SAMPLE
N2XY_COPPER_CABLE,RULE_A,COPPER_ILS 2m momentum,5.0,30d,FULL,1.5,60,14,11,35,25,0.32,0.2857,0.3636,0.0,0.0,2.6963,-0.18,MEDIUM_SAMPLE
N2XY_COPPER_CABLE,RULE_A,COPPER_ILS 2m momentum,5.0,30d,2020-2022,1.5,31,9,7,15,16,0.375,0.3333,0.4286,0.0,0.0,2.6963,-0.125,MEDIUM_SAMPLE
N2XY_COPPER_CABLE,RULE_A,COPPER_ILS 2m momentum,5.0,30d,2023-latest,1.5,25,4,4,17,8,0.25,0.25,0.25,0.0,0.0,3.15,-0.25,LOW_SAMPLE
N2XY_COPPER_CABLE,RULE_A,COPPER_ILS 2m momentum,2.0,60d,FULL,1.5,59,28,20,11,48,0.3958,0.3571,0.45,0.0,0.0,2.6663,-0.1042,GOOD_SAMPLE
N2XY_COPPER_CABLE,RULE_A,COPPER_ILS 2m momentum,2.0,60d,2020-2022,1.5,31,20,10,1,30,0.4,0.35,0.5,0.0,-0.0341,2.6663,-0.1,MEDIUM_SAMPLE
N2XY_COPPER_CABLE,RULE_A,COPPER_ILS 2m momentum,2.0,60d,2023-latest,1.5,24,7,8,9,15,0.4,0.4286,0.375,0.0,0.0,2.4042,-0.1,MEDIUM_SAMPLE
N2XY_COPPER_CABLE,RULE_A,COPPER_ILS 2m momentum,3.0,60d,FULL,1.5,59,22,17,20,39,0.4103,0.3636,0.4706,0.0,0.0,2.6663,-0.0897,GOOD_SAMPLE
N2XY_COPPER_CABLE,RULE_A,COPPER_ILS 2m momentum,3.0,60d,2020-2022,1.5,31,16,10,5,26,0.4231,0.375,0.5,0.0,-0.0341,2.6663,-0.0769,MEDIUM_SAMPLE
N2XY_COPPER_CABLE,RULE_A,COPPER_ILS 2m momentum,3.0,60d,2023-latest,1.5,24,5,6,13,11,0.3636,0.4,0.3333,0.0,0.0,2.4042,-0.1364,LOW_SAMPLE
N2XY_COPPER_CABLE,RULE_A,COPPER_ILS 2m momentum,5.0,60d,FULL,1.5,59,16,11,32,27,0.3704,0.3125,0.4545,0.0,0.0,3.1895,-0.1296,MEDIUM_SAMPLE
N2XY_COPPER_CABLE,RULE_A,COPPER_ILS 2m momentum,5.0,60d,2020-2022,1.5,31,11,7,13,18,0.4444,0.3636,0.5714,0.0,-0.0681,3.1402,-0.0556,MEDIUM_SAMPLE
N2XY_COPPER_CABLE,RULE_A,COPPER_ILS 2m momentum,5.0,60d,2023-latest,1.5,24,4,4,16,8,0.25,0.25,0.25,0.0,0.0,4.53,-0.25,LOW_SAMPLE
N2XY_COPPER_CABLE,RULE_A,COPPER_ILS 2m momentum,2.0,90d,FULL,1.5,57,27,17,13,44,0.4545,0.4815,0.4118,0.0,0.0,2.6663,-0.0455,GOOD_SAMPLE
N2XY_COPPER_CABLE,RULE_A,COPPER_ILS 2m momentum,2.0,90d,2020-2022,1.5,31,20,9,2,29,0.4828,0.45,0.5556,0.0,-0.0681,2.6663,-0.0172,MEDIUM_SAMPLE
N2XY_COPPER_CABLE,RULE_A,COPPER_ILS 2m momentum,2.0,90d,2023-latest,1.5,23,7,7,9,14,0.4286,0.5714,0.2857,1.957,0.0,2.4042,-0.0714,LOW_SAMPLE
N2XY_COPPER_CABLE,RULE_A,COPPER_ILS 2m momentum,3.0,90d,FULL,1.5,57,21,14,22,35,0.4571,0.4762,0.4286,0.0,0.0,2.7156,-0.0429,GOOD_SAMPLE
N2XY_COPPER_CABLE,RULE_A,COPPER_ILS 2m momentum,3.0,90d,2020-2022,1.5,31,16,9,6,25,0.52,0.5,0.5556,0.3944,-0.0681,2.6663,0.02,MEDIUM_SAMPLE
N2XY_COPPER_CABLE,RULE_A,COPPER_ILS 2m momentum,3.0,90d,2023-latest,1.5,23,5,5,13,10,0.3,0.4,0.2,0.0,0.0,2.7649,-0.2,LOW_SAMPLE
N2XY_COPPER_CABLE,RULE_A,COPPER_ILS 2m momentum,5.0,90d,FULL,1.5,57,15,10,32,25,0.52,0.4667,0.6,0.0,-0.4903,2.7649,0.02,MEDIUM_SAMPLE
N2XY_COPPER_CABLE,RULE_A,COPPER_ILS 2m momentum,5.0,90d,2020-2022,1.5,31,11,6,14,17,0.6471,0.5455,0.8333,1.6955,-1.7894,2.6663,0.1471,MEDIUM_SAMPLE
N2XY_COPPER_CABLE,RULE_A,COPPER_ILS 2m momentum,5.0,90d,2023-latest,1.5,23,4,4,15,8,0.25,0.25,0.25,0.0,1.2989,4.53,-0.25,LOW_SAMPLE
N2XY_COPPER_CABLE,RULE_B,COPPER_USD 2m momentum,2.0,30d,FULL,1.5,60,29,19,12,48,0.2708,0.2759,0.2632,0.0,0.0,2.6663,-0.2292,GOOD_SAMPLE
N2XY_COPPER_CABLE,RULE_B,COPPER_USD 2m momentum,2.0,30d,2020-2022,1.5,31,19,10,2,29,0.3448,0.3158,0.4,0.0,0.0,2.6963,-0.1552,MEDIUM_SAMPLE
N2XY_COPPER_CABLE,RULE_B,COPPER_USD 2m momentum,2.0,30d,2023-latest,1.5,25,9,7,9,16,0.1875,0.2222,0.1429,0.0,0.0,2.1336,-0.3125,MEDIUM_SAMPLE
N2XY_COPPER_CABLE,RULE_B,COPPER_USD 2m momentum,3.0,30d,FULL,1.5,60,23,15,22,38,0.3158,0.3478,0.2667,0.0,0.0,2.6963,-0.1842,GOOD_SAMPLE
N2XY_COPPER_CABLE,RULE_B,COPPER_USD 2m momentum,3.0,30d,2020-2022,1.5,31,16,8,7,24,0.375,0.375,0.375,0.0,0.0,2.7264,-0.125,MEDIUM_SAMPLE
N2XY_COPPER_CABLE,RULE_B,COPPER_USD 2m momentum,3.0,30d,2023-latest,1.5,25,7,6,12,13,0.2308,0.2857,0.1667,0.0,0.0,2.1336,-0.2692,LOW_SAMPLE
N2XY_COPPER_CABLE,RULE_B,COPPER_USD 2m momentum,5.0,30d,FULL,1.5,60,16,11,33,27,0.2963,0.25,0.3636,0.0,0.0,2.6963,-0.2037,MEDIUM_SAMPLE
N2XY_COPPER_CABLE,RULE_B,COPPER_USD 2m momentum,5.0,30d,2020-2022,1.5,31,11,7,13,18,0.3333,0.2727,0.4286,0.0,0.0,2.6963,-0.1667,MEDIUM_SAMPLE
N2XY_COPPER_CABLE,RULE_B,COPPER_USD 2m momentum,5.0,30d,2023-latest,1.5,25,5,4,16,9,0.2222,0.2,0.25,0.0,0.0,3.15,-0.2778,LOW_SAMPLE
N2XY_COPPER_CABLE,RULE_B,COPPER_USD 2m momentum,2.0,60d,FULL,1.5,59,29,18,12,47,0.3617,0.3448,0.3889,0.0,0.0,2.6663,-0.1383,GOOD_SAMPLE
N2XY_COPPER_CABLE,RULE_B,COPPER_USD 2m momentum,2.0,60d,2020-2022,1.5,31,20,10,1,30,0.4333,0.4,0.5,0.0,-0.0341,2.6663,-0.0667,MEDIUM_SAMPLE
N2XY_COPPER_CABLE,RULE_B,COPPER_USD 2m momentum,2.0,60d,2023-latest,1.5,24,8,7,9,15,0.2,0.25,0.1429,0.0,0.0,2.7649,-0.3,MEDIUM_SAMPLE
N2XY_COPPER_CABLE,RULE_B,COPPER_USD 2m momentum,3.0,60d,FULL,1.5,59,23,15,21,38,0.4211,0.4348,0.4,0.0,0.0,2.7156,-0.0789,GOOD_SAMPLE
N2XY_COPPER_CABLE,RULE_B,COPPER_USD 2m momentum,3.0,60d,2020-2022,1.5,31,17,8,6,25,0.48,0.4706,0.5,0.0,-0.0341,3.1402,-0.02,MEDIUM_SAMPLE
N2XY_COPPER_CABLE,RULE_B,COPPER_USD 2m momentum,3.0,60d,2023-latest,1.5,24,6,6,12,12,0.25,0.3333,0.1667,0.0,0.0,2.7649,-0.25,LOW_SAMPLE
N2XY_COPPER_CABLE,RULE_B,COPPER_USD 2m momentum,5.0,60d,FULL,1.5,59,17,11,31,28,0.3929,0.3529,0.4545,0.0,0.0,2.7649,-0.1071,MEDIUM_SAMPLE
N2XY_COPPER_CABLE,RULE_B,COPPER_USD 2m momentum,5.0,60d,2020-2022,1.5,31,12,7,12,19,0.4737,0.4167,0.5714,0.0,-0.0681,2.6663,-0.0263,MEDIUM_SAMPLE
N2XY_COPPER_CABLE,RULE_B,COPPER_USD 2m momentum,5.0,60d,2023-latest,1.5,24,5,4,15,9,0.2222,0.2,0.25,0.0,0.0,4.53,-0.2778,LOW_SAMPLE
N2XY_COPPER_CABLE,RULE_B,COPPER_USD 2m momentum,2.0,90d,FULL,1.5,57,29,15,13,44,0.4545,0.4828,0.4,0.0,0.0,2.6663,-0.0455,GOOD_SAMPLE
N2XY_COPPER_CABLE,RULE_B,COPPER_USD 2m momentum,2.0,90d,2020-2022,1.5,31,21,8,2,29,0.5172,0.4762,0.625,0.0,-0.4903,2.6663,0.0172,MEDIUM_SAMPLE
N2XY_COPPER_CABLE,RULE_B,COPPER_USD 2m momentum,2.0,90d,2023-latest,1.5,23,8,7,8,15,0.3333,0.5,0.1429,0.1612,0.0,2.1203,-0.1667,MEDIUM_SAMPLE
N2XY_COPPER_CABLE,RULE_B,COPPER_USD 2m momentum,3.0,90d,FULL,1.5,57,24,13,20,37,0.5135,0.5417,0.4615,0.5556,0.0,2.6663,0.0135,GOOD_SAMPLE
N2XY_COPPER_CABLE,RULE_B,COPPER_USD 2m momentum,3.0,90d,2020-2022,1.5,31,18,7,6,25,0.6,0.5556,0.7143,0.7888,-0.9125,2.6663,0.1,MEDIUM_SAMPLE
N2XY_COPPER_CABLE,RULE_B,COPPER_USD 2m momentum,3.0,90d,2023-latest,1.5,23,6,6,11,12,0.3333,0.5,0.1667,0.1612,0.0,2.4426,-0.1667,LOW_SAMPLE
N2XY_COPPER_CABLE,RULE_B,COPPER_USD 2m momentum,5.0,90d,FULL,1.5,57,17,11,29,28,0.5357,0.5294,0.5455,0.7888,-0.0681,2.6663,0.0357,MEDIUM_SAMPLE
N2XY_COPPER_CABLE,RULE_B,COPPER_USD 2m momentum,5.0,90d,2020-2022,1.5,31,12,7,12,19,0.6316,0.5833,0.7143,1.2421,-0.9125,2.6663,0.1316,MEDIUM_SAMPLE
N2XY_COPPER_CABLE,RULE_B,COPPER_USD 2m momentum,5.0,90d,2023-latest,1.5,23,5,4,14,9,0.3333,0.4,0.25,0.0,1.2989,2.7649,-0.1667,LOW_SAMPLE
N2XY_COPPER_CABLE,RULE_C,USD_ILS 2m momentum,2.0,30d,FULL,1.5,60,16,12,32,28,0.2857,0.25,0.3333,0.0,0.0,2.3999,-0.2143,MEDIUM_SAMPLE
N2XY_COPPER_CABLE,RULE_C,USD_ILS 2m momentum,2.0,30d,2020-2022,1.5,31,6,7,18,13,0.2308,0.1667,0.2857,0.0,0.0,4.9446,-0.2692,LOW_SAMPLE
N2XY_COPPER_CABLE,RULE_C,USD_ILS 2m momentum,2.0,30d,2023-latest,1.5,25,8,5,12,13,0.3846,0.375,0.4,0.0,0.0,2.0434,-0.1154,LOW_SAMPLE
N2XY_COPPER_CABLE,RULE_C,USD_ILS 2m momentum,3.0,30d,FULL,1.5,60,8,6,46,14,0.2857,0.25,0.3333,0.0,0.0,2.0885,-0.2143,LOW_SAMPLE
N2XY_COPPER_CABLE,RULE_C,USD_ILS 2m momentum,3.0,30d,2020-2022,1.5,31,4,4,23,8,0.125,0.0,0.25,0.0,0.0,2.6663,-0.375,LOW_SAMPLE
N2XY_COPPER_CABLE,RULE_C,USD_ILS 2m momentum,3.0,30d,2023-latest,1.5,25,3,2,20,5,0.6,0.6667,0.5,1.957,-1.0668,2.0434,0.1,LOW_SAMPLE
N2XY_COPPER_CABLE,RULE_C,USD_ILS 2m momentum,5.0,30d,FULL,1.5,60,3,1,56,4,0.0,0.0,0.0,0.0,0.0,,-0.5,LOW_SAMPLE
N2XY_COPPER_CABLE,RULE_C,USD_ILS 2m momentum,5.0,30d,2020-2022,1.5,31,2,0,29,2,0.0,0.0,,0.0,,,-0.5,LOW_SAMPLE
N2XY_COPPER_CABLE,RULE_C,USD_ILS 2m momentum,5.0,30d,2023-latest,1.5,25,1,1,23,2,0.0,0.0,0.0,0.0,0.0,,-0.5,LOW_SAMPLE
N2XY_COPPER_CABLE,RULE_C,USD_ILS 2m momentum,2.0,60d,FULL,1.5,59,16,13,30,29,0.3448,0.3125,0.3846,0.0,0.0,2.7156,-0.1552,MEDIUM_SAMPLE
N2XY_COPPER_CABLE,RULE_C,USD_ILS 2m momentum,2.0,60d,2020-2022,1.5,31,7,8,16,15,0.2667,0.1429,0.375,0.0,0.0,4.517,-0.2333,MEDIUM_SAMPLE
N2XY_COPPER_CABLE,RULE_C,USD_ILS 2m momentum,2.0,60d,2023-latest,1.5,24,8,5,11,13,0.4615,0.5,0.4,0.9785,0.0,2.0002,-0.0385,LOW_SAMPLE
N2XY_COPPER_CABLE,RULE_C,USD_ILS 2m momentum,3.0,60d,FULL,1.5,59,8,6,45,14,0.3571,0.25,0.5,0.0,-1.3331,2.6663,-0.1429,LOW_SAMPLE
N2XY_COPPER_CABLE,RULE_C,USD_ILS 2m momentum,3.0,60d,2020-2022,1.5,31,4,4,23,8,0.25,0.0,0.5,0.0,-1.3331,3.8055,-0.25,LOW_SAMPLE
N2XY_COPPER_CABLE,RULE_C,USD_ILS 2m momentum,3.0,60d,2023-latest,1.5,24,3,2,19,5,0.6,0.6667,0.5,1.957,-1.3825,2.0434,0.1,LOW_SAMPLE
N2XY_COPPER_CABLE,RULE_C,USD_ILS 2m momentum,5.0,60d,FULL,1.5,59,3,1,55,4,0.0,0.0,0.0,0.0,0.0,,-0.5,LOW_SAMPLE
N2XY_COPPER_CABLE,RULE_C,USD_ILS 2m momentum,5.0,60d,2020-2022,1.5,31,2,0,29,2,0.0,0.0,,0.0,,,-0.5,LOW_SAMPLE
N2XY_COPPER_CABLE,RULE_C,USD_ILS 2m momentum,5.0,60d,2023-latest,1.5,24,1,1,22,2,0.0,0.0,0.0,0.0,0.0,,-0.5,LOW_SAMPLE
N2XY_COPPER_CABLE,RULE_C,USD_ILS 2m momentum,2.0,90d,FULL,1.5,57,15,11,31,26,0.3462,0.3333,0.3636,0.0,0.3224,2.7649,-0.1538,MEDIUM_SAMPLE
N2XY_COPPER_CABLE,RULE_C,USD_ILS 2m momentum,2.0,90d,2020-2022,1.5,31,7,7,17,14,0.2857,0.1429,0.4286,-0.9125,0.0,4.0895,-0.2143,LOW_SAMPLE
N2XY_COPPER_CABLE,RULE_C,USD_ILS 2m momentum,2.0,90d,2023-latest,1.5,23,8,4,11,12,0.4167,0.5,0.25,0.9785,1.2213,2.0434,-0.0833,LOW_SAMPLE
N2XY_COPPER_CABLE,RULE_C,USD_ILS 2m momentum,3.0,90d,FULL,1.5,57,7,6,44,13,0.3846,0.2857,0.5,0.0,-1.3331,2.6663,-0.1154,LOW_SAMPLE
N2XY_COPPER_CABLE,RULE_C,USD_ILS 2m momentum,3.0,90d,2020-2022,1.5,31,4,4,23,8,0.25,0.0,0.5,-0.4563,-1.3331,3.3779,-0.25,LOW_SAMPLE
N2XY_COPPER_CABLE,RULE_C,USD_ILS 2m momentum,3.0,90d,2023-latest,1.5,23,3,2,18,5,0.6,0.6667,0.5,1.957,-0.3223,2.0434,0.1,LOW_SAMPLE
N2XY_COPPER_CABLE,RULE_C,USD_ILS 2m momentum,5.0,90d,FULL,1.5,57,2,1,54,3,0.0,0.0,0.0,-1.3331,2.1203,,-0.5,LOW_SAMPLE
N2XY_COPPER_CABLE,RULE_C,USD_ILS 2m momentum,5.0,90d,2020-2022,1.5,31,1,0,30,1,0.0,0.0,,-2.6663,,,-0.5,LOW_SAMPLE
N2XY_COPPER_CABLE,RULE_C,USD_ILS 2m momentum,5.0,90d,2023-latest,1.5,23,1,1,21,2,0.0,0.0,0.0,0.0,2.1203,,-0.5,LOW_SAMPLE
N2XY_COPPER_CABLE,RULE_D,CBS 2m momentum,2.0,30d,FULL,1.5,60,2,0,58,2,0.0,0.0,,-0.3226,,,-0.5,LOW_SAMPLE
N2XY_COPPER_CABLE,RULE_D,CBS 2m momentum,2.0,30d,2020-2022,1.5,31,0,0,31,0,,,,,,,-0.5,LOW_SAMPLE
N2XY_COPPER_CABLE,RULE_D,CBS 2m momentum,2.0,30d,2023-latest,1.5,25,2,0,23,2,0.0,0.0,,-0.3226,,,-0.5,LOW_SAMPLE
N2XY_COPPER_CABLE,RULE_D,CBS 2m momentum,3.0,30d,FULL,1.5,60,1,0,59,1,0.0,0.0,,0.0,,,-0.5,LOW_SAMPLE
N2XY_COPPER_CABLE,RULE_D,CBS 2m momentum,3.0,30d,2020-2022,1.5,31,0,0,31,0,,,,,,,-0.5,LOW_SAMPLE
N2XY_COPPER_CABLE,RULE_D,CBS 2m momentum,3.0,30d,2023-latest,1.5,25,1,0,24,1,0.0,0.0,,0.0,,,-0.5,LOW_SAMPLE
N2XY_COPPER_CABLE,RULE_D,CBS 2m momentum,5.0,30d,FULL,1.5,60,0,0,60,0,,,,,,,-0.5,LOW_SAMPLE
N2XY_COPPER_CABLE,RULE_D,CBS 2m momentum,5.0,30d,2020-2022,1.5,31,0,0,31,0,,,,,,,-0.5,LOW_SAMPLE
N2XY_COPPER_CABLE,RULE_D,CBS 2m momentum,5.0,30d,2023-latest,1.5,25,0,0,25,0,,,,,,,-0.5,LOW_SAMPLE
N2XY_COPPER_CABLE,RULE_D,CBS 2m momentum,2.0,60d,FULL,1.5,59,1,0,58,1,0.0,0.0,,-0.6451,,,-0.5,LOW_SAMPLE
N2XY_COPPER_CABLE,RULE_D,CBS 2m momentum,2.0,60d,2020-2022,1.5,31,0,0,31,0,,,,,,,-0.5,LOW_SAMPLE
N2XY_COPPER_CABLE,RULE_D,CBS 2m momentum,2.0,60d,2023-latest,1.5,24,1,0,23,1,0.0,0.0,,-0.6451,,,-0.5,LOW_SAMPLE
N2XY_COPPER_CABLE,RULE_D,CBS 2m momentum,3.0,60d,FULL,1.5,59,0,0,59,0,,,,,,,-0.5,LOW_SAMPLE
N2XY_COPPER_CABLE,RULE_D,CBS 2m momentum,3.0,60d,2020-2022,1.5,31,0,0,31,0,,,,,,,-0.5,LOW_SAMPLE
N2XY_COPPER_CABLE,RULE_D,CBS 2m momentum,3.0,60d,2023-latest,1.5,24,0,0,24,0,,,,,,,-0.5,LOW_SAMPLE
N2XY_COPPER_CABLE,RULE_D,CBS 2m momentum,5.0,60d,FULL,1.5,59,0,0,59,0,,,,,,,-0.5,LOW_SAMPLE
N2XY_COPPER_CABLE,RULE_D,CBS 2m momentum,5.0,60d,2020-2022,1.5,31,0,0,31,0,,,,,,,-0.5,LOW_SAMPLE
N2XY_COPPER_CABLE,RULE_D,CBS 2m momentum,5.0,60d,2023-latest,1.5,24,0,0,24,0,,,,,,,-0.5,LOW_SAMPLE
N2XY_COPPER_CABLE,RULE_D,CBS 2m momentum,2.0,90d,FULL,1.5,57,0,0,57,0,,,,,,,-0.5,LOW_SAMPLE
N2XY_COPPER_CABLE,RULE_D,CBS 2m momentum,2.0,90d,2020-2022,1.5,31,0,0,31,0,,,,,,,-0.5,LOW_SAMPLE
N2XY_COPPER_CABLE,RULE_D,CBS 2m momentum,2.0,90d,2023-latest,1.5,23,0,0,23,0,,,,,,,-0.5,LOW_SAMPLE
N2XY_COPPER_CABLE,RULE_D,CBS 2m momentum,3.0,90d,FULL,1.5,57,0,0,57,0,,,,,,,-0.5,LOW_SAMPLE
N2XY_COPPER_CABLE,RULE_D,CBS 2m momentum,3.0,90d,2020-2022,1.5,31,0,0,31,0,,,,,,,-0.5,LOW_SAMPLE
N2XY_COPPER_CABLE,RULE_D,CBS 2m momentum,3.0,90d,2023-latest,1.5,23,0,0,23,0,,,,,,,-0.5,LOW_SAMPLE
N2XY_COPPER_CABLE,RULE_D,CBS 2m momentum,5.0,90d,FULL,1.5,57,0,0,57,0,,,,,,,-0.5,LOW_SAMPLE
N2XY_COPPER_CABLE,RULE_D,CBS 2m momentum,5.0,90d,2020-2022,1.5,31,0,0,31,0,,,,,,,-0.5,LOW_SAMPLE
N2XY_COPPER_CABLE,RULE_D,CBS 2m momentum,5.0,90d,2023-latest,1.5,23,0,0,23,0,,,,,,,-0.5,LOW_SAMPLE
N2XY_COPPER_CABLE,RULE_E,COPPER_ILS + CBS,2.0,30d,FULL,1.5,60,19,11,30,30,0.3,0.2632,0.3636,0.0,0.0,2.7264,-0.2,MEDIUM_SAMPLE
N2XY_COPPER_CABLE,RULE_E,COPPER_ILS + CBS,2.0,30d,2020-2022,1.5,31,13,7,11,20,0.35,0.3077,0.4286,0.0,0.0,2.7264,-0.15,MEDIUM_SAMPLE
N2XY_COPPER_CABLE,RULE_E,COPPER_ILS + CBS,2.0,30d,2023-latest,1.5,25,5,4,16,9,0.2222,0.2,0.25,0.0,0.0,3.15,-0.2778,LOW_SAMPLE
N2XY_COPPER_CABLE,RULE_E,COPPER_ILS + CBS,3.0,30d,FULL,1.5,60,14,7,39,21,0.381,0.2857,0.5714,0.0,-0.9125,2.6963,-0.119,MEDIUM_SAMPLE
N2XY_COPPER_CABLE,RULE_E,COPPER_ILS + CBS,3.0,30d,2020-2022,1.5,31,9,4,18,13,0.4615,0.3333,0.75,0.0,-1.7894,2.6963,-0.0385,LOW_SAMPLE
N2XY_COPPER_CABLE,RULE_E,COPPER_ILS + CBS,3.0,30d,2023-latest,1.5,25,5,3,17,8,0.25,0.2,0.3333,0.0,0.0,3.15,-0.25,LOW_SAMPLE
N2XY_COPPER_CABLE,RULE_E,COPPER_ILS + CBS,5.0,30d,FULL,1.5,60,11,3,46,14,0.4286,0.3636,0.6667,0.0,-0.9125,3.4163,-0.0714,LOW_SAMPLE
N2XY_COPPER_CABLE,RULE_E,COPPER_ILS + CBS,5.0,30d,2020-2022,1.5,31,8,3,20,11,0.4545,0.375,0.6667,0.0,-0.9125,2.6663,-0.0455,LOW_SAMPLE
N2XY_COPPER_CABLE,RULE_E,COPPER_ILS + CBS,5.0,30d,2023-latest,1.5,25,3,0,22,3,0.3333,0.3333,,0.0,,4.1664,-0.1667,LOW_SAMPLE
N2XY_COPPER_CABLE,RULE_E,COPPER_ILS + CBS,2.0,60d,FULL,1.5,59,19,11,29,30,0.4,0.3684,0.4545,0.0,0.0,3.1895,-0.1,MEDIUM_SAMPLE
N2XY_COPPER_CABLE,RULE_E,COPPER_ILS + CBS,2.0,60d,2020-2022,1.5,31,14,7,10,21,0.4762,0.4286,0.5714,0.0,-0.0681,3.1402,-0.0238,MEDIUM_SAMPLE
N2XY_COPPER_CABLE,RULE_E,COPPER_ILS + CBS,2.0,60d,2023-latest,1.5,24,4,4,16,8,0.25,0.25,0.25,0.0,0.0,4.53,-0.25,LOW_SAMPLE
N2XY_COPPER_CABLE,RULE_E,COPPER_ILS + CBS,3.0,60d,FULL,1.5,59,15,7,37,22,0.4091,0.3333,0.5714,0.0,-2.6663,3.6141,-0.0909,MEDIUM_SAMPLE
N2XY_COPPER_CABLE,RULE_E,COPPER_ILS + CBS,3.0,60d,2020-2022,1.5,31,11,4,16,15,0.4667,0.3636,0.75,0.0,-2.6663,3.6141,-0.0333,MEDIUM_SAMPLE
N2XY_COPPER_CABLE,RULE_E,COPPER_ILS + CBS,3.0,60d,2023-latest,1.5,24,4,3,17,7,0.2857,0.25,0.3333,0.0,0.0,4.53,-0.2143,LOW_SAMPLE
N2XY_COPPER_CABLE,RULE_E,COPPER_ILS + CBS,5.0,60d,FULL,1.5,59,11,2,46,13,0.5385,0.4545,1.0,0.0,-2.6663,6.295,0.0385,LOW_SAMPLE
N2XY_COPPER_CABLE,RULE_E,COPPER_ILS + CBS,5.0,60d,2020-2022,1.5,31,8,2,21,10,0.6,0.5,1.0,0.4498,-2.6663,4.9058,0.1,LOW_SAMPLE
N2XY_COPPER_CABLE,RULE_E,COPPER_ILS + CBS,5.0,60d,2023-latest,1.5,24,3,0,21,3,0.3333,0.3333,,0.0,,6.295,-0.1667,LOW_SAMPLE
N2XY_COPPER_CABLE,RULE_E,COPPER_ILS + CBS,2.0,90d,FULL,1.5,57,19,10,28,29,0.5172,0.4737,0.6,0.0,-0.4903,2.7649,0.0172,MEDIUM_SAMPLE
N2XY_COPPER_CABLE,RULE_E,COPPER_ILS + CBS,2.0,90d,2020-2022,1.5,31,15,6,10,21,0.619,0.5333,0.8333,0.7888,-1.7894,2.6663,0.119,MEDIUM_SAMPLE
N2XY_COPPER_CABLE,RULE_E,COPPER_ILS + CBS,2.0,90d,2023-latest,1.5,23,4,4,15,8,0.25,0.25,0.25,0.0,1.2989,4.53,-0.25,LOW_SAMPLE
N2XY_COPPER_CABLE,RULE_E,COPPER_ILS + CBS,3.0,90d,FULL,1.5,57,15,7,35,22,0.5,0.4667,0.5714,0.0,-0.9125,4.1664,0.0,MEDIUM_SAMPLE
N2XY_COPPER_CABLE,RULE_E,COPPER_ILS + CBS,3.0,90d,2020-2022,1.5,31,11,4,16,15,0.6,0.5455,0.75,1.6955,-1.7894,4.1664,0.1,MEDIUM_SAMPLE
N2XY_COPPER_CABLE,RULE_E,COPPER_ILS + CBS,3.0,90d,2023-latest,1.5,23,4,3,16,7,0.2857,0.25,0.3333,0.0,2.5979,4.53,-0.2143,LOW_SAMPLE
N2XY_COPPER_CABLE,RULE_E,COPPER_ILS + CBS,5.0,90d,FULL,1.5,57,11,3,43,14,0.5714,0.4545,1.0,0.0,-2.6663,4.4806,0.0714,LOW_SAMPLE
N2XY_COPPER_CABLE,RULE_E,COPPER_ILS + CBS,5.0,90d,2020-2022,1.5,31,8,3,20,11,0.6364,0.5,1.0,0.8478,-2.6663,2.6663,0.1364,LOW_SAMPLE
N2XY_COPPER_CABLE,RULE_E,COPPER_ILS + CBS,5.0,90d,2023-latest,1.5,23,3,0,20,3,0.3333,0.3333,,0.0,,6.295,-0.1667,LOW_SAMPLE
N2XY_COPPER_CABLE,RULE_F,COPPER_ILS + USD_ILS,2.0,30d,FULL,1.5,60,22,15,23,37,0.3514,0.3182,0.4,0.0,0.0,2.1336,-0.1486,GOOD_SAMPLE
N2XY_COPPER_CABLE,RULE_F,COPPER_ILS + USD_ILS,2.0,30d,2020-2022,1.5,31,13,8,10,21,0.381,0.3077,0.5,0.0,-0.0341,2.6963,-0.119,MEDIUM_SAMPLE
N2XY_COPPER_CABLE,RULE_F,COPPER_ILS + USD_ILS,2.0,30d,2023-latest,1.5,25,8,6,11,14,0.3571,0.375,0.3333,0.0,0.0,2.0434,-0.1429,LOW_SAMPLE
N2XY_COPPER_CABLE,RULE_F,COPPER_ILS + USD_ILS,3.0,30d,FULL,1.5,60,17,11,32,28,0.3571,0.2941,0.4545,0.0,0.0,2.3999,-0.1429,MEDIUM_SAMPLE
N2XY_COPPER_CABLE,RULE_F,COPPER_ILS + USD_ILS,3.0,30d,2020-2022,1.5,31,10,6,15,16,0.375,0.3,0.5,0.0,-0.4563,2.6963,-0.125,MEDIUM_SAMPLE
N2XY_COPPER_CABLE,RULE_F,COPPER_ILS + USD_ILS,3.0,30d,2023-latest,1.5,25,6,5,14,11,0.3636,0.3333,0.4,0.0,0.0,2.0885,-0.1364,LOW_SAMPLE
N2XY_COPPER_CABLE,RULE_F,COPPER_ILS + USD_ILS,5.0,30d,FULL,1.5,60,9,4,47,13,0.3846,0.3333,0.5,0.0,-1.0668,4.1664,-0.1154,LOW_SAMPLE
N2XY_COPPER_CABLE,RULE_F,COPPER_ILS + USD_ILS,5.0,30d,2020-2022,1.5,31,6,2,23,8,0.375,0.3333,0.5,0.0,-1.3331,7.1453,-0.125,LOW_SAMPLE
N2XY_COPPER_CABLE,RULE_F,COPPER_ILS + USD_ILS,5.0,30d,2023-latest,1.5,25,3,2,20,5,0.4,0.3333,0.5,0.0,-1.0668,3.15,-0.1,LOW_SAMPLE
N2XY_COPPER_CABLE,RULE_F,COPPER_ILS + USD_ILS,2.0,60d,FULL,1.5,59,22,14,23,36,0.5,0.4545,0.5714,0.0,-0.0681,2.3548,0.0,GOOD_SAMPLE
N2XY_COPPER_CABLE,RULE_F,COPPER_ILS + USD_ILS,2.0,60d,2020-2022,1.5,31,13,7,11,20,0.55,0.4615,0.7143,0.0,-0.0681,2.6663,0.05,MEDIUM_SAMPLE
N2XY_COPPER_CABLE,RULE_F,COPPER_ILS + USD_ILS,2.0,60d,2023-latest,1.5,24,8,6,10,14,0.4286,0.5,0.3333,0.9785,0.0,2.0002,-0.0714,LOW_SAMPLE
N2XY_COPPER_CABLE,RULE_F,COPPER_ILS + USD_ILS,3.0,60d,FULL,1.5,59,17,10,32,27,0.4444,0.3529,0.6,0.0,-0.3566,2.7156,-0.0556,MEDIUM_SAMPLE
N2XY_COPPER_CABLE,RULE_F,COPPER_ILS + USD_ILS,3.0,60d,2020-2022,1.5,31,10,5,16,15,0.5333,0.4,0.8,0.0,-2.6663,3.1402,0.0333,MEDIUM_SAMPLE
N2XY_COPPER_CABLE,RULE_F,COPPER_ILS + USD_ILS,3.0,60d,2023-latest,1.5,24,6,5,13,11,0.3636,0.3333,0.4,0.0,0.0,2.4042,-0.1364,LOW_SAMPLE
N2XY_COPPER_CABLE,RULE_F,COPPER_ILS + USD_ILS,5.0,60d,FULL,1.5,59,9,4,46,13,0.5385,0.4444,0.75,0.0,-2.6663,6.295,0.0385,LOW_SAMPLE
N2XY_COPPER_CABLE,RULE_F,COPPER_ILS + USD_ILS,5.0,60d,2020-2022,1.5,31,6,2,23,8,0.625,0.5,1.0,3.5726,-2.6663,7.1453,0.125,LOW_SAMPLE
N2XY_COPPER_CABLE,RULE_F,COPPER_ILS + USD_ILS,5.0,60d,2023-latest,1.5,24,3,2,19,5,0.4,0.3333,0.5,0.0,-1.3825,4.53,-0.1,LOW_SAMPLE
N2XY_COPPER_CABLE,RULE_F,COPPER_ILS + USD_ILS,2.0,90d,FULL,1.5,57,21,11,25,32,0.5,0.5238,0.4545,0.7888,0.0,2.6663,0.0,GOOD_SAMPLE
N2XY_COPPER_CABLE,RULE_F,COPPER_ILS + USD_ILS,2.0,90d,2020-2022,1.5,31,13,6,12,19,0.5789,0.5385,0.6667,0.7888,-0.4903,2.6663,0.0789,MEDIUM_SAMPLE
N2XY_COPPER_CABLE,RULE_F,COPPER_ILS + USD_ILS,2.0,90d,2023-latest,1.5,23,8,5,10,13,0.3846,0.5,0.2,0.9785,2.1203,2.0434,-0.1154,LOW_SAMPLE
N2XY_COPPER_CABLE,RULE_F,COPPER_ILS + USD_ILS,3.0,90d,FULL,1.5,57,16,8,33,24,0.4583,0.375,0.625,0.0,-0.4903,2.6663,-0.0417,MEDIUM_SAMPLE
N2XY_COPPER_CABLE,RULE_F,COPPER_ILS + USD_ILS,3.0,90d,2020-2022,1.5,31,10,4,17,14,0.5714,0.4,1.0,0.0,-1.7894,2.6663,0.0714,LOW_SAMPLE
N2XY_COPPER_CABLE,RULE_F,COPPER_ILS + USD_ILS,3.0,90d,2023-latest,1.5,23,6,4,13,10,0.3,0.3333,0.25,0.0,2.3591,2.7649,-0.2,LOW_SAMPLE
N2XY_COPPER_CABLE,RULE_F,COPPER_ILS + USD_ILS,5.0,90d,FULL,1.5,57,8,4,45,12,0.5833,0.5,0.75,3.1475,-2.6663,6.295,0.0833,LOW_SAMPLE
N2XY_COPPER_CABLE,RULE_F,COPPER_ILS + USD_ILS,5.0,90d,2020-2022,1.5,31,5,2,24,7,0.7143,0.6,1.0,8.7964,-2.6663,8.7964,0.2143,LOW_SAMPLE
N2XY_COPPER_CABLE,RULE_F,COPPER_ILS + USD_ILS,5.0,90d,2023-latest,1.5,23,3,2,18,5,0.4,0.3333,0.5,0.0,-0.3223,4.53,-0.1,LOW_SAMPLE
N2XY_COPPER_CABLE,RULE_G,COPPER_ILS + OIL,2.0,30d,FULL,1.5,60,27,22,11,49,0.2653,0.2963,0.2273,0.0,0.0,2.6663,-0.2347,GOOD_SAMPLE
N2XY_COPPER_CABLE,RULE_G,COPPER_ILS + OIL,2.0,30d,2020-2022,1.5,31,18,9,4,27,0.3333,0.2778,0.4444,0.0,0.0,2.7264,-0.1667,MEDIUM_SAMPLE
N2XY_COPPER_CABLE,RULE_G,COPPER_ILS + OIL,2.0,30d,2023-latest,1.5,25,9,10,6,19,0.2105,0.3333,0.1,0.0,0.0,2.0453,-0.2895,MEDIUM_SAMPLE
N2XY_COPPER_CABLE,RULE_G,COPPER_ILS + OIL,3.0,30d,FULL,1.5,60,22,18,20,40,0.325,0.3636,0.2778,0.0,0.0,2.6663,-0.175,GOOD_SAMPLE
N2XY_COPPER_CABLE,RULE_G,COPPER_ILS + OIL,3.0,30d,2020-2022,1.5,31,15,7,9,22,0.4091,0.3333,0.5714,0.0,-0.0681,2.7264,-0.0909,MEDIUM_SAMPLE
N2XY_COPPER_CABLE,RULE_G,COPPER_ILS + OIL,3.0,30d,2023-latest,1.5,25,7,8,10,15,0.2667,0.4286,0.125,0.0,0.0,2.0453,-0.2333,MEDIUM_SAMPLE
N2XY_COPPER_CABLE,RULE_G,COPPER_ILS + OIL,5.0,30d,FULL,1.5,60,17,15,28,32,0.3125,0.3529,0.2667,0.0,0.0,2.6963,-0.1875,GOOD_SAMPLE
N2XY_COPPER_CABLE,RULE_G,COPPER_ILS + OIL,5.0,30d,2020-2022,1.5,31,12,6,13,18,0.3889,0.3333,0.5,0.0,-0.4563,2.7264,-0.1111,MEDIUM_SAMPLE
N2XY_COPPER_CABLE,RULE_G,COPPER_ILS + OIL,5.0,30d,2023-latest,1.5,25,5,7,13,12,0.25,0.4,0.1429,0.0,0.0,2.1336,-0.25,LOW_SAMPLE
N2XY_COPPER_CABLE,RULE_G,COPPER_ILS + OIL,2.0,60d,FULL,1.5,59,25,23,11,48,0.3333,0.4,0.2609,0.0,0.0,2.7156,-0.1667,GOOD_SAMPLE
N2XY_COPPER_CABLE,RULE_G,COPPER_ILS + OIL,2.0,60d,2020-2022,1.5,31,17,10,4,27,0.3704,0.3529,0.4,0.0,0.0,5.3797,-0.1296,MEDIUM_SAMPLE
N2XY_COPPER_CABLE,RULE_G,COPPER_ILS + OIL,2.0,60d,2023-latest,1.5,24,8,10,6,18,0.2778,0.5,0.1,0.1612,0.0,1.957,-0.2222,MEDIUM_SAMPLE
N2XY_COPPER_CABLE,RULE_G,COPPER_ILS + OIL,3.0,60d,FULL,1.5,59,22,19,18,41,0.3902,0.4545,0.3158,0.0,0.0,2.7156,-0.1098,GOOD_SAMPLE
N2XY_COPPER_CABLE,RULE_G,COPPER_ILS + OIL,3.0,60d,2020-2022,1.5,31,15,8,8,23,0.4348,0.4,0.5,0.0,-0.0341,5.3797,-0.0652,MEDIUM_SAMPLE
N2XY_COPPER_CABLE,RULE_G,COPPER_ILS + OIL,3.0,60d,2023-latest,1.5,24,7,8,9,15,0.3333,0.5714,0.125,0.3224,0.0,1.957,-0.1667,MEDIUM_SAMPLE
N2XY_COPPER_CABLE,RULE_G,COPPER_ILS + OIL,5.0,60d,FULL,1.5,59,18,15,26,33,0.3636,0.4444,0.2667,0.0,0.0,3.1895,-0.1364,GOOD_SAMPLE
N2XY_COPPER_CABLE,RULE_G,COPPER_ILS + OIL,5.0,60d,2020-2022,1.5,31,13,6,12,19,0.4211,0.3846,0.5,0.0,-1.3331,5.3797,-0.0789,MEDIUM_SAMPLE
N2XY_COPPER_CABLE,RULE_G,COPPER_ILS + OIL,5.0,60d,2023-latest,1.5,24,5,7,12,12,0.3333,0.6,0.1429,1.957,0.0,2.361,-0.1667,LOW_SAMPLE
N2XY_COPPER_CABLE,RULE_G,COPPER_ILS + OIL,2.0,90d,FULL,1.5,57,27,20,10,47,0.3404,0.4444,0.2,0.0,0.0,2.7156,-0.1596,GOOD_SAMPLE
N2XY_COPPER_CABLE,RULE_G,COPPER_ILS + OIL,2.0,90d,2020-2022,1.5,31,19,9,3,28,0.3571,0.3684,0.3333,0.0,0.0,7.9709,-0.1429,MEDIUM_SAMPLE
N2XY_COPPER_CABLE,RULE_G,COPPER_ILS + OIL,2.0,90d,2023-latest,1.5,23,8,10,5,18,0.3333,0.625,0.1,1.1397,0.0327,1.957,-0.1667,MEDIUM_SAMPLE
N2XY_COPPER_CABLE,RULE_G,COPPER_ILS + OIL,3.0,90d,FULL,1.5,57,23,16,18,39,0.4103,0.5217,0.25,0.3224,0.0,2.7156,-0.0897,GOOD_SAMPLE
N2XY_COPPER_CABLE,RULE_G,COPPER_ILS + OIL,3.0,90d,2020-2022,1.5,31,16,7,8,23,0.4348,0.4375,0.4286,0.0,0.0,7.9709,-0.0652,MEDIUM_SAMPLE
N2XY_COPPER_CABLE,RULE_G,COPPER_ILS + OIL,3.0,90d,2023-latest,1.5,23,7,8,8,15,0.4,0.7143,0.125,1.957,0.0327,1.957,-0.1,MEDIUM_SAMPLE
N2XY_COPPER_CABLE,RULE_G,COPPER_ILS + OIL,5.0,90d,FULL,1.5,57,18,13,26,31,0.4194,0.5,0.3077,0.8478,0.0,2.7649,-0.0806,GOOD_SAMPLE
N2XY_COPPER_CABLE,RULE_G,COPPER_ILS + OIL,5.0,90d,2020-2022,1.5,31,13,5,13,18,0.5,0.4615,0.6,0.0,-0.9125,7.1453,0.0,MEDIUM_SAMPLE
N2XY_COPPER_CABLE,RULE_G,COPPER_ILS + OIL,5.0,90d,2023-latest,1.5,23,5,7,11,12,0.3333,0.6,0.1429,1.957,0.0,2.361,-0.1667,LOW_SAMPLE
N2XY_COPPER_CABLE,RULE_H,Weighted composite,2.0,30d,FULL,1.5,60,24,15,21,39,0.2821,0.25,0.3333,0.0,0.0,2.6663,-0.2179,GOOD_SAMPLE
N2XY_COPPER_CABLE,RULE_H,Weighted composite,2.0,30d,2020-2022,1.5,31,15,6,10,21,0.381,0.2667,0.6667,0.0,-0.4903,2.6963,-0.119,MEDIUM_SAMPLE
N2XY_COPPER_CABLE,RULE_H,Weighted composite,2.0,30d,2023-latest,1.5,25,9,7,9,16,0.1875,0.2222,0.1429,0.0,0.0,2.1336,-0.3125,MEDIUM_SAMPLE
N2XY_COPPER_CABLE,RULE_H,Weighted composite,3.0,30d,FULL,1.5,60,17,12,31,29,0.3448,0.3529,0.3333,0.0,0.0,2.6963,-0.1552,MEDIUM_SAMPLE
N2XY_COPPER_CABLE,RULE_H,Weighted composite,3.0,30d,2020-2022,1.5,31,12,5,14,17,0.4118,0.3333,0.6,0.0,-0.9125,2.7264,-0.0882,MEDIUM_SAMPLE
N2XY_COPPER_CABLE,RULE_H,Weighted composite,3.0,30d,2023-latest,1.5,25,5,6,14,11,0.2727,0.4,0.1667,0.0,0.0,2.1336,-0.2273,LOW_SAMPLE
N2XY_COPPER_CABLE,RULE_H,Weighted composite,5.0,30d,FULL,1.5,60,13,5,42,18,0.5,0.3846,0.8,0.0,-2.1336,2.7264,0.0,MEDIUM_SAMPLE
N2XY_COPPER_CABLE,RULE_H,Weighted composite,5.0,30d,2020-2022,1.5,31,10,4,17,14,0.5,0.4,0.75,0.0,-1.7894,2.7264,0.0,LOW_SAMPLE
N2XY_COPPER_CABLE,RULE_H,Weighted composite,5.0,30d,2023-latest,1.5,25,3,1,21,4,0.5,0.3333,1.0,0.0,-2.1336,3.15,0.0,LOW_SAMPLE
N2XY_COPPER_CABLE,RULE_H,Weighted composite,2.0,60d,FULL,1.5,59,23,15,21,38,0.3684,0.3478,0.4,0.0,0.0,2.7156,-0.1316,GOOD_SAMPLE
N2XY_COPPER_CABLE,RULE_H,Weighted composite,2.0,60d,2020-2022,1.5,31,15,6,10,21,0.4286,0.3333,0.6667,0.0,-1.3672,3.6141,-0.0714,MEDIUM_SAMPLE
N2XY_COPPER_CABLE,RULE_H,Weighted composite,2.0,60d,2023-latest,1.5,24,8,7,9,15,0.2667,0.375,0.1429,0.0,0.0,2.361,-0.2333,MEDIUM_SAMPLE
N2XY_COPPER_CABLE,RULE_H,Weighted composite,3.0,60d,FULL,1.5,59,18,11,30,29,0.4138,0.4444,0.3636,0.0,0.0,3.1895,-0.0862,MEDIUM_SAMPLE
N2XY_COPPER_CABLE,RULE_H,Weighted composite,3.0,60d,2020-2022,1.5,31,13,5,13,18,0.4444,0.3846,0.6,0.0,-2.6663,5.3797,-0.0556,MEDIUM_SAMPLE
N2XY_COPPER_CABLE,RULE_H,Weighted composite,3.0,60d,2023-latest,1.5,24,5,6,13,11,0.3636,0.6,0.1667,1.957,0.0,2.361,-0.1364,LOW_SAMPLE
N2XY_COPPER_CABLE,RULE_H,Weighted composite,5.0,60d,FULL,1.5,59,14,5,40,19,0.5263,0.4286,0.8,0.0,-2.6663,4.9545,0.0263,MEDIUM_SAMPLE
N2XY_COPPER_CABLE,RULE_H,Weighted composite,5.0,60d,2020-2022,1.5,31,11,4,16,15,0.5333,0.4545,0.75,0.0,-2.6663,5.3797,0.0333,MEDIUM_SAMPLE
N2XY_COPPER_CABLE,RULE_H,Weighted composite,5.0,60d,2023-latest,1.5,24,3,1,20,4,0.5,0.3333,1.0,0.0,-2.7649,4.53,0.0,LOW_SAMPLE
N2XY_COPPER_CABLE,RULE_H,Weighted composite,2.0,90d,FULL,1.5,57,23,13,21,36,0.3889,0.4348,0.3077,0.0,0.0,2.7156,-0.1111,GOOD_SAMPLE
N2XY_COPPER_CABLE,RULE_H,Weighted composite,2.0,90d,2020-2022,1.5,31,15,5,11,20,0.45,0.4,0.6,0.0,-0.9125,7.1453,-0.05,MEDIUM_SAMPLE
N2XY_COPPER_CABLE,RULE_H,Weighted composite,2.0,90d,2023-latest,1.5,23,8,7,8,15,0.3333,0.5,0.1429,0.9785,0.0,1.957,-0.1667,MEDIUM_SAMPLE
N2XY_COPPER_CABLE,RULE_H,Weighted composite,3.0,90d,FULL,1.5,57,18,10,29,28,0.4643,0.5,0.4,0.8478,0.0,2.7649,-0.0357,MEDIUM_SAMPLE
N2XY_COPPER_CABLE,RULE_H,Weighted composite,3.0,90d,2020-2022,1.5,31,13,4,14,17,0.5294,0.4615,0.75,0.0,-1.7894,7.1453,0.0294,MEDIUM_SAMPLE
N2XY_COPPER_CABLE,RULE_H,Weighted composite,3.0,90d,2023-latest,1.5,23,5,6,12,11,0.3636,0.6,0.1667,1.957,1.0601,2.361,-0.1364,LOW_SAMPLE
N2XY_COPPER_CABLE,RULE_H,Weighted composite,5.0,90d,FULL,1.5,57,14,5,38,19,0.5789,0.5,0.8,0.8478,-2.6663,6.295,0.0789,MEDIUM_SAMPLE
N2XY_COPPER_CABLE,RULE_H,Weighted composite,5.0,90d,2020-2022,1.5,31,11,4,16,15,0.6,0.5455,0.75,1.6955,-1.7894,7.1453,0.1,MEDIUM_SAMPLE
N2XY_COPPER_CABLE,RULE_H,Weighted composite,5.0,90d,2023-latest,1.5,23,3,1,19,4,0.5,0.3333,1.0,0.0,-2.7649,4.53,0.0,LOW_SAMPLE
COPPER_WIRE,RULE_A,COPPER_ILS 2m momentum,2.0,30d,FULL,1.5,58,26,20,12,46,0.1522,0.2308,0.05,0.0,0.0,3.6109,-0.3478,GOOD_SAMPLE
COPPER_WIRE,RULE_A,COPPER_ILS 2m momentum,2.0,30d,2020-2022,1.5,29,17,10,2,27,0.1111,0.1765,0.0,0.0,0.0,4.1481,-0.3889,MEDIUM_SAMPLE
COPPER_WIRE,RULE_A,COPPER_ILS 2m momentum,2.0,30d,2023-latest,1.5,25,8,8,9,16,0.1875,0.25,0.125,0.0,0.0,3.6109,-0.3125,MEDIUM_SAMPLE
COPPER_WIRE,RULE_A,COPPER_ILS 2m momentum,3.0,30d,FULL,1.5,58,20,18,20,38,0.1842,0.3,0.0556,0.0,0.0,3.6109,-0.3158,GOOD_SAMPLE
COPPER_WIRE,RULE_A,COPPER_ILS 2m momentum,3.0,30d,2020-2022,1.5,29,13,10,6,23,0.1304,0.2308,0.0,0.0,0.0,4.1481,-0.3696,MEDIUM_SAMPLE
COPPER_WIRE,RULE_A,COPPER_ILS 2m momentum,3.0,30d,2023-latest,1.5,25,6,6,13,12,0.25,0.3333,0.1667,0.0,0.0,3.6109,-0.25,LOW_SAMPLE
COPPER_WIRE,RULE_A,COPPER_ILS 2m momentum,5.0,30d,FULL,1.5,58,12,12,34,24,0.2083,0.3333,0.0833,0.0,0.0,3.1295,-0.2917,MEDIUM_SAMPLE
COPPER_WIRE,RULE_A,COPPER_ILS 2m momentum,5.0,30d,2020-2022,1.5,29,7,7,15,14,0.1429,0.2857,0.0,0.0,0.0,3.0845,-0.3571,LOW_SAMPLE
COPPER_WIRE,RULE_A,COPPER_ILS 2m momentum,5.0,30d,2023-latest,1.5,25,4,4,17,8,0.25,0.25,0.25,0.0,0.0,3.3702,-0.25,LOW_SAMPLE
COPPER_WIRE,RULE_A,COPPER_ILS 2m momentum,2.0,60d,FULL,1.5,56,26,20,10,46,0.2391,0.3462,0.1,0.0,0.0,3.1295,-0.2609,GOOD_SAMPLE
COPPER_WIRE,RULE_A,COPPER_ILS 2m momentum,2.0,60d,2020-2022,1.5,29,18,10,1,28,0.2143,0.3333,0.0,0.0,0.0,3.2295,-0.2857,MEDIUM_SAMPLE
COPPER_WIRE,RULE_A,COPPER_ILS 2m momentum,2.0,60d,2023-latest,1.5,24,7,8,9,15,0.2667,0.2857,0.25,0.0,0.0,3.3702,-0.2333,MEDIUM_SAMPLE
COPPER_WIRE,RULE_A,COPPER_ILS 2m momentum,3.0,60d,FULL,1.5,56,20,18,18,38,0.2368,0.4,0.0556,0.0,0.0,3.1295,-0.2632,GOOD_SAMPLE
COPPER_WIRE,RULE_A,COPPER_ILS 2m momentum,3.0,60d,2020-2022,1.5,29,14,10,5,24,0.25,0.4286,0.0,0.0,0.0,3.2295,-0.25,MEDIUM_SAMPLE
COPPER_WIRE,RULE_A,COPPER_ILS 2m momentum,3.0,60d,2023-latest,1.5,24,5,6,13,11,0.1818,0.2,0.1667,0.0,0.0,3.3702,-0.3182,LOW_SAMPLE
COPPER_WIRE,RULE_A,COPPER_ILS 2m momentum,5.0,60d,FULL,1.5,56,14,12,30,26,0.3077,0.5,0.0833,0.019,0.0,2.7025,-0.1923,MEDIUM_SAMPLE
COPPER_WIRE,RULE_A,COPPER_ILS 2m momentum,5.0,60d,2020-2022,1.5,29,9,7,13,16,0.3125,0.5556,0.0,0.0379,0.0,2.2756,-0.1875,MEDIUM_SAMPLE
COPPER_WIRE,RULE_A,COPPER_ILS 2m momentum,5.0,60d,2023-latest,1.5,24,4,4,16,8,0.25,0.25,0.25,0.0,0.0,3.3702,-0.25,LOW_SAMPLE
COPPER_WIRE,RULE_A,COPPER_ILS 2m momentum,2.0,90d,FULL,1.5,54,25,16,13,41,0.2927,0.4,0.125,0.0,0.0,3.3702,-0.2073,GOOD_SAMPLE
COPPER_WIRE,RULE_A,COPPER_ILS 2m momentum,2.0,90d,2020-2022,1.5,29,18,9,2,27,0.2593,0.3889,0.0,0.0,0.0,2.2756,-0.2407,MEDIUM_SAMPLE
COPPER_WIRE,RULE_A,COPPER_ILS 2m momentum,2.0,90d,2023-latest,1.5,23,7,7,9,14,0.3571,0.4286,0.2857,0.0,0.0,3.6109,-0.1429,LOW_SAMPLE
COPPER_WIRE,RULE_A,COPPER_ILS 2m momentum,3.0,90d,FULL,1.5,54,19,14,21,33,0.2424,0.4211,0.0,0.0,0.0,2.9433,-0.2576,GOOD_SAMPLE
COPPER_WIRE,RULE_A,COPPER_ILS 2m momentum,3.0,90d,2020-2022,1.5,29,14,9,6,23,0.3043,0.5,0.0,0.019,0.0,2.2756,-0.1957,MEDIUM_SAMPLE
COPPER_WIRE,RULE_A,COPPER_ILS 2m momentum,3.0,90d,2023-latest,1.5,23,5,5,13,10,0.1,0.2,0.0,0.0,2.604,3.6109,-0.4,LOW_SAMPLE
COPPER_WIRE,RULE_A,COPPER_ILS 2m momentum,5.0,90d,FULL,1.5,54,14,10,30,24,0.2917,0.5,0.0,0.019,0.0,2.2756,-0.2083,MEDIUM_SAMPLE
COPPER_WIRE,RULE_A,COPPER_ILS 2m momentum,5.0,90d,2020-2022,1.5,29,10,6,13,16,0.375,0.6,0.0,0.0379,0.0,2.2756,-0.125,MEDIUM_SAMPLE
COPPER_WIRE,RULE_A,COPPER_ILS 2m momentum,5.0,90d,2023-latest,1.5,23,4,4,15,8,0.125,0.25,0.0,0.0,2.604,3.6109,-0.375,LOW_SAMPLE
COPPER_WIRE,RULE_B,COPPER_USD 2m momentum,2.0,30d,FULL,1.5,58,27,20,11,47,0.1915,0.2963,0.05,0.0,0.0,3.6109,-0.3085,GOOD_SAMPLE
COPPER_WIRE,RULE_B,COPPER_USD 2m momentum,2.0,30d,2020-2022,1.5,29,17,10,2,27,0.1481,0.2353,0.0,0.0,0.0,2.093,-0.3519,MEDIUM_SAMPLE
COPPER_WIRE,RULE_B,COPPER_USD 2m momentum,2.0,30d,2023-latest,1.5,25,9,7,9,16,0.25,0.3333,0.1429,0.0,0.0,5.9619,-0.25,MEDIUM_SAMPLE
COPPER_WIRE,RULE_B,COPPER_USD 2m momentum,3.0,30d,FULL,1.5,58,21,15,22,36,0.2222,0.3333,0.0667,0.0,0.0,3.8795,-0.2778,GOOD_SAMPLE
COPPER_WIRE,RULE_B,COPPER_USD 2m momentum,3.0,30d,2020-2022,1.5,29,14,8,7,22,0.1818,0.2857,0.0,0.0,0.0,2.093,-0.3182,MEDIUM_SAMPLE
COPPER_WIRE,RULE_B,COPPER_USD 2m momentum,3.0,30d,2023-latest,1.5,25,7,6,12,13,0.3077,0.4286,0.1667,0.0,0.0,5.9619,-0.1923,LOW_SAMPLE
COPPER_WIRE,RULE_B,COPPER_USD 2m momentum,5.0,30d,FULL,1.5,58,14,11,33,25,0.16,0.2143,0.0909,0.0,0.0,3.3702,-0.34,MEDIUM_SAMPLE
COPPER_WIRE,RULE_B,COPPER_USD 2m momentum,5.0,30d,2020-2022,1.5,29,9,7,13,16,0.125,0.2222,0.0,0.0,0.0,3.0845,-0.375,MEDIUM_SAMPLE
COPPER_WIRE,RULE_B,COPPER_USD 2m momentum,5.0,30d,2023-latest,1.5,25,5,4,16,9,0.2222,0.2,0.25,0.0,0.0,3.3702,-0.2778,LOW_SAMPLE
COPPER_WIRE,RULE_B,COPPER_USD 2m momentum,2.0,60d,FULL,1.5,56,27,19,10,46,0.2391,0.3704,0.0526,0.0,0.0,3.1295,-0.2609,GOOD_SAMPLE
COPPER_WIRE,RULE_B,COPPER_USD 2m momentum,2.0,60d,2020-2022,1.5,29,18,10,1,28,0.25,0.3889,0.0,0.0,0.0,2.2756,-0.25,MEDIUM_SAMPLE
COPPER_WIRE,RULE_B,COPPER_USD 2m momentum,2.0,60d,2023-latest,1.5,24,8,7,9,15,0.2,0.25,0.1429,0.0,0.0,3.6109,-0.3,MEDIUM_SAMPLE
COPPER_WIRE,RULE_B,COPPER_USD 2m momentum,3.0,60d,FULL,1.5,56,21,15,20,36,0.2778,0.4286,0.0667,0.0,0.0,3.3702,-0.2222,GOOD_SAMPLE
COPPER_WIRE,RULE_B,COPPER_USD 2m momentum,3.0,60d,2020-2022,1.5,29,15,8,6,23,0.3043,0.4667,0.0,0.0,0.0,2.2756,-0.1957,MEDIUM_SAMPLE
COPPER_WIRE,RULE_B,COPPER_USD 2m momentum,3.0,60d,2023-latest,1.5,24,6,6,12,12,0.25,0.3333,0.1667,0.0,0.0,3.6109,-0.25,LOW_SAMPLE
COPPER_WIRE,RULE_B,COPPER_USD 2m momentum,5.0,60d,FULL,1.5,56,15,11,30,26,0.2692,0.4,0.0909,0.0,0.0,3.1295,-0.2308,MEDIUM_SAMPLE
COPPER_WIRE,RULE_B,COPPER_USD 2m momentum,5.0,60d,2020-2022,1.5,29,10,7,12,17,0.2941,0.5,0.0,0.019,0.0,2.2756,-0.2059,MEDIUM_SAMPLE
COPPER_WIRE,RULE_B,COPPER_USD 2m momentum,5.0,60d,2023-latest,1.5,24,5,4,15,9,0.2222,0.2,0.25,0.0,0.0,3.3702,-0.2778,LOW_SAMPLE
COPPER_WIRE,RULE_B,COPPER_USD 2m momentum,2.0,90d,FULL,1.5,54,27,16,11,43,0.2558,0.4074,0.0,0.0,0.0,3.6109,-0.2442,GOOD_SAMPLE
COPPER_WIRE,RULE_B,COPPER_USD 2m momentum,2.0,90d,2020-2022,1.5,29,19,8,2,27,0.2963,0.4211,0.0,0.0,0.0,2.2756,-0.2037,MEDIUM_SAMPLE
COPPER_WIRE,RULE_B,COPPER_USD 2m momentum,2.0,90d,2023-latest,1.5,23,8,7,8,15,0.2,0.375,0.0,0.0,2.604,3.7108,-0.3,MEDIUM_SAMPLE
COPPER_WIRE,RULE_B,COPPER_USD 2m momentum,3.0,90d,FULL,1.5,54,22,13,19,35,0.2857,0.4545,0.0,0.0,0.0,2.9433,-0.2143,GOOD_SAMPLE
COPPER_WIRE,RULE_B,COPPER_USD 2m momentum,3.0,90d,2020-2022,1.5,29,16,7,6,23,0.3478,0.5,0.0,0.0169,0.0,2.2756,-0.1522,MEDIUM_SAMPLE
COPPER_WIRE,RULE_B,COPPER_USD 2m momentum,3.0,90d,2023-latest,1.5,23,6,6,11,12,0.1667,0.3333,0.0,0.0,1.302,8.2419,-0.3333,LOW_SAMPLE
COPPER_WIRE,RULE_B,COPPER_USD 2m momentum,5.0,90d,FULL,1.5,54,15,11,28,26,0.2692,0.4667,0.0,0.0,0.0,2.2756,-0.2308,MEDIUM_SAMPLE
COPPER_WIRE,RULE_B,COPPER_USD 2m momentum,5.0,90d,2020-2022,1.5,29,10,7,12,17,0.3529,0.6,0.0,0.0379,0.0,2.2756,-0.1471,MEDIUM_SAMPLE
COPPER_WIRE,RULE_B,COPPER_USD 2m momentum,5.0,90d,2023-latest,1.5,23,5,4,14,9,0.1111,0.2,0.0,0.0,2.604,3.6109,-0.3889,LOW_SAMPLE
COPPER_WIRE,RULE_C,USD_ILS 2m momentum,2.0,30d,FULL,1.5,58,16,12,30,28,0.1429,0.1875,0.0833,0.0,0.0,3.3702,-0.3571,MEDIUM_SAMPLE
COPPER_WIRE,RULE_C,USD_ILS 2m momentum,2.0,30d,2020-2022,1.5,29,6,6,17,12,0.0,0.0,0.0,0.0,0.0,,-0.5,LOW_SAMPLE
COPPER_WIRE,RULE_C,USD_ILS 2m momentum,2.0,30d,2023-latest,1.5,25,8,5,12,13,0.2308,0.25,0.2,0.0,0.0,3.6109,-0.2692,LOW_SAMPLE
COPPER_WIRE,RULE_C,USD_ILS 2m momentum,3.0,30d,FULL,1.5,58,8,5,45,13,0.2308,0.25,0.2,0.0,0.0,3.1295,-0.2692,LOW_SAMPLE
COPPER_WIRE,RULE_C,USD_ILS 2m momentum,3.0,30d,2020-2022,1.5,29,4,3,22,7,0.0,0.0,0.0,0.0,0.0,,-0.5,LOW_SAMPLE
COPPER_WIRE,RULE_C,USD_ILS 2m momentum,3.0,30d,2023-latest,1.5,25,3,2,20,5,0.4,0.3333,0.5,0.0,-1.5647,3.4201,-0.1,LOW_SAMPLE
COPPER_WIRE,RULE_C,USD_ILS 2m momentum,5.0,30d,FULL,1.5,58,3,1,54,4,0.0,0.0,0.0,0.0,0.0,,-0.5,LOW_SAMPLE
COPPER_WIRE,RULE_C,USD_ILS 2m momentum,5.0,30d,2020-2022,1.5,29,2,0,27,2,0.0,0.0,,0.0,,,-0.5,LOW_SAMPLE
COPPER_WIRE,RULE_C,USD_ILS 2m momentum,5.0,30d,2023-latest,1.5,25,1,1,23,2,0.0,0.0,0.0,0.0,0.0,,-0.5,LOW_SAMPLE
COPPER_WIRE,RULE_C,USD_ILS 2m momentum,2.0,60d,FULL,1.5,56,16,13,27,29,0.2414,0.3125,0.1538,0.0,0.0,3.6109,-0.2586,MEDIUM_SAMPLE
COPPER_WIRE,RULE_C,USD_ILS 2m momentum,2.0,60d,2020-2022,1.5,29,7,7,15,14,0.0714,0.1429,0.0,0.0,0.0338,6.131,-0.4286,LOW_SAMPLE
COPPER_WIRE,RULE_C,USD_ILS 2m momentum,2.0,60d,2023-latest,1.5,24,8,5,11,13,0.3846,0.375,0.4,0.0,0.0,3.6109,-0.1154,LOW_SAMPLE
COPPER_WIRE,RULE_C,USD_ILS 2m momentum,3.0,60d,FULL,1.5,56,8,5,43,13,0.2308,0.25,0.2,0.0,0.0,3.1295,-0.2692,LOW_SAMPLE
COPPER_WIRE,RULE_C,USD_ILS 2m momentum,3.0,60d,2020-2022,1.5,29,4,3,22,7,0.0,0.0,0.0,0.0,0.0379,,-0.5,LOW_SAMPLE
COPPER_WIRE,RULE_C,USD_ILS 2m momentum,3.0,60d,2023-latest,1.5,24,3,2,19,5,0.4,0.3333,0.5,0.0,-1.5647,3.4201,-0.1,LOW_SAMPLE
COPPER_WIRE,RULE_C,USD_ILS 2m momentum,5.0,60d,FULL,1.5,56,3,1,52,4,0.0,0.0,0.0,0.0,0.0,,-0.5,LOW_SAMPLE
COPPER_WIRE,RULE_C,USD_ILS 2m momentum,5.0,60d,2020-2022,1.5,29,2,0,27,2,0.0,0.0,,0.0,,,-0.5,LOW_SAMPLE
COPPER_WIRE,RULE_C,USD_ILS 2m momentum,5.0,60d,2023-latest,1.5,24,1,1,22,2,0.0,0.0,0.0,0.0,0.0,,-0.5,LOW_SAMPLE
COPPER_WIRE,RULE_C,USD_ILS 2m momentum,2.0,90d,FULL,1.5,54,16,11,27,27,0.1852,0.25,0.0909,0.0,0.0379,3.7108,-0.3148,MEDIUM_SAMPLE
COPPER_WIRE,RULE_C,USD_ILS 2m momentum,2.0,90d,2020-2022,1.5,29,7,7,15,14,0.0714,0.1429,0.0,0.0,0.0379,6.131,-0.4286,LOW_SAMPLE
COPPER_WIRE,RULE_C,USD_ILS 2m momentum,2.0,90d,2023-latest,1.5,23,8,4,11,12,0.3333,0.375,0.25,0.0,6.0723,3.6609,-0.1667,LOW_SAMPLE
COPPER_WIRE,RULE_C,USD_ILS 2m momentum,3.0,90d,FULL,1.5,54,7,6,41,13,0.1538,0.1429,0.1667,0.0,1.1568,2.6439,-0.3462,LOW_SAMPLE
COPPER_WIRE,RULE_C,USD_ILS 2m momentum,3.0,90d,2020-2022,1.5,29,4,4,21,8,0.0,0.0,0.0,0.0,1.1568,,-0.5,LOW_SAMPLE
COPPER_WIRE,RULE_C,USD_ILS 2m momentum,3.0,90d,2023-latest,1.5,23,3,2,18,5,0.4,0.3333,0.5,0.0,1.6731,2.6439,-0.1,LOW_SAMPLE
COPPER_WIRE,RULE_C,USD_ILS 2m momentum,5.0,90d,FULL,1.5,54,2,1,51,3,0.3333,0.0,1.0,0.0,-1.5769,1.5769,-0.1667,LOW_SAMPLE
COPPER_WIRE,RULE_C,USD_ILS 2m momentum,5.0,90d,2020-2022,1.5,29,1,0,28,1,0.0,0.0,,0.0,,,-0.5,LOW_SAMPLE
COPPER_WIRE,RULE_C,USD_ILS 2m momentum,5.0,90d,2023-latest,1.5,23,1,1,21,2,0.5,0.0,1.0,0.0,-1.5769,1.5769,0.0,LOW_SAMPLE
COPPER_WIRE,RULE_D,CBS 2m momentum,2.0,30d,FULL,1.5,58,2,0,56,2,0.5,0.5,,4.1564,,8.3128,0.0,LOW_SAMPLE
COPPER_WIRE,RULE_D,CBS 2m momentum,2.0,30d,2020-2022,1.5,29,0,0,29,0,,,,,,,-0.5,LOW_SAMPLE
COPPER_WIRE,RULE_D,CBS 2m momentum,2.0,30d,2023-latest,1.5,25,2,0,23,2,0.5,0.5,,4.1564,,8.3128,0.0,LOW_SAMPLE
COPPER_WIRE,RULE_D,CBS 2m momentum,3.0,30d,FULL,1.5,58,1,0,57,1,1.0,1.0,,8.3128,,8.3128,0.5,LOW_SAMPLE
COPPER_WIRE,RULE_D,CBS 2m momentum,3.0,30d,2020-2022,1.5,29,0,0,29,0,,,,,,,-0.5,LOW_SAMPLE
COPPER_WIRE,RULE_D,CBS 2m momentum,3.0,30d,2023-latest,1.5,25,1,0,24,1,1.0,1.0,,8.3128,,8.3128,0.5,LOW_SAMPLE
COPPER_WIRE,RULE_D,CBS 2m momentum,5.0,30d,FULL,1.5,58,0,0,58,0,,,,,,,-0.5,LOW_SAMPLE
COPPER_WIRE,RULE_D,CBS 2m momentum,5.0,30d,2020-2022,1.5,29,0,0,29,0,,,,,,,-0.5,LOW_SAMPLE
COPPER_WIRE,RULE_D,CBS 2m momentum,5.0,30d,2023-latest,1.5,25,0,0,25,0,,,,,,,-0.5,LOW_SAMPLE
COPPER_WIRE,RULE_D,CBS 2m momentum,2.0,60d,FULL,1.5,56,1,0,55,1,1.0,1.0,,8.3128,,8.3128,0.5,LOW_SAMPLE
COPPER_WIRE,RULE_D,CBS 2m momentum,2.0,60d,2020-2022,1.5,29,0,0,29,0,,,,,,,-0.5,LOW_SAMPLE
COPPER_WIRE,RULE_D,CBS 2m momentum,2.0,60d,2023-latest,1.5,24,1,0,23,1,1.0,1.0,,8.3128,,8.3128,0.5,LOW_SAMPLE
COPPER_WIRE,RULE_D,CBS 2m momentum,3.0,60d,FULL,1.5,56,0,0,56,0,,,,,,,-0.5,LOW_SAMPLE
COPPER_WIRE,RULE_D,CBS 2m momentum,3.0,60d,2020-2022,1.5,29,0,0,29,0,,,,,,,-0.5,LOW_SAMPLE
COPPER_WIRE,RULE_D,CBS 2m momentum,3.0,60d,2023-latest,1.5,24,0,0,24,0,,,,,,,-0.5,LOW_SAMPLE
COPPER_WIRE,RULE_D,CBS 2m momentum,5.0,60d,FULL,1.5,56,0,0,56,0,,,,,,,-0.5,LOW_SAMPLE
COPPER_WIRE,RULE_D,CBS 2m momentum,5.0,60d,2020-2022,1.5,29,0,0,29,0,,,,,,,-0.5,LOW_SAMPLE
COPPER_WIRE,RULE_D,CBS 2m momentum,5.0,60d,2023-latest,1.5,24,0,0,24,0,,,,,,,-0.5,LOW_SAMPLE
COPPER_WIRE,RULE_D,CBS 2m momentum,2.0,90d,FULL,1.5,54,0,0,54,0,,,,,,,-0.5,LOW_SAMPLE
COPPER_WIRE,RULE_D,CBS 2m momentum,2.0,90d,2020-2022,1.5,29,0,0,29,0,,,,,,,-0.5,LOW_SAMPLE
COPPER_WIRE,RULE_D,CBS 2m momentum,2.0,90d,2023-latest,1.5,23,0,0,23,0,,,,,,,-0.5,LOW_SAMPLE
COPPER_WIRE,RULE_D,CBS 2m momentum,3.0,90d,FULL,1.5,54,0,0,54,0,,,,,,,-0.5,LOW_SAMPLE
COPPER_WIRE,RULE_D,CBS 2m momentum,3.0,90d,2020-2022,1.5,29,0,0,29,0,,,,,,,-0.5,LOW_SAMPLE
COPPER_WIRE,RULE_D,CBS 2m momentum,3.0,90d,2023-latest,1.5,23,0,0,23,0,,,,,,,-0.5,LOW_SAMPLE
COPPER_WIRE,RULE_D,CBS 2m momentum,5.0,90d,FULL,1.5,54,0,0,54,0,,,,,,,-0.5,LOW_SAMPLE
COPPER_WIRE,RULE_D,CBS 2m momentum,5.0,90d,2020-2022,1.5,29,0,0,29,0,,,,,,,-0.5,LOW_SAMPLE
COPPER_WIRE,RULE_D,CBS 2m momentum,5.0,90d,2023-latest,1.5,23,0,0,23,0,,,,,,,-0.5,LOW_SAMPLE
COPPER_WIRE,RULE_E,COPPER_ILS + CBS,2.0,30d,FULL,1.5,58,17,12,29,29,0.2414,0.3529,0.0833,0.0,0.0,3.6109,-0.2586,MEDIUM_SAMPLE
COPPER_WIRE,RULE_E,COPPER_ILS + CBS,2.0,30d,2020-2022,1.5,29,11,7,11,18,0.1667,0.2727,0.0,0.0,0.0,4.1481,-0.3333,MEDIUM_SAMPLE
COPPER_WIRE,RULE_E,COPPER_ILS + CBS,2.0,30d,2023-latest,1.5,25,5,4,16,9,0.3333,0.4,0.25,0.0,0.0,3.6109,-0.1667,LOW_SAMPLE
COPPER_WIRE,RULE_E,COPPER_ILS + CBS,3.0,30d,FULL,1.5,58,12,7,39,19,0.2632,0.3333,0.1429,0.0,0.0,3.6109,-0.2368,MEDIUM_SAMPLE
COPPER_WIRE,RULE_E,COPPER_ILS + CBS,3.0,30d,2020-2022,1.5,29,7,4,18,11,0.1818,0.2857,0.0,0.0,0.0,3.0845,-0.3182,LOW_SAMPLE
COPPER_WIRE,RULE_E,COPPER_ILS + CBS,3.0,30d,2023-latest,1.5,25,5,3,17,8,0.375,0.4,0.3333,0.0,0.0,3.6109,-0.125,LOW_SAMPLE
COPPER_WIRE,RULE_E,COPPER_ILS + CBS,5.0,30d,FULL,1.5,58,10,3,45,13,0.2308,0.3,0.0,0.0,0.0,3.6109,-0.2692,LOW_SAMPLE
COPPER_WIRE,RULE_E,COPPER_ILS + CBS,5.0,30d,2020-2022,1.5,29,7,3,19,10,0.2,0.2857,0.0,0.0,0.0,3.0845,-0.3,LOW_SAMPLE
COPPER_WIRE,RULE_E,COPPER_ILS + CBS,5.0,30d,2023-latest,1.5,25,3,0,22,3,0.3333,0.3333,,0.0,,3.6109,-0.1667,LOW_SAMPLE
COPPER_WIRE,RULE_E,COPPER_ILS + CBS,2.0,60d,FULL,1.5,56,17,12,27,29,0.3103,0.4706,0.0833,0.0,0.0,3.1295,-0.1897,MEDIUM_SAMPLE
COPPER_WIRE,RULE_E,COPPER_ILS + CBS,2.0,60d,2020-2022,1.5,29,12,7,10,19,0.3158,0.5,0.0,0.019,0.0,3.2295,-0.1842,MEDIUM_SAMPLE
COPPER_WIRE,RULE_E,COPPER_ILS + CBS,2.0,60d,2023-latest,1.5,24,4,4,16,8,0.25,0.25,0.25,0.0,0.0,3.3702,-0.25,LOW_SAMPLE
COPPER_WIRE,RULE_E,COPPER_ILS + CBS,3.0,60d,FULL,1.5,56,13,7,36,20,0.35,0.4615,0.1429,0.0,0.0,3.1295,-0.15,MEDIUM_SAMPLE
COPPER_WIRE,RULE_E,COPPER_ILS + CBS,3.0,60d,2020-2022,1.5,29,9,4,16,13,0.3846,0.5556,0.0,0.0379,0.0,2.2756,-0.1154,LOW_SAMPLE
COPPER_WIRE,RULE_E,COPPER_ILS + CBS,3.0,60d,2023-latest,1.5,24,4,3,17,7,0.2857,0.25,0.3333,0.0,0.0,3.3702,-0.2143,LOW_SAMPLE
COPPER_WIRE,RULE_E,COPPER_ILS + CBS,5.0,60d,FULL,1.5,56,9,2,45,11,0.4545,0.5556,0.0,0.0379,0.0,3.6109,-0.0455,LOW_SAMPLE
COPPER_WIRE,RULE_E,COPPER_ILS + CBS,5.0,60d,2020-2022,1.5,29,6,2,21,8,0.5,0.6667,0.0,0.0379,0.0,3.0845,0.0,LOW_SAMPLE
COPPER_WIRE,RULE_E,COPPER_ILS + CBS,5.0,60d,2023-latest,1.5,24,3,0,21,3,0.3333,0.3333,,0.0,,3.6109,-0.1667,LOW_SAMPLE
COPPER_WIRE,RULE_E,COPPER_ILS + CBS,2.0,90d,FULL,1.5,54,18,10,26,28,0.2857,0.4444,0.0,0.0,0.0,2.9433,-0.2143,MEDIUM_SAMPLE
COPPER_WIRE,RULE_E,COPPER_ILS + CBS,2.0,90d,2020-2022,1.5,29,14,6,9,20,0.35,0.5,0.0,0.019,0.0,2.2756,-0.15,MEDIUM_SAMPLE
COPPER_WIRE,RULE_E,COPPER_ILS + CBS,2.0,90d,2023-latest,1.5,23,4,4,15,8,0.125,0.25,0.0,0.0,2.604,3.6109,-0.375,LOW_SAMPLE
COPPER_WIRE,RULE_E,COPPER_ILS + CBS,3.0,90d,FULL,1.5,54,14,7,33,21,0.3333,0.5,0.0,0.019,0.0,2.2756,-0.1667,MEDIUM_SAMPLE
COPPER_WIRE,RULE_E,COPPER_ILS + CBS,3.0,90d,2020-2022,1.5,29,10,4,15,14,0.4286,0.6,0.0,0.0379,0.0,2.2756,-0.0714,LOW_SAMPLE
COPPER_WIRE,RULE_E,COPPER_ILS + CBS,3.0,90d,2023-latest,1.5,23,4,3,16,7,0.1429,0.25,0.0,0.0,2.604,3.6109,-0.3571,LOW_SAMPLE
COPPER_WIRE,RULE_E,COPPER_ILS + CBS,5.0,90d,FULL,1.5,54,10,3,41,13,0.4615,0.6,0.0,0.0379,0.0,2.9433,-0.0385,LOW_SAMPLE
COPPER_WIRE,RULE_E,COPPER_ILS + CBS,5.0,90d,2020-2022,1.5,29,7,3,19,10,0.5,0.7143,0.0,0.0379,0.0,2.2756,0.0,LOW_SAMPLE
COPPER_WIRE,RULE_E,COPPER_ILS + CBS,5.0,90d,2023-latest,1.5,23,3,0,20,3,0.3333,0.3333,,0.0,,3.6109,-0.1667,LOW_SAMPLE
COPPER_WIRE,RULE_F,COPPER_ILS + USD_ILS,2.0,30d,FULL,1.5,58,20,16,22,36,0.1944,0.3,0.0625,0.0,0.0,3.6109,-0.3056,GOOD_SAMPLE
COPPER_WIRE,RULE_F,COPPER_ILS + USD_ILS,2.0,30d,2020-2022,1.5,29,11,8,10,19,0.1579,0.2727,0.0,0.0,0.0,4.1481,-0.3421,MEDIUM_SAMPLE
COPPER_WIRE,RULE_F,COPPER_ILS + USD_ILS,2.0,30d,2023-latest,1.5,25,8,6,11,14,0.2143,0.25,0.1667,0.0,0.0,3.6109,-0.2857,LOW_SAMPLE
COPPER_WIRE,RULE_F,COPPER_ILS + USD_ILS,3.0,30d,FULL,1.5,58,16,12,30,28,0.1786,0.25,0.0833,0.0,0.0,3.1295,-0.3214,MEDIUM_SAMPLE
COPPER_WIRE,RULE_F,COPPER_ILS + USD_ILS,3.0,30d,2020-2022,1.5,29,9,6,14,15,0.1333,0.2222,0.0,0.0,0.0,3.0845,-0.3667,MEDIUM_SAMPLE
COPPER_WIRE,RULE_F,COPPER_ILS + USD_ILS,3.0,30d,2023-latest,1.5,25,6,5,14,11,0.1818,0.1667,0.2,0.0,0.0,3.3702,-0.3182,LOW_SAMPLE
COPPER_WIRE,RULE_F,COPPER_ILS + USD_ILS,5.0,30d,FULL,1.5,58,8,4,46,12,0.3333,0.375,0.25,0.0,0.0,3.3702,-0.1667,LOW_SAMPLE
COPPER_WIRE,RULE_F,COPPER_ILS + USD_ILS,5.0,30d,2020-2022,1.5,29,5,2,22,7,0.2857,0.4,0.0,0.0,0.0,3.0845,-0.2143,LOW_SAMPLE
COPPER_WIRE,RULE_F,COPPER_ILS + USD_ILS,5.0,30d,2023-latest,1.5,25,3,2,20,5,0.4,0.3333,0.5,0.0,-1.5647,3.3702,-0.1,LOW_SAMPLE
COPPER_WIRE,RULE_F,COPPER_ILS + USD_ILS,2.0,60d,FULL,1.5,56,20,15,21,35,0.3143,0.5,0.0667,0.019,0.0,3.6109,-0.1857,GOOD_SAMPLE
COPPER_WIRE,RULE_F,COPPER_ILS + USD_ILS,2.0,60d,2020-2022,1.5,29,11,7,11,18,0.3333,0.5455,0.0,0.0379,0.0,3.2295,-0.1667,MEDIUM_SAMPLE
COPPER_WIRE,RULE_F,COPPER_ILS + USD_ILS,2.0,60d,2023-latest,1.5,24,8,6,10,14,0.2857,0.375,0.1667,0.0,0.0,3.6609,-0.2143,LOW_SAMPLE
COPPER_WIRE,RULE_F,COPPER_ILS + USD_ILS,3.0,60d,FULL,1.5,56,15,11,30,26,0.2692,0.4,0.0909,0.0,0.0,3.1295,-0.2308,MEDIUM_SAMPLE
COPPER_WIRE,RULE_F,COPPER_ILS + USD_ILS,3.0,60d,2020-2022,1.5,29,8,5,16,13,0.3077,0.5,0.0,0.019,0.0,3.0845,-0.1923,LOW_SAMPLE
COPPER_WIRE,RULE_F,COPPER_ILS + USD_ILS,3.0,60d,2023-latest,1.5,24,6,5,13,11,0.1818,0.1667,0.2,0.0,0.0,3.3702,-0.3182,LOW_SAMPLE
COPPER_WIRE,RULE_F,COPPER_ILS + USD_ILS,5.0,60d,FULL,1.5,56,8,4,44,12,0.4167,0.5,0.25,0.019,0.0,3.6109,-0.0833,LOW_SAMPLE
COPPER_WIRE,RULE_F,COPPER_ILS + USD_ILS,5.0,60d,2020-2022,1.5,29,5,2,22,7,0.4286,0.6,0.0,0.0379,0.0,6.131,-0.0714,LOW_SAMPLE
COPPER_WIRE,RULE_F,COPPER_ILS + USD_ILS,5.0,60d,2023-latest,1.5,24,3,2,19,5,0.4,0.3333,0.5,0.0,-1.5647,3.3702,-0.1,LOW_SAMPLE
COPPER_WIRE,RULE_F,COPPER_ILS + USD_ILS,2.0,90d,FULL,1.5,54,20,11,23,31,0.3548,0.5,0.0909,0.019,0.0,3.6109,-0.1452,GOOD_SAMPLE
COPPER_WIRE,RULE_F,COPPER_ILS + USD_ILS,2.0,90d,2020-2022,1.5,29,12,6,11,18,0.3889,0.5833,0.0,0.0379,0.0,2.2756,-0.1111,MEDIUM_SAMPLE
COPPER_WIRE,RULE_F,COPPER_ILS + USD_ILS,2.0,90d,2023-latest,1.5,23,8,5,10,13,0.3077,0.375,0.2,0.0,2.604,3.6609,-0.1923,LOW_SAMPLE
COPPER_WIRE,RULE_F,COPPER_ILS + USD_ILS,3.0,90d,FULL,1.5,54,15,8,31,23,0.3043,0.4,0.125,0.0,0.0,2.2756,-0.1957,MEDIUM_SAMPLE
COPPER_WIRE,RULE_F,COPPER_ILS + USD_ILS,3.0,90d,2020-2022,1.5,29,9,4,16,13,0.3846,0.5556,0.0,0.0379,0.0,2.2756,-0.1154,LOW_SAMPLE
COPPER_WIRE,RULE_F,COPPER_ILS + USD_ILS,3.0,90d,2023-latest,1.5,23,6,4,13,10,0.2,0.1667,0.25,0.0,2.604,2.5939,-0.3,LOW_SAMPLE
COPPER_WIRE,RULE_F,COPPER_ILS + USD_ILS,5.0,90d,FULL,1.5,54,7,4,43,11,0.4545,0.5714,0.25,0.0379,0.0,3.6109,-0.0455,LOW_SAMPLE
COPPER_WIRE,RULE_F,COPPER_ILS + USD_ILS,5.0,90d,2020-2022,1.5,29,4,2,23,6,0.5,0.75,0.0,2.6148,0.0,5.1916,0.0,LOW_SAMPLE
COPPER_WIRE,RULE_F,COPPER_ILS + USD_ILS,5.0,90d,2023-latest,1.5,23,3,2,18,5,0.4,0.3333,0.5,0.0,1.6731,2.5939,-0.1,LOW_SAMPLE
COPPER_WIRE,RULE_G,COPPER_ILS + OIL,2.0,30d,FULL,1.5,58,25,23,10,48,0.1875,0.32,0.0435,0.0,0.0,3.7108,-0.3125,GOOD_SAMPLE
COPPER_WIRE,RULE_G,COPPER_ILS + OIL,2.0,30d,2020-2022,1.5,29,16,9,4,25,0.16,0.25,0.0,0.0,0.0,2.093,-0.34,MEDIUM_SAMPLE
COPPER_WIRE,RULE_G,COPPER_ILS + OIL,2.0,30d,2023-latest,1.5,25,9,10,6,19,0.2632,0.4444,0.1,0.0,0.0,3.7108,-0.2368,MEDIUM_SAMPLE
COPPER_WIRE,RULE_G,COPPER_ILS + OIL,3.0,30d,FULL,1.5,58,20,19,19,39,0.2051,0.35,0.0526,0.0,0.0,3.6609,-0.2949,GOOD_SAMPLE
COPPER_WIRE,RULE_G,COPPER_ILS + OIL,3.0,30d,2020-2022,1.5,29,13,7,9,20,0.2,0.3077,0.0,0.0,0.0,2.093,-0.3,MEDIUM_SAMPLE
COPPER_WIRE,RULE_G,COPPER_ILS + OIL,3.0,30d,2023-latest,1.5,25,7,8,10,15,0.2667,0.4286,0.125,0.0,0.0,3.6609,-0.2333,MEDIUM_SAMPLE
COPPER_WIRE,RULE_G,COPPER_ILS + OIL,5.0,30d,FULL,1.5,58,15,16,27,31,0.1935,0.3333,0.0625,0.0,0.0,3.6609,-0.3065,GOOD_SAMPLE
COPPER_WIRE,RULE_G,COPPER_ILS + OIL,5.0,30d,2020-2022,1.5,29,10,6,13,16,0.1875,0.3,0.0,0.0,0.0,4.1481,-0.3125,MEDIUM_SAMPLE
COPPER_WIRE,RULE_G,COPPER_ILS + OIL,5.0,30d,2023-latest,1.5,25,5,7,13,12,0.25,0.4,0.1429,0.0,0.0,3.6109,-0.25,LOW_SAMPLE
COPPER_WIRE,RULE_G,COPPER_ILS + OIL,2.0,60d,FULL,1.5,56,23,23,10,46,0.2826,0.4783,0.087,0.0,0.0,3.6109,-0.2174,GOOD_SAMPLE
COPPER_WIRE,RULE_G,COPPER_ILS + OIL,2.0,60d,2020-2022,1.5,29,15,10,4,25,0.28,0.4667,0.0,0.0,0.0,2.2756,-0.22,MEDIUM_SAMPLE
COPPER_WIRE,RULE_G,COPPER_ILS + OIL,2.0,60d,2023-latest,1.5,24,8,10,6,18,0.3333,0.5,0.2,1.8055,0.0,3.6609,-0.1667,MEDIUM_SAMPLE
COPPER_WIRE,RULE_G,COPPER_ILS + OIL,3.0,60d,FULL,1.5,56,20,19,17,39,0.3077,0.55,0.0526,0.0359,0.0,3.6609,-0.1923,GOOD_SAMPLE
COPPER_WIRE,RULE_G,COPPER_ILS + OIL,3.0,60d,2020-2022,1.5,29,13,8,8,21,0.3333,0.5385,0.0,0.0338,0.0,2.2756,-0.1667,MEDIUM_SAMPLE
COPPER_WIRE,RULE_G,COPPER_ILS + OIL,3.0,60d,2023-latest,1.5,24,7,8,9,15,0.3333,0.5714,0.125,3.6109,0.0,3.7108,-0.1667,MEDIUM_SAMPLE
COPPER_WIRE,RULE_G,COPPER_ILS + OIL,5.0,60d,FULL,1.5,56,16,16,24,32,0.3125,0.5625,0.0625,0.0379,0.0,3.6609,-0.1875,GOOD_SAMPLE
COPPER_WIRE,RULE_G,COPPER_ILS + OIL,5.0,60d,2020-2022,1.5,29,11,6,12,17,0.3529,0.5455,0.0,0.0379,0.0,3.2295,-0.1471,MEDIUM_SAMPLE
COPPER_WIRE,RULE_G,COPPER_ILS + OIL,5.0,60d,2023-latest,1.5,24,5,7,12,12,0.3333,0.6,0.1429,3.6109,0.0,3.6609,-0.1667,LOW_SAMPLE
COPPER_WIRE,RULE_G,COPPER_ILS + OIL,2.0,90d,FULL,1.5,54,25,20,9,45,0.3111,0.52,0.05,0.0338,0.0,3.6609,-0.1889,GOOD_SAMPLE
COPPER_WIRE,RULE_G,COPPER_ILS + OIL,2.0,90d,2020-2022,1.5,29,17,9,3,26,0.3077,0.4706,0.0,0.0,0.0,2.2756,-0.1923,MEDIUM_SAMPLE
COPPER_WIRE,RULE_G,COPPER_ILS + OIL,2.0,90d,2023-latest,1.5,23,8,10,5,18,0.3333,0.625,0.1,3.6609,1.302,3.7108,-0.1667,MEDIUM_SAMPLE
COPPER_WIRE,RULE_G,COPPER_ILS + OIL,3.0,90d,FULL,1.5,54,21,16,17,37,0.3784,0.619,0.0625,0.0379,0.0,3.6609,-0.1216,GOOD_SAMPLE
COPPER_WIRE,RULE_G,COPPER_ILS + OIL,3.0,90d,2020-2022,1.5,29,14,7,8,21,0.381,0.5714,0.0,0.0359,0.0,2.2756,-0.119,MEDIUM_SAMPLE
COPPER_WIRE,RULE_G,COPPER_ILS + OIL,3.0,90d,2023-latest,1.5,23,7,8,8,15,0.4,0.7143,0.125,3.7108,1.302,3.7108,-0.1,MEDIUM_SAMPLE
COPPER_WIRE,RULE_G,COPPER_ILS + OIL,5.0,90d,FULL,1.5,54,17,13,24,30,0.3667,0.5882,0.0769,0.0379,0.0,3.6109,-0.1333,MEDIUM_SAMPLE
COPPER_WIRE,RULE_G,COPPER_ILS + OIL,5.0,90d,2020-2022,1.5,29,12,5,12,17,0.4118,0.5833,0.0,0.0379,0.0,2.2756,-0.0882,MEDIUM_SAMPLE
COPPER_WIRE,RULE_G,COPPER_ILS + OIL,5.0,90d,2023-latest,1.5,23,5,7,11,12,0.3333,0.6,0.1429,3.6109,0.0,3.6609,-0.1667,LOW_SAMPLE
COPPER_WIRE,RULE_H,Weighted composite,2.0,30d,FULL,1.5,58,22,16,20,38,0.1842,0.2727,0.0625,0.0,0.0,3.7108,-0.3158,GOOD_SAMPLE
COPPER_WIRE,RULE_H,Weighted composite,2.0,30d,2020-2022,1.5,29,13,6,10,19,0.1579,0.2308,0.0,0.0,0.0,4.1481,-0.3421,MEDIUM_SAMPLE
COPPER_WIRE,RULE_H,Weighted composite,2.0,30d,2023-latest,1.5,25,9,7,9,16,0.25,0.3333,0.1429,0.0,0.0,3.6609,-0.25,MEDIUM_SAMPLE
COPPER_WIRE,RULE_H,Weighted composite,3.0,30d,FULL,1.5,58,15,13,30,28,0.2143,0.3333,0.0769,0.0,0.0,3.6609,-0.2857,MEDIUM_SAMPLE
COPPER_WIRE,RULE_H,Weighted composite,3.0,30d,2020-2022,1.5,29,10,5,14,15,0.2,0.3,0.0,0.0,0.0,4.1481,-0.3,MEDIUM_SAMPLE
COPPER_WIRE,RULE_H,Weighted composite,3.0,30d,2023-latest,1.5,25,5,6,14,11,0.2727,0.4,0.1667,0.0,0.0,3.6109,-0.2273,LOW_SAMPLE
COPPER_WIRE,RULE_H,Weighted composite,5.0,30d,FULL,1.5,58,11,5,42,16,0.3125,0.3636,0.2,0.0,0.0,3.6109,-0.1875,MEDIUM_SAMPLE
COPPER_WIRE,RULE_H,Weighted composite,5.0,30d,2020-2022,1.5,29,8,4,17,12,0.25,0.375,0.0,0.0,0.0,4.1481,-0.25,LOW_SAMPLE
COPPER_WIRE,RULE_H,Weighted composite,5.0,30d,2023-latest,1.5,25,3,1,21,4,0.5,0.3333,1.0,0.0,-3.1295,3.3702,0.0,LOW_SAMPLE
COPPER_WIRE,RULE_H,Weighted composite,2.0,60d,FULL,1.5,56,21,15,20,36,0.2778,0.4286,0.0667,0.0,0.0,3.6609,-0.2222,GOOD_SAMPLE
COPPER_WIRE,RULE_H,Weighted composite,2.0,60d,2020-2022,1.5,29,13,6,10,19,0.3158,0.4615,0.0,0.0,0.0,3.2295,-0.1842,MEDIUM_SAMPLE
COPPER_WIRE,RULE_H,Weighted composite,2.0,60d,2023-latest,1.5,24,8,7,9,15,0.2667,0.375,0.1429,0.0,0.0,3.6609,-0.2333,MEDIUM_SAMPLE
COPPER_WIRE,RULE_H,Weighted composite,3.0,60d,FULL,1.5,56,16,13,27,29,0.3448,0.5625,0.0769,0.0379,0.0,3.6609,-0.1552,MEDIUM_SAMPLE
COPPER_WIRE,RULE_H,Weighted composite,3.0,60d,2020-2022,1.5,29,11,5,13,16,0.375,0.5455,0.0,0.0379,0.0,3.2295,-0.125,MEDIUM_SAMPLE
COPPER_WIRE,RULE_H,Weighted composite,3.0,60d,2023-latest,1.5,24,5,6,13,11,0.3636,0.6,0.1667,3.6109,0.0,3.6609,-0.1364,LOW_SAMPLE
COPPER_WIRE,RULE_H,Weighted composite,5.0,60d,FULL,1.5,56,12,5,39,17,0.4706,0.5833,0.2,0.0379,0.0,3.3702,-0.0294,MEDIUM_SAMPLE
COPPER_WIRE,RULE_H,Weighted composite,5.0,60d,2020-2022,1.5,29,9,4,16,13,0.4615,0.6667,0.0,0.0379,0.0,3.2295,-0.0385,LOW_SAMPLE
COPPER_WIRE,RULE_H,Weighted composite,5.0,60d,2023-latest,1.5,24,3,1,20,4,0.5,0.3333,1.0,0.0,-3.1295,3.3702,0.0,LOW_SAMPLE
COPPER_WIRE,RULE_H,Weighted composite,2.0,90d,FULL,1.5,54,21,13,20,34,0.3529,0.5238,0.0769,0.0379,0.0,3.6609,-0.1471,GOOD_SAMPLE
COPPER_WIRE,RULE_H,Weighted composite,2.0,90d,2020-2022,1.5,29,13,5,11,18,0.3889,0.5385,0.0,0.0379,0.0,2.2756,-0.1111,MEDIUM_SAMPLE
COPPER_WIRE,RULE_H,Weighted composite,2.0,90d,2023-latest,1.5,23,8,7,8,15,0.3333,0.5,0.1429,1.8055,0.0,3.7108,-0.1667,MEDIUM_SAMPLE
COPPER_WIRE,RULE_H,Weighted composite,3.0,90d,FULL,1.5,54,17,11,26,28,0.3929,0.5882,0.0909,0.0379,0.0,3.6109,-0.1071,MEDIUM_SAMPLE
COPPER_WIRE,RULE_H,Weighted composite,3.0,90d,2020-2022,1.5,29,12,4,13,16,0.4375,0.5833,0.0,0.0379,0.0,2.2756,-0.0625,MEDIUM_SAMPLE
COPPER_WIRE,RULE_H,Weighted composite,3.0,90d,2023-latest,1.5,23,5,6,12,11,0.3636,0.6,0.1667,3.6109,1.302,3.6609,-0.1364,LOW_SAMPLE
COPPER_WIRE,RULE_H,Weighted composite,5.0,90d,FULL,1.5,54,13,5,36,18,0.4444,0.6154,0.0,0.0379,0.0,2.9433,-0.0556,MEDIUM_SAMPLE
COPPER_WIRE,RULE_H,Weighted composite,5.0,90d,2020-2022,1.5,29,10,4,15,14,0.5,0.7,0.0,1.1568,0.0,2.2756,0.0,LOW_SAMPLE
COPPER_WIRE,RULE_H,Weighted composite,5.0,90d,2023-latest,1.5,23,3,1,19,4,0.25,0.3333,0.0,0.0,4.9232,3.6109,-0.25,LOW_SAMPLE
