normalized_product_key,item_code,canonical_description,product_family,material_driver,product_market_family,cable_type,conductor_count,cross_section_mm2,color,unit,manufacturer_or_brand,observation_count,usable_price_observation_count,sku_conflict,first_seen,last_seen,in_core_forecasting_universe,core_exclusion_reason
SKU:10021021,10021021,3x1.5 N2XY (מטר כבל)בחבילה,cable,COPPER,N2XY_COPPER_CABLE,N2XY,3,1.5,,,,1,1,no,2025-03-27,2025-03-27,yes,
SKU:1200502,1200502,נחושת2x0.75 חוט לרמקול,wire,COPPER,COPPER_WIRE,,2,0.75,,,,1,1,no,2025-03-27,2025-03-27,yes,
SKU:1200504,1200504,נחושת2x1.5 חוט לרמקול,wire,COPPER,COPPER_WIRE,,2,1.5,,,,1,1,no,2025-02-26,2025-02-26,yes,
SKU:1200506,1200506,נחושת2x2.5 חוט לרמקול,wire,COPPER,COPPER_WIRE,,2,2.5,,,,1,1,no,2024-07-28,2024-07-28,yes,
SKU:2101032440,2101032440,3x2.5 N2XY (מטר כבל)בחבילה5951061,cable,COPPER,N2XY_COPPER_CABLE,N2XY,3,2.5,,,,2,2,no,2019-11-27,2021-05-27,yes,
SKU:210480,210480,' לקופONE ' מוד2 מסגרת לבן-קורוס391612244.00% שח4.96 מטר100.0 קשיחPVC (צ/י)בחבילה1 מטר חוט560131,wire,COPPER_PVC,COPPER_WIRE,,,560131,לבן,,PVC,65,64,no,2018-12-31,2025-01-28,yes,
SKU:3916101,3916101,3x2.5 N2XY (מטר כבל)בחבילה5951061,cable,COPPER,N2XY_COPPER_CABLE,N2XY,3,2.5,,,,54,52,no,2019-10-25,2025-02-26,yes,
SKU:4201506,4201506,!!! בלדח דקור' קומפלט תקני10500246.00% שח1.33 מטר100.00קשיח PVC כחול2.5 חוט55034,wire,COPPER_PVC,COPPER_WIRE,,,2.5,כחול,,PVC,2,2,no,2019-03-04,2019-03-04,yes,
SKU:49322000,49322000,44.00% שח19.33 מטר23.0 קשיחPVC (צ/י)בחבילה35 מטר חוט560431,wire,COPPER_PVC,COPPER_WIRE,,,560431,צ/י,,PVC,12,12,no,2019-03-29,2025-03-27,yes,
SKU:55022,55022,קשיחPVC חום1.5 חוט,wire,COPPER_PVC,COPPER_WIRE,,,1.5,חום,,PVC,236,206,no,2017-10-03,2025-02-26,yes,
SKU:55023,55023,קשיחPVC צ/י1.5 חוט,wire,COPPER_PVC,COPPER_WIRE,,,1.5,צ/י,,PVC,258,220,no,2017-10-03,2025-03-27,yes,
SKU:55024,55024,קשיחPVC כחול1.5 חוט,wire,COPPER_PVC,COPPER_WIRE,,,1.5,כחול,,PVC,258,220,no,2017-10-03,2025-03-27,yes,
SKU:55027,55027,קשיחPVC ח/ש1.5 חוט,wire,COPPER_PVC,COPPER_WIRE,,,1.5,ח/ש,,PVC,175,169,no,2017-10-03,2025-03-27,yes,
SKU:55028,55028,קשיחPVC ח/כ1.5 חוט,wire,COPPER_PVC,COPPER_WIRE,,,1.5,ח/כ,,PVC,187,180,no,2017-10-03,2025-03-27,yes,
SKU:55032,55032,קשיח PVC חום2.5 חוט,wire,COPPER_PVC,COPPER_WIRE,,,2.5,חום,,PVC,164,156,no,2017-10-03,2024-12-29,yes,
SKU:55033,55033,קשיח PVC צ/י2.5 חוט,wire,COPPER_PVC,COPPER_WIRE,,,2.5,צ/י,,PVC,176,169,no,2017-10-03,2025-03-27,yes,
SKU:55034,55034,קשיח PVC כחול2.5 חוט,wire,COPPER_PVC,COPPER_WIRE,,,2.5,כחול,,PVC,178,168,no,2017-10-03,2025-03-27,yes,
SKU:55037,55037,קשיח PVC ח/ש2.5 חוט,wire,COPPER_PVC,COPPER_WIRE,,,2.5,ח/ש,,PVC,2,1,no,2019-09-24,2019-09-24,yes,
SKU:55038,55038,קשיח PVC ח/כ2.5 חוט,wire,COPPER_PVC,COPPER_WIRE,,,2.5,ח/כ,,PVC,2,1,no,2019-09-24,2019-09-24,yes,
SKU:56013,56013,קשיחPVC צ/י1 חוט,wire,COPPER_PVC,COPPER_WIRE,,,1,צ/י,,PVC,12,12,no,2020-01-28,2025-03-27,yes,
SKU:56014,56014,10 ' קשיח חבPVC כחול1 חוט,wire,COPPER_PVC,COPPER_WIRE,,,1,כחול,,PVC,1,1,no,2024-03-31,2024-03-31,yes,
SKU:56023,56023,קשיחPVC צ/י16 חוט,wire,COPPER_PVC,COPPER_WIRE,,,16,צ/י,,PVC,4,4,no,2021-06-30,2024-02-28,yes,
SKU:56033,56033,קשיחPVC צ/י25 חוט,wire,COPPER_PVC,COPPER_WIRE,,,25,צ/י,,PVC,7,7,no,2020-12-30,2024-10-31,yes,
SKU:56043,56043,קשיחPVC צ/י35 חוט,wire,COPPER_PVC,COPPER_WIRE,,,35,צ/י,,PVC,1,1,no,2020-12-30,2020-12-30,yes,
SKU:5951020,5951020,3x1.5 FR N2XY כבל,cable,COPPER,N2XY_COPPER_CABLE,N2XY,3,1.5,,,,5,4,no,2018-12-31,2024-03-31,yes,
SKU:5951021,5951021,3x1.5 N2XY (מטר כבל)בחבילה,cable,COPPER,N2XY_COPPER_CABLE,N2XY,3,1.5,,,,141,141,no,2017-10-03,2025-02-26,yes,
SKU:5951040,5951040,5x1.5 FR N2XY כבל,cable,COPPER,N2XY_COPPER_CABLE,N2XY,5,1.5,,,,5,5,no,2021-07-28,2025-02-26,yes,
SKU:5951041,5951041,5x1.5 N2XY (מטר כבל)בחבילה,cable,COPPER,N2XY_COPPER_CABLE,N2XY,5,1.5,,,,70,70,no,2019-01-27,2025-02-26,yes,
SKU:5951060,5951060,3x2.5 FR N2XY כבל,cable,COPPER,N2XY_COPPER_CABLE,N2XY,3,2.5,,,,11,11,no,2020-01-28,2025-02-26,yes,
SKU:5951100,5951100,"ממ""ר3x4 N2XY כבל",cable,COPPER,N2XY_COPPER_CABLE,N2XY,3,4,,,,4,4,no,2023-12-31,2025-03-27,yes,
SKU:5951101,5951101,3x4 N2XY (מטר כבל)בחבילה,cable,COPPER,N2XY_COPPER_CABLE,N2XY,3,4,,,,1,1,no,2017-10-03,2017-10-03,yes,
SKU:5951120,5951120,"ממ""ר5x4 N2XY כבל",cable,COPPER,N2XY_COPPER_CABLE,N2XY,5,4,,,,12,12,no,2020-09-24,2025-01-28,yes,
SKU:59511201,59511201,"ממ""ר5x4 N2XY (מטר כבל)בחבילה",cable,COPPER,N2XY_COPPER_CABLE,N2XY,5,4,,,,20,20,no,2017-10-03,2025-01-28,yes,
SKU:5951160,5951160,"ממ""ר5x6 FR N2XY כבל",cable,COPPER,N2XY_COPPER_CABLE,N2XY,5,6,,,,3,3,no,2021-07-28,2024-06-27,yes,
SKU:59511601,59511601,"ממ""ר5x6 N2XY (מטר כבל)בחבילה",cable,COPPER,N2XY_COPPER_CABLE,N2XY,5,6,,,,8,7,no,2019-10-25,2024-06-27,yes,
SKU:5952030,5952030,"ממ""ר4x1 N2XY כבל",cable,COPPER,N2XY_COPPER_CABLE,N2XY,4,1,,,,1,1,no,2022-06-27,2022-06-27,yes,
SKU:5952040,5952040,"ממ""ר5x1 N2XY כבל",cable,COPPER,N2XY_COPPER_CABLE,N2XY,5,1,,,,23,20,no,2019-01-27,2024-09-30,yes,
SKU:59520401,59520401,"ממ""ר5x1 N2XY (מטר כבל)בחבילה",cable,COPPER,N2XY_COPPER_CABLE,N2XY,5,1,,,,2,2,no,2017-10-03,2020-12-30,yes,
SKU:5952060,5952060,"ממ""ר4x16 N2XY כבל",cable,COPPER,N2XY_COPPER_CABLE,N2XY,4,16,,,,1,1,no,2020-01-28,2020-01-28,yes,
SKU:5952070,5952070,"ממ""ר5x16 FR N2XY כבל",cable,COPPER,N2XY_COPPER_CABLE,N2XY,5,16,,,,9,9,no,2019-01-27,2024-02-28,yes,
SKU:5952080,5952080,"ממ""ר3x25+16 N2XY כבל",cable,COPPER,N2XY_COPPER_CABLE,N2XY,3,25,,,,2,2,no,2023-08-29,2024-02-28,yes,
SKU:5952090,5952090,"ממ""ר4x25 N2XY כבל",cable,COPPER,N2XY_COPPER_CABLE,N2XY,4,25,,,,1,1,no,2020-02-27,2020-02-27,yes,
SKU:5952100,5952100,"ממ""ר3x35+16 N2XY כבל",cable,COPPER,N2XY_COPPER_CABLE,N2XY,3,35,,,,5,5,no,2023-02-28,2024-05-29,yes,
SKU:5952110,5952110,"ממ""ר4x35 N2XY כבל",cable,COPPER,N2XY_COPPER_CABLE,N2XY,4,35,,,,3,3,no,2019-09-24,2020-10-22,yes,
SKU:5953030,5953030,4x5 N2XY כבל,cable,COPPER,N2XY_COPPER_CABLE,N2XY,4,5,,,,2,2,no,2021-07-28,2024-10-31,yes,
SKU:5955150,5955150,גמישNYAF חום1.5 חוט,wire,COPPER,COPPER_WIRE,,,1.5,חום,,,1,1,no,2017-10-03,2017-10-03,yes,
SKU:5955161,5955161,גמישNYAF כחול1.5 חוט,wire,COPPER,COPPER_WIRE,,,1.5,כחול,,,1,1,no,2017-10-03,2017-10-03,yes,
SKU:5956030,5956030,גמישNYAF חום1 חוט,wire,COPPER,COPPER_WIRE,,,1,חום,,,1,1,no,2024-07-28,2024-07-28,yes,
SKU:5956041,5956041,גמישNYAF כחול1 חוט,wire,COPPER,COPPER_WIRE,,,1,כחול,,,2,2,no,2020-03-29,2024-07-28,yes,
SKU:5956070,5956070,גמישNYAF חום16 חוט,wire,COPPER,COPPER_WIRE,,,16,חום,,,1,1,no,2020-06-28,2020-06-28,yes,
SKU:5956300,5956300,גמישNYAF שחור12 חוט,wire,COPPER,COPPER_WIRE,,,12,שחור,,,2,1,no,2017-10-03,2017-10-03,yes,
SKU:5959060,5959060,14x1.5 N2XY כבל,cable,COPPER,N2XY_COPPER_CABLE,N2XY,14,1.5,,,,1,1,no,2022-08-25,2022-08-25,yes,
SKU:5974020,5974020,"52.00% שח81.0 מטר50.0 ממ""ר4x35 N2XY כבל5952110",cable,COPPER,N2XY_COPPER_CABLE,N2XY,4,35,,,,15,14,no,2019-11-27,2024-03-31,yes,
SKU:5974040,5974040,"44.00% שח26.48 מטר500.0 ממ""ר5x1 N2XY כבל5952040",cable,COPPER,N2XY_COPPER_CABLE,N2XY,5,1,,,,17,14,no,2018-12-31,2024-02-28,yes,
SKU:696444032,696444032,40.00% שח3.78 מטר100.0 גמישNYAF חום6. חוט5955275x1.5 N2XY (מטר כבל)בחבילה5951041,cable,COPPER,N2XY_COPPER_CABLE,N2XY,75,1.5,חום,,,11,11,no,2018-11-27,2023-06-29,yes,
SKU:8400013,8400013,44.00% שח4.96 מטר100.0 קשיחPVC (צ/י)בחבילה1 מטר חוט5601313x1.5 N2XY (מטר כבל)בחבילה5951021,cable,COPPER,N2XY_COPPER_CABLE,N2XY,13,1.5,צ/י,,PVC,20,20,no,2020-01-28,2025-02-26,yes,
SKU:840001815,840001815,5x1.5/2.5 מהדק חיבור מהיר9915059244.00% שח0.74 מטר500.0 קשיחPVC חום1.5 חוט55022,wire,COPPER_PVC,COPPER_WIRE,,5,1.5,חום,,PVC,7,7,no,2020-02-27,2021-04-27,yes,
SKU:8600209,8600209,"מ""מ4 חוט+ שחור5 צינור מריכף",wire,COPPER,COPPER_WIRE,,,4,שחור,,,1,1,no,2022-04-27,2022-04-27,yes,
SKU:99080056,99080056,3x1.5 N2XY (מטר כבל)בחבילה5951021,cable,COPPER,N2XY_COPPER_CABLE,N2XY,3,1.5,,,,70,70,no,2018-11-27,2025-03-27,yes,
SKU:99521001,99521001,"' חב1.0 (' מ700) מ""מ2 חוט משיכה/קשירה",wire,COPPER,COPPER_WIRE,,,2,משיכה/קשירה,,,34,6,no,2019-09-24,2024-11-28,yes,
SKU:995650435,995650435,44.00% שח1.19 מטר500.00קשיח PVC חום2.5 חוט550325x1.5/2.5 מהדק חיבור מהיר99150592,wire,COPPER_PVC,COPPER_WIRE,,25,1.5,חום,,PVC,4,4,no,2020-08-27,2021-11-25,yes,
SKU:997600221,997600221,3x2.5 N2XY (מטר כבל)בחבילה595106141.00% שח79.34 מטר16.0 סקטור4x24 NA2xY כבל5954091,cable,COPPER,N2XY_COPPER_CABLE,N2XY,3,2.5,,,,10,10,no,2019-09-24,2024-02-28,yes,
SKU:99760023,99760023,3x1.5 N2XY (מטר כבל)בחבילה5951021,cable,COPPER,N2XY_COPPER_CABLE,N2XY,3,1.5,,,,4,4,no,2019-11-27,2022-06-27,yes,
SKU:99913015,99913015,3x2.5 N2XY (מטר כבל)בחבילה5951061,cable,COPPER,N2XY_COPPER_CABLE,N2XY,3,2.5,,,,1,1,no,2020-08-27,2020-08-27,yes,
