date,driver,open,high,low,close,currency,unit,source,source_frequency,is_interpolated,notes
2016-01-01,COPPER_USD,,,,4471.7875,USD,USD/MT,FRED/IMF Primary Commodity Prices,monthly,no,series=PCOPPUSDM
2016-02-01,COPPER_USD,,,,4598.619047619048,USD,USD/MT,FRED/IMF Primary Commodity Prices,monthly,no,series=PCOPPUSDM
2016-03-01,COPPER_USD,,,,4953.797619047619,USD,USD/MT,FRED/IMF Primary Commodity Prices,monthly,no,series=PCOPPUSDM
2016-04-01,COPPER_USD,,,,4872.738095238095,USD,USD/MT,FRED/IMF Primary Commodity Prices,monthly,no,series=PCOPPUSDM
2016-05-01,COPPER_USD,,,,4694.5375,USD,USD/MT,FRED/IMF Primary Commodity Prices,monthly,no,series=PCOPPUSDM
2016-06-01,COPPER_USD,,,,4641.965909090909,USD,USD/MT,FRED/IMF Primary Commodity Prices,monthly,no,series=PCOPPUSDM
2016-07-01,COPPER_USD,,,,4864.904761904762,USD,USD/MT,FRED/IMF Primary Commodity Prices,monthly,no,series=PCOPPUSDM
2016-08-01,COPPER_USD,,,,4751.670454545455,USD,USD/MT,FRED/IMF Primary Commodity Prices,monthly,no,series=PCOPPUSDM
2016-09-01,COPPER_USD,,,,4722.204545454545,USD,USD/MT,FRED/IMF Primary Commodity Prices,monthly,no,series=PCOPPUSDM
2016-10-01,COPPER_USD,,,,4731.261904761905,USD,USD/MT,FRED/IMF Primary Commodity Prices,monthly,no,series=PCOPPUSDM
2016-11-01,COPPER_USD,,,,5450.931818181818,USD,USD/MT,FRED/IMF Primary Commodity Prices,monthly,no,series=PCOPPUSDM
2016-12-01,COPPER_USD,,,,5660.35,USD,USD/MT,FRED/IMF Primary Commodity Prices,monthly,no,series=PCOPPUSDM
2017-01-01,COPPER_USD,,,,5754.559523809524,USD,USD/MT,FRED/IMF Primary Commodity Prices,monthly,no,series=PCOPPUSDM
2017-02-01,COPPER_USD,,,,5940.9125,USD,USD/MT,FRED/IMF Primary Commodity Prices,monthly,no,series=PCOPPUSDM
2017-03-01,COPPER_USD,,,,5824.630434782609,USD,USD/MT,FRED/IMF Primary Commodity Prices,monthly,no,series=PCOPPUSDM
2017-04-01,COPPER_USD,,,,5683.902777777778,USD,USD/MT,FRED/IMF Primary Commodity Prices,monthly,no,series=PCOPPUSDM
2017-05-01,COPPER_USD,,,,5599.559523809524,USD,USD/MT,FRED/IMF Primary Commodity Prices,monthly,no,series=PCOPPUSDM
2017-06-01,COPPER_USD,,,,5719.761363636364,USD,USD/MT,FRED/IMF Primary Commodity Prices,monthly,no,series=PCOPPUSDM
2017-07-01,COPPER_USD,,,,5985.119047619048,USD,USD/MT,FRED/IMF Primary Commodity Prices,monthly,no,series=PCOPPUSDM
2017-08-01,COPPER_USD,,,,6485.625,USD,USD/MT,FRED/IMF Primary Commodity Prices,monthly,no,series=PCOPPUSDM
2017-09-01,COPPER_USD,,,,6577.166666666667,USD,USD/MT,FRED/IMF Primary Commodity Prices,monthly,no,series=PCOPPUSDM
2017-10-01,COPPER_USD,,,,6807.602272727273,USD,USD/MT,FRED/IMF Primary Commodity Prices,monthly,no,series=PCOPPUSDM
2017-11-01,COPPER_USD,,,,6826.545454545455,USD,USD/MT,FRED/IMF Primary Commodity Prices,monthly,no,series=PCOPPUSDM
2017-12-01,COPPER_USD,,,,6833.894736842105,USD,USD/MT,FRED/IMF Primary Commodity Prices,monthly,no,series=PCOPPUSDM
2018-01-01,COPPER_USD,,,,7065.852272727273,USD,USD/MT,FRED/IMF Primary Commodity Prices,monthly,no,series=PCOPPUSDM
2018-02-01,COPPER_USD,,,,7006.525,USD,USD/MT,FRED/IMF Primary Commodity Prices,monthly,no,series=PCOPPUSDM
2018-03-01,COPPER_USD,,,,6799.178571428571,USD,USD/MT,FRED/IMF Primary Commodity Prices,monthly,no,series=PCOPPUSDM
2018-04-01,COPPER_USD,,,,6851.5125,USD,USD/MT,FRED/IMF Primary Commodity Prices,monthly,no,series=PCOPPUSDM
2018-05-01,COPPER_USD,,,,6825.27380952381,USD,USD/MT,FRED/IMF Primary Commodity Prices,monthly,no,series=PCOPPUSDM
2018-06-01,COPPER_USD,,,,6965.857142857143,USD,USD/MT,FRED/IMF Primary Commodity Prices,monthly,no,series=PCOPPUSDM
2018-07-01,COPPER_USD,,,,6250.75,USD,USD/MT,FRED/IMF Primary Commodity Prices,monthly,no,series=PCOPPUSDM
2018-08-01,COPPER_USD,,,,6051.045454545455,USD,USD/MT,FRED/IMF Primary Commodity Prices,monthly,no,series=PCOPPUSDM
2018-09-01,COPPER_USD,,,,6050.7625,USD,USD/MT,FRED/IMF Primary Commodity Prices,monthly,no,series=PCOPPUSDM
2018-10-01,COPPER_USD,,,,6219.586956521739,USD,USD/MT,FRED/IMF Primary Commodity Prices,monthly,no,series=PCOPPUSDM
2018-11-01,COPPER_USD,,,,6195.920454545455,USD,USD/MT,FRED/IMF Primary Commodity Prices,monthly,no,series=PCOPPUSDM
2018-12-01,COPPER_USD,,,,6075.315789473684,USD,USD/MT,FRED/IMF Primary Commodity Prices,monthly,no,series=PCOPPUSDM
2019-01-01,COPPER_USD,,,,5939.102272727273,USD,USD/MT,FRED/IMF Primary Commodity Prices,monthly,no,series=PCOPPUSDM
2019-02-01,COPPER_USD,,,,6300.4875,USD,USD/MT,FRED/IMF Primary Commodity Prices,monthly,no,series=PCOPPUSDM
2019-03-01,COPPER_USD,,,,6439.464285714286,USD,USD/MT,FRED/IMF Primary Commodity Prices,monthly,no,series=PCOPPUSDM
2019-04-01,COPPER_USD,,,,6438.3625,USD,USD/MT,FRED/IMF Primary Commodity Prices,monthly,no,series=PCOPPUSDM
2019-05-01,COPPER_USD,,,,6017.904761904762,USD,USD/MT,FRED/IMF Primary Commodity Prices,monthly,no,series=PCOPPUSDM
2019-06-01,COPPER_USD,,,,5882.225,USD,USD/MT,FRED/IMF Primary Commodity Prices,monthly,no,series=PCOPPUSDM
2019-07-01,COPPER_USD,,,,5941.195652173913,USD,USD/MT,FRED/IMF Primary Commodity Prices,monthly,no,series=PCOPPUSDM
2019-08-01,COPPER_USD,,,,5709.440476190476,USD,USD/MT,FRED/IMF Primary Commodity Prices,monthly,no,series=PCOPPUSDM
2019-09-01,COPPER_USD,,,,5759.25,USD,USD/MT,FRED/IMF Primary Commodity Prices,monthly,no,series=PCOPPUSDM
2019-10-01,COPPER_USD,,,,5757.297826086957,USD,USD/MT,FRED/IMF Primary Commodity Prices,monthly,no,series=PCOPPUSDM
2019-11-01,COPPER_USD,,,,5859.952380952381,USD,USD/MT,FRED/IMF Primary Commodity Prices,monthly,no,series=PCOPPUSDM
2019-12-01,COPPER_USD,,,,6077.0625,USD,USD/MT,FRED/IMF Primary Commodity Prices,monthly,no,series=PCOPPUSDM
2020-01-01,COPPER_USD,,,,6031.209090909091,USD,USD/MT,FRED/IMF Primary Commodity Prices,monthly,no,series=PCOPPUSDM
2020-02-01,COPPER_USD,,,,5687.75,USD,USD/MT,FRED/IMF Primary Commodity Prices,monthly,no,series=PCOPPUSDM
2020-03-01,COPPER_USD,,,,5182.631818181818,USD,USD/MT,FRED/IMF Primary Commodity Prices,monthly,no,series=PCOPPUSDM
2020-04-01,COPPER_USD,,,,5057.972,USD,USD/MT,FRED/IMF Primary Commodity Prices,monthly,no,series=PCOPPUSDM
2020-05-01,COPPER_USD,,,,5239.826315789474,USD,USD/MT,FRED/IMF Primary Commodity Prices,monthly,no,series=PCOPPUSDM
2020-06-01,COPPER_USD,,,,5754.595454545455,USD,USD/MT,FRED/IMF Primary Commodity Prices,monthly,no,series=PCOPPUSDM
2020-07-01,COPPER_USD,,,,6372.460869565217,USD,USD/MT,FRED/IMF Primary Commodity Prices,monthly,no,series=PCOPPUSDM
2020-08-01,COPPER_USD,,,,6508.392857142857,USD,USD/MT,FRED/IMF Primary Commodity Prices,monthly,no,series=PCOPPUSDM
2020-09-01,COPPER_USD,,,,6704.9,USD,USD/MT,FRED/IMF Primary Commodity Prices,monthly,no,series=PCOPPUSDM
2020-10-01,COPPER_USD,,,,6713.811363636364,USD,USD/MT,FRED/IMF Primary Commodity Prices,monthly,no,series=PCOPPUSDM
2020-11-01,COPPER_USD,,,,7068.907142857143,USD,USD/MT,FRED/IMF Primary Commodity Prices,monthly,no,series=PCOPPUSDM
2020-12-01,COPPER_USD,,,,7772.238095238095,USD,USD/MT,FRED/IMF Primary Commodity Prices,monthly,no,series=PCOPPUSDM
2021-01-01,COPPER_USD,,,,7972.1475,USD,USD/MT,FRED/IMF Primary Commodity Prices,monthly,no,series=PCOPPUSDM
2021-02-01,COPPER_USD,,,,8470.94,USD,USD/MT,FRED/IMF Primary Commodity Prices,monthly,no,series=PCOPPUSDM
2021-03-01,COPPER_USD,,,,8988.247826086958,USD,USD/MT,FRED/IMF Primary Commodity Prices,monthly,no,series=PCOPPUSDM
2021-04-01,COPPER_USD,,,,9324.8175,USD,USD/MT,FRED/IMF Primary Commodity Prices,monthly,no,series=PCOPPUSDM
2021-05-01,COPPER_USD,,,,10166.285,USD,USD/MT,FRED/IMF Primary Commodity Prices,monthly,no,series=PCOPPUSDM
2021-06-01,COPPER_USD,,,,9631.5,USD,USD/MT,FRED/IMF Primary Commodity Prices,monthly,no,series=PCOPPUSDM
2021-07-01,COPPER_USD,,,,9450.820454545456,USD,USD/MT,FRED/IMF Primary Commodity Prices,monthly,no,series=PCOPPUSDM
2021-08-01,COPPER_USD,,,,9370.138571428572,USD,USD/MT,FRED/IMF Primary Commodity Prices,monthly,no,series=PCOPPUSDM
2021-09-01,COPPER_USD,,,,9324.709545454543,USD,USD/MT,FRED/IMF Primary Commodity Prices,monthly,no,series=PCOPPUSDM
2021-10-01,COPPER_USD,,,,9829.219047619048,USD,USD/MT,FRED/IMF Primary Commodity Prices,monthly,no,series=PCOPPUSDM
2021-11-01,COPPER_USD,,,,9728.904545454545,USD,USD/MT,FRED/IMF Primary Commodity Prices,monthly,no,series=PCOPPUSDM
2021-12-01,COPPER_USD,,,,9551.18,USD,USD/MT,FRED/IMF Primary Commodity Prices,monthly,no,series=PCOPPUSDM
2022-01-01,COPPER_USD,,,,9782.3375,USD,USD/MT,FRED/IMF Primary Commodity Prices,monthly,no,series=PCOPPUSDM
2022-02-01,COPPER_USD,,,,9943.175,USD,USD/MT,FRED/IMF Primary Commodity Prices,monthly,no,series=PCOPPUSDM
2022-03-01,COPPER_USD,,,,10230.89391304348,USD,USD/MT,FRED/IMF Primary Commodity Prices,monthly,no,series=PCOPPUSDM
2022-04-01,COPPER_USD,,,,10174.34761904762,USD,USD/MT,FRED/IMF Primary Commodity Prices,monthly,no,series=PCOPPUSDM
2022-05-01,COPPER_USD,,,,9395.027272727271,USD,USD/MT,FRED/IMF Primary Commodity Prices,monthly,no,series=PCOPPUSDM
2022-06-01,COPPER_USD,,,,9067.551818181819,USD,USD/MT,FRED/IMF Primary Commodity Prices,monthly,no,series=PCOPPUSDM
2022-07-01,COPPER_USD,,,,7544.809523809524,USD,USD/MT,FRED/IMF Primary Commodity Prices,monthly,no,series=PCOPPUSDM
2022-08-01,COPPER_USD,,,,7990.812173913043,USD,USD/MT,FRED/IMF Primary Commodity Prices,monthly,no,series=PCOPPUSDM
2022-09-01,COPPER_USD,,,,7746.011363636364,USD,USD/MT,FRED/IMF Primary Commodity Prices,monthly,no,series=PCOPPUSDM
2022-10-01,COPPER_USD,,,,7651.082857142857,USD,USD/MT,FRED/IMF Primary Commodity Prices,monthly,no,series=PCOPPUSDM
2022-11-01,COPPER_USD,,,,8049.861363636364,USD,USD/MT,FRED/IMF Primary Commodity Prices,monthly,no,series=PCOPPUSDM
2022-12-01,COPPER_USD,,,,8371.091363636364,USD,USD/MT,FRED/IMF Primary Commodity Prices,monthly,no,series=PCOPPUSDM
2023-01-01,COPPER_USD,,,,9007.346363636363,USD,USD/MT,FRED/IMF Primary Commodity Prices,monthly,no,series=PCOPPUSDM
2023-02-01,COPPER_USD,,,,8936.587,USD,USD/MT,FRED/IMF Primary Commodity Prices,monthly,no,series=PCOPPUSDM
2023-03-01,COPPER_USD,,,,8856.310869565217,USD,USD/MT,FRED/IMF Primary Commodity Prices,monthly,no,series=PCOPPUSDM
2023-04-01,COPPER_USD,,,,8809.1575,USD,USD/MT,FRED/IMF Primary Commodity Prices,monthly,no,series=PCOPPUSDM
2023-05-01,COPPER_USD,,,,8243.156086956522,USD,USD/MT,FRED/IMF Primary Commodity Prices,monthly,no,series=PCOPPUSDM
2023-06-01,COPPER_USD,,,,8396.517727272727,USD,USD/MT,FRED/IMF Primary Commodity Prices,monthly,no,series=PCOPPUSDM
2023-07-01,COPPER_USD,,,,8476.679047619047,USD,USD/MT,FRED/IMF Primary Commodity Prices,monthly,no,series=PCOPPUSDM
2023-08-01,COPPER_USD,,,,8347.828260869564,USD,USD/MT,FRED/IMF Primary Commodity Prices,monthly,no,series=PCOPPUSDM
2023-09-01,COPPER_USD,,,,8276.71380952381,USD,USD/MT,FRED/IMF Primary Commodity Prices,monthly,no,series=PCOPPUSDM
2023-10-01,COPPER_USD,,,,7941.355909090909,USD,USD/MT,FRED/IMF Primary Commodity Prices,monthly,no,series=PCOPPUSDM
2023-11-01,COPPER_USD,,,,8189.587727272727,USD,USD/MT,FRED/IMF Primary Commodity Prices,monthly,no,series=PCOPPUSDM
2023-12-01,COPPER_USD,,,,8407.900476190476,USD,USD/MT,FRED/IMF Primary Commodity Prices,monthly,no,series=PCOPPUSDM
2024-01-01,COPPER_USD,,,,8351.339565217391,USD,USD/MT,FRED/IMF Primary Commodity Prices,monthly,no,series=PCOPPUSDM
2024-02-01,COPPER_USD,,,,8304.950476190475,USD,USD/MT,FRED/IMF Primary Commodity Prices,monthly,no,series=PCOPPUSDM
2024-03-01,COPPER_USD,,,,8692.819047619048,USD,USD/MT,FRED/IMF Primary Commodity Prices,monthly,no,series=PCOPPUSDM
2024-04-01,COPPER_USD,,,,9445.593636363636,USD,USD/MT,FRED/IMF Primary Commodity Prices,monthly,no,series=PCOPPUSDM
2024-05-01,COPPER_USD,,,,10117.16347826087,USD,USD/MT,FRED/IMF Primary Commodity Prices,monthly,no,series=PCOPPUSDM
2024-06-01,COPPER_USD,,,,9648.167,USD,USD/MT,FRED/IMF Primary Commodity Prices,monthly,no,series=PCOPPUSDM
2024-07-01,COPPER_USD,,,,9385.31304347826,USD,USD/MT,FRED/IMF Primary Commodity Prices,monthly,no,series=PCOPPUSDM
2024-08-01,COPPER_USD,,,,8981.117727272727,USD,USD/MT,FRED/IMF Primary Commodity Prices,monthly,no,series=PCOPPUSDM
2024-09-01,COPPER_USD,,,,9259.128571428571,USD,USD/MT,FRED/IMF Primary Commodity Prices,monthly,no,series=PCOPPUSDM
2024-10-01,COPPER_USD,,,,9533.991304347826,USD,USD/MT,FRED/IMF Primary Commodity Prices,monthly,no,series=PCOPPUSDM
2024-11-01,COPPER_USD,,,,9075.727142857144,USD,USD/MT,FRED/IMF Primary Commodity Prices,monthly,no,series=PCOPPUSDM
2024-12-01,COPPER_USD,,,,8909.907727272726,USD,USD/MT,FRED/IMF Primary Commodity Prices,monthly,no,series=PCOPPUSDM
2025-01-01,COPPER_USD,,,,8976.68043478261,USD,USD/MT,FRED/IMF Primary Commodity Prices,monthly,no,series=PCOPPUSDM
2025-02-01,COPPER_USD,,,,9330.975,USD,USD/MT,FRED/IMF Primary Commodity Prices,monthly,no,series=PCOPPUSDM
2025-03-01,COPPER_USD,,,,9735.823333333332,USD,USD/MT,FRED/IMF Primary Commodity Prices,monthly,no,series=PCOPPUSDM
2025-04-01,COPPER_USD,,,,9172.69590909091,USD,USD/MT,FRED/IMF Primary Commodity Prices,monthly,no,series=PCOPPUSDM
2025-05-01,COPPER_USD,,,,9531.200909090909,USD,USD/MT,FRED/IMF Primary Commodity Prices,monthly,no,series=PCOPPUSDM
2025-06-01,COPPER_USD,,,,9835.068095238095,USD,USD/MT,FRED/IMF Primary Commodity Prices,monthly,no,series=PCOPPUSDM
2025-07-01,COPPER_USD,,,,9770.580434782609,USD,USD/MT,FRED/IMF Primary Commodity Prices,monthly,no,series=PCOPPUSDM
2025-08-01,COPPER_USD,,,,9671.875714285714,USD,USD/MT,FRED/IMF Primary Commodity Prices,monthly,no,series=PCOPPUSDM
2025-09-01,COPPER_USD,,,,9994.773181818182,USD,USD/MT,FRED/IMF Primary Commodity Prices,monthly,no,series=PCOPPUSDM
2025-10-01,COPPER_USD,,,,10739.91826086957,USD,USD/MT,FRED/IMF Primary Commodity Prices,monthly,no,series=PCOPPUSDM
2025-11-01,COPPER_USD,,,,10812.028,USD,USD/MT,FRED/IMF Primary Commodity Prices,monthly,no,series=PCOPPUSDM
2025-12-01,COPPER_USD,,,,11790.96409090909,USD,USD/MT,FRED/IMF Primary Commodity Prices,monthly,no,series=PCOPPUSDM
2026-01-01,COPPER_USD,,,,12986.60681818182,USD,USD/MT,FRED/IMF Primary Commodity Prices,monthly,no,series=PCOPPUSDM
2026-02-01,COPPER_USD,,,,12951.345,USD,USD/MT,FRED/IMF Primary Commodity Prices,monthly,no,series=PCOPPUSDM
2026-03-01,COPPER_USD,,,,12528.70954545455,USD,USD/MT,FRED/IMF Primary Commodity Prices,monthly,no,series=PCOPPUSDM
2026-04-01,COPPER_USD,,,,12890.68772727273,USD,USD/MT,FRED/IMF Primary Commodity Prices,monthly,no,series=PCOPPUSDM
2026-05-01,COPPER_USD,,,,13512.15619047619,USD,USD/MT,FRED/IMF Primary Commodity Prices,monthly,no,series=PCOPPUSDM
2026-06-01,COPPER_USD,,,,13552.04090909091,USD,USD/MT,FRED/IMF Primary Commodity Prices,monthly,no,series=PCOPPUSDM
2026-07-01,COPPER_USD,,,,13542.82086956522,USD,USD/MT,FRED/IMF Primary Commodity Prices,monthly,no,series=PCOPPUSDM
2016-01-01,ALUMINIUM_USD,,,,1481.1,USD,USD/MT,FRED/IMF Primary Commodity Prices,monthly,no,series=PALUMUSDM
2016-02-01,ALUMINIUM_USD,,,,1531.261904761905,USD,USD/MT,FRED/IMF Primary Commodity Prices,monthly,no,series=PALUMUSDM
2016-03-01,ALUMINIUM_USD,,,,1531.011904761905,USD,USD/MT,FRED/IMF Primary Commodity Prices,monthly,no,series=PALUMUSDM
2016-04-01,ALUMINIUM_USD,,,,1571.22619047619,USD,USD/MT,FRED/IMF Primary Commodity Prices,monthly,no,series=PALUMUSDM
2016-05-01,ALUMINIUM_USD,,,,1550.625,USD,USD/MT,FRED/IMF Primary Commodity Prices,monthly,no,series=PALUMUSDM
2016-06-01,ALUMINIUM_USD,,,,1593.506818181818,USD,USD/MT,FRED/IMF Primary Commodity Prices,monthly,no,series=PALUMUSDM
2016-07-01,ALUMINIUM_USD,,,,1629.047619047619,USD,USD/MT,FRED/IMF Primary Commodity Prices,monthly,no,series=PALUMUSDM
2016-08-01,ALUMINIUM_USD,,,,1639.284090909091,USD,USD/MT,FRED/IMF Primary Commodity Prices,monthly,no,series=PALUMUSDM
2016-09-01,ALUMINIUM_USD,,,,1592.363636363636,USD,USD/MT,FRED/IMF Primary Commodity Prices,monthly,no,series=PALUMUSDM
2016-10-01,ALUMINIUM_USD,,,,1665.904761904762,USD,USD/MT,FRED/IMF Primary Commodity Prices,monthly,no,series=PALUMUSDM
2016-11-01,ALUMINIUM_USD,,,,1737.113636363636,USD,USD/MT,FRED/IMF Primary Commodity Prices,monthly,no,series=PALUMUSDM
2016-12-01,ALUMINIUM_USD,,,,1727.7375,USD,USD/MT,FRED/IMF Primary Commodity Prices,monthly,no,series=PALUMUSDM
2017-01-01,ALUMINIUM_USD,,,,1791.238095238095,USD,USD/MT,FRED/IMF Primary Commodity Prices,monthly,no,series=PALUMUSDM
2017-02-01,ALUMINIUM_USD,,,,1860.75,USD,USD/MT,FRED/IMF Primary Commodity Prices,monthly,no,series=PALUMUSDM
2017-03-01,ALUMINIUM_USD,,,,1901.467391304348,USD,USD/MT,FRED/IMF Primary Commodity Prices,monthly,no,series=PALUMUSDM
2017-04-01,ALUMINIUM_USD,,,,1921.222222222222,USD,USD/MT,FRED/IMF Primary Commodity Prices,monthly,no,series=PALUMUSDM
2017-05-01,ALUMINIUM_USD,,,,1913.02380952381,USD,USD/MT,FRED/IMF Primary Commodity Prices,monthly,no,series=PALUMUSDM
2017-06-01,ALUMINIUM_USD,,,,1885.286363636364,USD,USD/MT,FRED/IMF Primary Commodity Prices,monthly,no,series=PALUMUSDM
2017-07-01,ALUMINIUM_USD,,,,1902.964285714286,USD,USD/MT,FRED/IMF Primary Commodity Prices,monthly,no,series=PALUMUSDM
2017-08-01,ALUMINIUM_USD,,,,2030.011363636364,USD,USD/MT,FRED/IMF Primary Commodity Prices,monthly,no,series=PALUMUSDM
2017-09-01,ALUMINIUM_USD,,,,2096.488095238095,USD,USD/MT,FRED/IMF Primary Commodity Prices,monthly,no,series=PALUMUSDM
2017-10-01,ALUMINIUM_USD,,,,2131.488636363636,USD,USD/MT,FRED/IMF Primary Commodity Prices,monthly,no,series=PALUMUSDM
2017-11-01,ALUMINIUM_USD,,,,2097.440909090909,USD,USD/MT,FRED/IMF Primary Commodity Prices,monthly,no,series=PALUMUSDM
2017-12-01,ALUMINIUM_USD,,,,2080.473684210526,USD,USD/MT,FRED/IMF Primary Commodity Prices,monthly,no,series=PALUMUSDM
2018-01-01,ALUMINIUM_USD,,,,2209.727272727273,USD,USD/MT,FRED/IMF Primary Commodity Prices,monthly,no,series=PALUMUSDM
2018-02-01,ALUMINIUM_USD,,,,2181.7875,USD,USD/MT,FRED/IMF Primary Commodity Prices,monthly,no,series=PALUMUSDM
2018-03-01,ALUMINIUM_USD,,,,2069.238095238095,USD,USD/MT,FRED/IMF Primary Commodity Prices,monthly,no,series=PALUMUSDM
2018-04-01,ALUMINIUM_USD,,,,2254.6875,USD,USD/MT,FRED/IMF Primary Commodity Prices,monthly,no,series=PALUMUSDM
2018-05-01,ALUMINIUM_USD,,,,2299.666666666667,USD,USD/MT,FRED/IMF Primary Commodity Prices,monthly,no,series=PALUMUSDM
2018-06-01,ALUMINIUM_USD,,,,2237.619047619048,USD,USD/MT,FRED/IMF Primary Commodity Prices,monthly,no,series=PALUMUSDM
2018-07-01,ALUMINIUM_USD,,,,2082.238636363636,USD,USD/MT,FRED/IMF Primary Commodity Prices,monthly,no,series=PALUMUSDM
2018-08-01,ALUMINIUM_USD,,,,2051.511363636364,USD,USD/MT,FRED/IMF Primary Commodity Prices,monthly,no,series=PALUMUSDM
2018-09-01,ALUMINIUM_USD,,,,2026.4625,USD,USD/MT,FRED/IMF Primary Commodity Prices,monthly,no,series=PALUMUSDM
2018-10-01,ALUMINIUM_USD,,,,2029.858695652174,USD,USD/MT,FRED/IMF Primary Commodity Prices,monthly,no,series=PALUMUSDM
2018-11-01,ALUMINIUM_USD,,,,1938.511363636364,USD,USD/MT,FRED/IMF Primary Commodity Prices,monthly,no,series=PALUMUSDM
2018-12-01,ALUMINIUM_USD,,,,1920.381578947368,USD,USD/MT,FRED/IMF Primary Commodity Prices,monthly,no,series=PALUMUSDM
2019-01-01,ALUMINIUM_USD,,,,1853.715909090909,USD,USD/MT,FRED/IMF Primary Commodity Prices,monthly,no,series=PALUMUSDM
2019-02-01,ALUMINIUM_USD,,,,1862.9875,USD,USD/MT,FRED/IMF Primary Commodity Prices,monthly,no,series=PALUMUSDM
2019-03-01,ALUMINIUM_USD,,,,1871.214285714286,USD,USD/MT,FRED/IMF Primary Commodity Prices,monthly,no,series=PALUMUSDM
2019-04-01,ALUMINIUM_USD,,,,1845.425,USD,USD/MT,FRED/IMF Primary Commodity Prices,monthly,no,series=PALUMUSDM
2019-05-01,ALUMINIUM_USD,,,,1781.261904761905,USD,USD/MT,FRED/IMF Primary Commodity Prices,monthly,no,series=PALUMUSDM
2019-06-01,ALUMINIUM_USD,,,,1755.95,USD,USD/MT,FRED/IMF Primary Commodity Prices,monthly,no,series=PALUMUSDM
2019-07-01,ALUMINIUM_USD,,,,1796.989130434783,USD,USD/MT,FRED/IMF Primary Commodity Prices,monthly,no,series=PALUMUSDM
2019-08-01,ALUMINIUM_USD,,,,1740.678571428571,USD,USD/MT,FRED/IMF Primary Commodity Prices,monthly,no,series=PALUMUSDM
2019-09-01,ALUMINIUM_USD,,,,1753.511904761905,USD,USD/MT,FRED/IMF Primary Commodity Prices,monthly,no,series=PALUMUSDM
2019-10-01,ALUMINIUM_USD,,,,1725.95652173913,USD,USD/MT,FRED/IMF Primary Commodity Prices,monthly,no,series=PALUMUSDM
2019-11-01,ALUMINIUM_USD,,,,1774.785714285714,USD,USD/MT,FRED/IMF Primary Commodity Prices,monthly,no,series=PALUMUSDM
2019-12-01,ALUMINIUM_USD,,,,1771.38,USD,USD/MT,FRED/IMF Primary Commodity Prices,monthly,no,series=PALUMUSDM
2020-01-01,ALUMINIUM_USD,,,,1773.090909090909,USD,USD/MT,FRED/IMF Primary Commodity Prices,monthly,no,series=PALUMUSDM
2020-02-01,ALUMINIUM_USD,,,,1688.095,USD,USD/MT,FRED/IMF Primary Commodity Prices,monthly,no,series=PALUMUSDM
2020-03-01,ALUMINIUM_USD,,,,1610.890909090909,USD,USD/MT,FRED/IMF Primary Commodity Prices,monthly,no,series=PALUMUSDM
2020-04-01,ALUMINIUM_USD,,,,1459.9345,USD,USD/MT,FRED/IMF Primary Commodity Prices,monthly,no,series=PALUMUSDM
2020-05-01,ALUMINIUM_USD,,,,1466.371578947368,USD,USD/MT,FRED/IMF Primary Commodity Prices,monthly,no,series=PALUMUSDM
2020-06-01,ALUMINIUM_USD,,,,1568.570454545455,USD,USD/MT,FRED/IMF Primary Commodity Prices,monthly,no,series=PALUMUSDM
2020-07-01,ALUMINIUM_USD,,,,1643.812173913043,USD,USD/MT,FRED/IMF Primary Commodity Prices,monthly,no,series=PALUMUSDM
2020-08-01,ALUMINIUM_USD,,,,1738.555238095238,USD,USD/MT,FRED/IMF Primary Commodity Prices,monthly,no,series=PALUMUSDM
2020-09-01,ALUMINIUM_USD,,,,1743.774545454545,USD,USD/MT,FRED/IMF Primary Commodity Prices,monthly,no,series=PALUMUSDM
2020-10-01,ALUMINIUM_USD,,,,1806.101818181818,USD,USD/MT,FRED/IMF Primary Commodity Prices,monthly,no,series=PALUMUSDM
2020-11-01,ALUMINIUM_USD,,,,1935.283333333333,USD,USD/MT,FRED/IMF Primary Commodity Prices,monthly,no,series=PALUMUSDM
2020-12-01,ALUMINIUM_USD,,,,2014.671904761905,USD,USD/MT,FRED/IMF Primary Commodity Prices,monthly,no,series=PALUMUSDM
2021-01-01,ALUMINIUM_USD,,,,2003.9755,USD,USD/MT,FRED/IMF Primary Commodity Prices,monthly,no,series=PALUMUSDM
2021-02-01,ALUMINIUM_USD,,,,2078.5935,USD,USD/MT,FRED/IMF Primary Commodity Prices,monthly,no,series=PALUMUSDM
2021-03-01,ALUMINIUM_USD,,,,2190.482608695652,USD,USD/MT,FRED/IMF Primary Commodity Prices,monthly,no,series=PALUMUSDM
2021-04-01,ALUMINIUM_USD,,,,2319.3925,USD,USD/MT,FRED/IMF Primary Commodity Prices,monthly,no,series=PALUMUSDM
2021-05-01,ALUMINIUM_USD,,,,2434.7765,USD,USD/MT,FRED/IMF Primary Commodity Prices,monthly,no,series=PALUMUSDM
2021-06-01,ALUMINIUM_USD,,,,2446.645454545455,USD,USD/MT,FRED/IMF Primary Commodity Prices,monthly,no,series=PALUMUSDM
2021-07-01,ALUMINIUM_USD,,,,2497.635454545455,USD,USD/MT,FRED/IMF Primary Commodity Prices,monthly,no,series=PALUMUSDM
2021-08-01,ALUMINIUM_USD,,,,2602.991904761905,USD,USD/MT,FRED/IMF Primary Commodity Prices,monthly,no,series=PALUMUSDM
2021-09-01,ALUMINIUM_USD,,,,2834.556818181818,USD,USD/MT,FRED/IMF Primary Commodity Prices,monthly,no,series=PALUMUSDM
2021-10-01,ALUMINIUM_USD,,,,2934.39380952381,USD,USD/MT,FRED/IMF Primary Commodity Prices,monthly,no,series=PALUMUSDM
2021-11-01,ALUMINIUM_USD,,,,2636.452272727273,USD,USD/MT,FRED/IMF Primary Commodity Prices,monthly,no,series=PALUMUSDM
2021-12-01,ALUMINIUM_USD,,,,2695.531428571429,USD,USD/MT,FRED/IMF Primary Commodity Prices,monthly,no,series=PALUMUSDM
2022-01-01,ALUMINIUM_USD,,,,3005.9805,USD,USD/MT,FRED/IMF Primary Commodity Prices,monthly,no,series=PALUMUSDM
2022-02-01,ALUMINIUM_USD,,,,3245.7855,USD,USD/MT,FRED/IMF Primary Commodity Prices,monthly,no,series=PALUMUSDM
2022-03-01,ALUMINIUM_USD,,,,3498.373043478261,USD,USD/MT,FRED/IMF Primary Commodity Prices,monthly,no,series=PALUMUSDM
2022-04-01,ALUMINIUM_USD,,,,3246.990476190476,USD,USD/MT,FRED/IMF Primary Commodity Prices,monthly,no,series=PALUMUSDM
2022-05-01,ALUMINIUM_USD,,,,2839.505454545455,USD,USD/MT,FRED/IMF Primary Commodity Prices,monthly,no,series=PALUMUSDM
2022-06-01,ALUMINIUM_USD,,,,2575.669545454545,USD,USD/MT,FRED/IMF Primary Commodity Prices,monthly,no,series=PALUMUSDM
2022-07-01,ALUMINIUM_USD,,,,2408.423333333333,USD,USD/MT,FRED/IMF Primary Commodity Prices,monthly,no,series=PALUMUSDM
2022-08-01,ALUMINIUM_USD,,,,2433.916086956522,USD,USD/MT,FRED/IMF Primary Commodity Prices,monthly,no,series=PALUMUSDM
2022-09-01,ALUMINIUM_USD,,,,2224.755909090909,USD,USD/MT,FRED/IMF Primary Commodity Prices,monthly,no,series=PALUMUSDM
2022-10-01,ALUMINIUM_USD,,,,2255.535238095238,USD,USD/MT,FRED/IMF Primary Commodity Prices,monthly,no,series=PALUMUSDM
2022-11-01,ALUMINIUM_USD,,,,2350.716363636364,USD,USD/MT,FRED/IMF Primary Commodity Prices,monthly,no,series=PALUMUSDM
2022-12-01,ALUMINIUM_USD,,,,2398.206818181818,USD,USD/MT,FRED/IMF Primary Commodity Prices,monthly,no,series=PALUMUSDM
2023-01-01,ALUMINIUM_USD,,,,2494.900909090909,USD,USD/MT,FRED/IMF Primary Commodity Prices,monthly,no,series=PALUMUSDM
2023-02-01,ALUMINIUM_USD,,,,2416.1815,USD,USD/MT,FRED/IMF Primary Commodity Prices,monthly,no,series=PALUMUSDM
2023-03-01,ALUMINIUM_USD,,,,2296.416956521739,USD,USD/MT,FRED/IMF Primary Commodity Prices,monthly,no,series=PALUMUSDM
2023-04-01,ALUMINIUM_USD,,,,2338.131,USD,USD/MT,FRED/IMF Primary Commodity Prices,monthly,no,series=PALUMUSDM
2023-05-01,ALUMINIUM_USD,,,,2274.012608695652,USD,USD/MT,FRED/IMF Primary Commodity Prices,monthly,no,series=PALUMUSDM
2023-06-01,ALUMINIUM_USD,,,,2184.753636363636,USD,USD/MT,FRED/IMF Primary Commodity Prices,monthly,no,series=PALUMUSDM
2023-07-01,ALUMINIUM_USD,,,,2159.732380952381,USD,USD/MT,FRED/IMF Primary Commodity Prices,monthly,no,series=PALUMUSDM
2023-08-01,ALUMINIUM_USD,,,,2135.581739130435,USD,USD/MT,FRED/IMF Primary Commodity Prices,monthly,no,series=PALUMUSDM
2023-09-01,ALUMINIUM_USD,,,,2184.67380952381,USD,USD/MT,FRED/IMF Primary Commodity Prices,monthly,no,series=PALUMUSDM
2023-10-01,ALUMINIUM_USD,,,,2194.390909090909,USD,USD/MT,FRED/IMF Primary Commodity Prices,monthly,no,series=PALUMUSDM
2023-11-01,ALUMINIUM_USD,,,,2202.255454545455,USD,USD/MT,FRED/IMF Primary Commodity Prices,monthly,no,series=PALUMUSDM
2023-12-01,ALUMINIUM_USD,,,,2192.005238095238,USD,USD/MT,FRED/IMF Primary Commodity Prices,monthly,no,series=PALUMUSDM
2024-01-01,ALUMINIUM_USD,,,,2201.56652173913,USD,USD/MT,FRED/IMF Primary Commodity Prices,monthly,no,series=PALUMUSDM
2024-02-01,ALUMINIUM_USD,,,,2179.457142857143,USD,USD/MT,FRED/IMF Primary Commodity Prices,monthly,no,series=PALUMUSDM
2024-03-01,ALUMINIUM_USD,,,,2229.441904761905,USD,USD/MT,FRED/IMF Primary Commodity Prices,monthly,no,series=PALUMUSDM
2024-04-01,ALUMINIUM_USD,,,,2499.228181818182,USD,USD/MT,FRED/IMF Primary Commodity Prices,monthly,no,series=PALUMUSDM
2024-05-01,ALUMINIUM_USD,,,,2566.318695652174,USD,USD/MT,FRED/IMF Primary Commodity Prices,monthly,no,series=PALUMUSDM
2024-06-01,ALUMINIUM_USD,,,,2497.6055,USD,USD/MT,FRED/IMF Primary Commodity Prices,monthly,no,series=PALUMUSDM
2024-07-01,ALUMINIUM_USD,,,,2349.125217391304,USD,USD/MT,FRED/IMF Primary Commodity Prices,monthly,no,series=PALUMUSDM
2024-08-01,ALUMINIUM_USD,,,,2352.467272727273,USD,USD/MT,FRED/IMF Primary Commodity Prices,monthly,no,series=PALUMUSDM
2024-09-01,ALUMINIUM_USD,,,,2457.478095238095,USD,USD/MT,FRED/IMF Primary Commodity Prices,monthly,no,series=PALUMUSDM
2024-10-01,ALUMINIUM_USD,,,,2595.583043478261,USD,USD/MT,FRED/IMF Primary Commodity Prices,monthly,no,series=PALUMUSDM
2024-11-01,ALUMINIUM_USD,,,,2582.188571428571,USD,USD/MT,FRED/IMF Primary Commodity Prices,monthly,no,series=PALUMUSDM
2024-12-01,ALUMINIUM_USD,,,,2540.882272727273,USD,USD/MT,FRED/IMF Primary Commodity Prices,monthly,no,series=PALUMUSDM
2025-01-01,ALUMINIUM_USD,,,,2571.370434782609,USD,USD/MT,FRED/IMF Primary Commodity Prices,monthly,no,series=PALUMUSDM
2025-02-01,ALUMINIUM_USD,,,,2655.7725,USD,USD/MT,FRED/IMF Primary Commodity Prices,monthly,no,series=PALUMUSDM
2025-03-01,ALUMINIUM_USD,,,,2651.598571428571,USD,USD/MT,FRED/IMF Primary Commodity Prices,monthly,no,series=PALUMUSDM
2025-04-01,ALUMINIUM_USD,,,,2367.800454545455,USD,USD/MT,FRED/IMF Primary Commodity Prices,monthly,no,series=PALUMUSDM
2025-05-01,ALUMINIUM_USD,,,,2447.344090909091,USD,USD/MT,FRED/IMF Primary Commodity Prices,monthly,no,series=PALUMUSDM
2025-06-01,ALUMINIUM_USD,,,,2525.959047619048,USD,USD/MT,FRED/IMF Primary Commodity Prices,monthly,no,series=PALUMUSDM
2025-07-01,ALUMINIUM_USD,,,,2606.370869565217,USD,USD/MT,FRED/IMF Primary Commodity Prices,monthly,no,series=PALUMUSDM
2025-08-01,ALUMINIUM_USD,,,,2598.735714285714,USD,USD/MT,FRED/IMF Primary Commodity Prices,monthly,no,series=PALUMUSDM
2025-09-01,ALUMINIUM_USD,,,,2654.479090909091,USD,USD/MT,FRED/IMF Primary Commodity Prices,monthly,no,series=PALUMUSDM
2025-10-01,ALUMINIUM_USD,,,,2793.086956521739,USD,USD/MT,FRED/IMF Primary Commodity Prices,monthly,no,series=PALUMUSDM
2025-11-01,ALUMINIUM_USD,,,,2819.0615,USD,USD/MT,FRED/IMF Primary Commodity Prices,monthly,no,series=PALUMUSDM
2025-12-01,ALUMINIUM_USD,,,,2875.897727272727,USD,USD/MT,FRED/IMF Primary Commodity Prices,monthly,no,series=PALUMUSDM
2026-01-01,ALUMINIUM_USD,,,,3133.982727272727,USD,USD/MT,FRED/IMF Primary Commodity Prices,monthly,no,series=PALUMUSDM
2026-02-01,ALUMINIUM_USD,,,,3065.1885,USD,USD/MT,FRED/IMF Primary Commodity Prices,monthly,no,series=PALUMUSDM
2026-03-01,ALUMINIUM_USD,,,,3372.952727272727,USD,USD/MT,FRED/IMF Primary Commodity Prices,monthly,no,series=PALUMUSDM
2026-04-01,ALUMINIUM_USD,,,,3594.379090909091,USD,USD/MT,FRED/IMF Primary Commodity Prices,monthly,no,series=PALUMUSDM
2026-05-01,ALUMINIUM_USD,,,,3658.221428571429,USD,USD/MT,FRED/IMF Primary Commodity Prices,monthly,no,series=PALUMUSDM
2026-06-01,ALUMINIUM_USD,,,,3438.847272727273,USD,USD/MT,FRED/IMF Primary Commodity Prices,monthly,no,series=PALUMUSDM
2026-07-01,ALUMINIUM_USD,,,,3158.265,USD,USD/MT,FRED/IMF Primary Commodity Prices,monthly,no,series=PALUMUSDM
2016-01-01,USD_ILS,,,,3.94857142857143,ILS,ILS/USD,FRED/OECD,monthly,no,series=CCUSMA02ILM618N
2016-02-01,USD_ILS,,,,3.90804761904762,ILS,ILS/USD,FRED/OECD,monthly,no,series=CCUSMA02ILM618N
2016-03-01,USD_ILS,,,,3.86539130434783,ILS,ILS/USD,FRED/OECD,monthly,no,series=CCUSMA02ILM618N
2016-04-01,USD_ILS,,,,3.77757142857143,ILS,ILS/USD,FRED/OECD,monthly,no,series=CCUSMA02ILM618N
2016-05-01,USD_ILS,,,,3.81409090909091,ILS,ILS/USD,FRED/OECD,monthly,no,series=CCUSMA02ILM618N
2016-06-01,USD_ILS,,,,3.85663636363636,ILS,ILS/USD,FRED/OECD,monthly,no,series=CCUSMA02ILM618N
2016-07-01,USD_ILS,,,,3.85742857142857,ILS,ILS/USD,FRED/OECD,monthly,no,series=CCUSMA02ILM618N
2016-08-01,USD_ILS,,,,3.79539130434783,ILS,ILS/USD,FRED/OECD,monthly,no,series=CCUSMA02ILM618N
2016-09-01,USD_ILS,,,,3.76572727272727,ILS,ILS/USD,FRED/OECD,monthly,no,series=CCUSMA02ILM618N
2016-10-01,USD_ILS,,,,3.81366666666667,ILS,ILS/USD,FRED/OECD,monthly,no,series=CCUSMA02ILM618N
2016-11-01,USD_ILS,,,,3.84286363636364,ILS,ILS/USD,FRED/OECD,monthly,no,series=CCUSMA02ILM618N
2016-12-01,USD_ILS,,,,3.82827272727273,ILS,ILS/USD,FRED/OECD,monthly,no,series=CCUSMA02ILM618N
2017-01-01,USD_ILS,,,,3.81940909090909,ILS,ILS/USD,FRED/OECD,monthly,no,series=CCUSMA02ILM618N
2017-02-01,USD_ILS,,,,3.72905,ILS,ILS/USD,FRED/OECD,monthly,no,series=CCUSMA02ILM618N
2017-03-01,USD_ILS,,,,3.6505652173913,ILS,ILS/USD,FRED/OECD,monthly,no,series=CCUSMA02ILM618N
2017-04-01,USD_ILS,,,,3.64935,ILS,ILS/USD,FRED/OECD,monthly,no,series=CCUSMA02ILM618N
2017-05-01,USD_ILS,,,,3.59669565217391,ILS,ILS/USD,FRED/OECD,monthly,no,series=CCUSMA02ILM618N
2017-06-01,USD_ILS,,,,3.53186363636364,ILS,ILS/USD,FRED/OECD,monthly,no,series=CCUSMA02ILM618N
2017-07-01,USD_ILS,,,,3.55090476190476,ILS,ILS/USD,FRED/OECD,monthly,no,series=CCUSMA02ILM618N
2017-08-01,USD_ILS,,,,3.59926086956522,ILS,ILS/USD,FRED/OECD,monthly,no,series=CCUSMA02ILM618N
2017-09-01,USD_ILS,,,,3.5337619047619,ILS,ILS/USD,FRED/OECD,monthly,no,series=CCUSMA02ILM618N
2017-10-01,USD_ILS,,,,3.51254545454545,ILS,ILS/USD,FRED/OECD,monthly,no,series=CCUSMA02ILM618N
2017-11-01,USD_ILS,,,,3.51722727272727,ILS,ILS/USD,FRED/OECD,monthly,no,series=CCUSMA02ILM618N
2017-12-01,USD_ILS,,,,3.50257142857143,ILS,ILS/USD,FRED/OECD,monthly,no,series=CCUSMA02ILM618N
2018-01-01,USD_ILS,,,,3.42513043478261,ILS,ILS/USD,FRED/OECD,monthly,no,series=CCUSMA02ILM618N
2018-02-01,USD_ILS,,,,3.4944,ILS,ILS/USD,FRED/OECD,monthly,no,series=CCUSMA02ILM618N
2018-03-01,USD_ILS,,,,3.47236363636364,ILS,ILS/USD,FRED/OECD,monthly,no,series=CCUSMA02ILM618N
2018-04-01,USD_ILS,,,,3.53638095238095,ILS,ILS/USD,FRED/OECD,monthly,no,series=CCUSMA02ILM618N
2018-05-01,USD_ILS,,,,3.59004347826087,ILS,ILS/USD,FRED/OECD,monthly,no,series=CCUSMA02ILM618N
2018-06-01,USD_ILS,,,,3.60452380952381,ILS,ILS/USD,FRED/OECD,monthly,no,series=CCUSMA02ILM618N
2018-07-01,USD_ILS,,,,3.64531818181818,ILS,ILS/USD,FRED/OECD,monthly,no,series=CCUSMA02ILM618N
2018-08-01,USD_ILS,,,,3.6664347826087,ILS,ILS/USD,FRED/OECD,monthly,no,series=CCUSMA02ILM618N
2018-09-01,USD_ILS,,,,3.58945,ILS,ILS/USD,FRED/OECD,monthly,no,series=CCUSMA02ILM618N
2018-10-01,USD_ILS,,,,3.65678260869565,ILS,ILS/USD,FRED/OECD,monthly,no,series=CCUSMA02ILM618N
2018-11-01,USD_ILS,,,,3.70545454545455,ILS,ILS/USD,FRED/OECD,monthly,no,series=CCUSMA02ILM618N
2018-12-01,USD_ILS,,,,3.75390476190476,ILS,ILS/USD,FRED/OECD,monthly,no,series=CCUSMA02ILM618N
2019-01-01,USD_ILS,,,,3.68969565217391,ILS,ILS/USD,FRED/OECD,monthly,no,series=CCUSMA02ILM618N
2019-02-01,USD_ILS,,,,3.6263,ILS,ILS/USD,FRED/OECD,monthly,no,series=CCUSMA02ILM618N
2019-03-01,USD_ILS,,,,3.61761904761905,ILS,ILS/USD,FRED/OECD,monthly,no,series=CCUSMA02ILM618N
2019-04-01,USD_ILS,,,,3.59495454545455,ILS,ILS/USD,FRED/OECD,monthly,no,series=CCUSMA02ILM618N
2019-05-01,USD_ILS,,,,3.59334782608696,ILS,ILS/USD,FRED/OECD,monthly,no,series=CCUSMA02ILM618N
2019-06-01,USD_ILS,,,,3.5973,ILS,ILS/USD,FRED/OECD,monthly,no,series=CCUSMA02ILM618N
2019-07-01,USD_ILS,,,,3.54465217391304,ILS,ILS/USD,FRED/OECD,monthly,no,series=CCUSMA02ILM618N
2019-08-01,USD_ILS,,,,3.51122727272727,ILS,ILS/USD,FRED/OECD,monthly,no,series=CCUSMA02ILM618N
2019-09-01,USD_ILS,,,,3.52271428571429,ILS,ILS/USD,FRED/OECD,monthly,no,series=CCUSMA02ILM618N
2019-10-01,USD_ILS,,,,3.51552173913043,ILS,ILS/USD,FRED/OECD,monthly,no,series=CCUSMA02ILM618N
2019-11-01,USD_ILS,,,,3.48261904761905,ILS,ILS/USD,FRED/OECD,monthly,no,series=CCUSMA02ILM618N
2019-12-01,USD_ILS,,,,3.475,ILS,ILS/USD,FRED/OECD,monthly,no,series=CCUSMA02ILM618N
2020-01-01,USD_ILS,,,,3.46,ILS,ILS/USD,FRED/OECD,monthly,no,series=CCUSMA02ILM618N
2020-02-01,USD_ILS,,,,3.43365,ILS,ILS/USD,FRED/OECD,monthly,no,series=CCUSMA02ILM618N
2020-03-01,USD_ILS,,,,3.60104545454545,ILS,ILS/USD,FRED/OECD,monthly,no,series=CCUSMA02ILM618N
2020-04-01,USD_ILS,,,,3.57177272727273,ILS,ILS/USD,FRED/OECD,monthly,no,series=CCUSMA02ILM618N
2020-05-01,USD_ILS,,,,3.5172380952381,ILS,ILS/USD,FRED/OECD,monthly,no,series=CCUSMA02ILM618N
2020-06-01,USD_ILS,,,,3.45831818181818,ILS,ILS/USD,FRED/OECD,monthly,no,series=CCUSMA02ILM618N
2020-07-01,USD_ILS,,,,3.43213043478261,ILS,ILS/USD,FRED/OECD,monthly,no,series=CCUSMA02ILM618N
2020-08-01,USD_ILS,,,,3.40090476190476,ILS,ILS/USD,FRED/OECD,monthly,no,series=CCUSMA02ILM618N
2020-09-01,USD_ILS,,,,3.41995454545455,ILS,ILS/USD,FRED/OECD,monthly,no,series=CCUSMA02ILM618N
2020-10-01,USD_ILS,,,,3.39504545454545,ILS,ILS/USD,FRED/OECD,monthly,no,series=CCUSMA02ILM618N
2020-11-01,USD_ILS,,,,3.35938095238095,ILS,ILS/USD,FRED/OECD,monthly,no,series=CCUSMA02ILM618N
2020-12-01,USD_ILS,,,,3.24621739130435,ILS,ILS/USD,FRED/OECD,monthly,no,series=CCUSMA02ILM618N
2021-01-01,USD_ILS,,,,3.2217619047619,ILS,ILS/USD,FRED/OECD,monthly,no,series=CCUSMA02ILM618N
2021-02-01,USD_ILS,,,,3.27025,ILS,ILS/USD,FRED/OECD,monthly,no,series=CCUSMA02ILM618N
2021-03-01,USD_ILS,,,,3.31086956521739,ILS,ILS/USD,FRED/OECD,monthly,no,series=CCUSMA02ILM618N
2021-04-01,USD_ILS,,,,3.27859090909091,ILS,ILS/USD,FRED/OECD,monthly,no,series=CCUSMA02ILM618N
2021-05-01,USD_ILS,,,,3.26280952380952,ILS,ILS/USD,FRED/OECD,monthly,no,series=CCUSMA02ILM618N
2021-06-01,USD_ILS,,,,3.25172727272727,ILS,ILS/USD,FRED/OECD,monthly,no,series=CCUSMA02ILM618N
2021-07-01,USD_ILS,,,,3.27063636363636,ILS,ILS/USD,FRED/OECD,monthly,no,series=CCUSMA02ILM618N
2021-08-01,USD_ILS,,,,3.22368181818182,ILS,ILS/USD,FRED/OECD,monthly,no,series=CCUSMA02ILM618N
2021-09-01,USD_ILS,,,,3.20745454545455,ILS,ILS/USD,FRED/OECD,monthly,no,series=CCUSMA02ILM618N
2021-10-01,USD_ILS,,,,3.21552380952381,ILS,ILS/USD,FRED/OECD,monthly,no,series=CCUSMA02ILM618N
2021-11-01,USD_ILS,,,,3.1205,ILS,ILS/USD,FRED/OECD,monthly,no,series=CCUSMA02ILM618N
2021-12-01,USD_ILS,,,,3.132,ILS,ILS/USD,FRED/OECD,monthly,no,series=CCUSMA02ILM618N
2022-01-01,USD_ILS,,,,3.13433333333333,ILS,ILS/USD,FRED/OECD,monthly,no,series=CCUSMA02ILM618N
2022-02-01,USD_ILS,,,,3.21385,ILS,ILS/USD,FRED/OECD,monthly,no,series=CCUSMA02ILM618N
2022-03-01,USD_ILS,,,,3.245,ILS,ILS/USD,FRED/OECD,monthly,no,series=CCUSMA02ILM618N
2022-04-01,USD_ILS,,,,3.23690476190476,ILS,ILS/USD,FRED/OECD,monthly,no,series=CCUSMA02ILM618N
2022-05-01,USD_ILS,,,,3.38081818181818,ILS,ILS/USD,FRED/OECD,monthly,no,series=CCUSMA02ILM618N
2022-06-01,USD_ILS,,,,3.41068181818182,ILS,ILS/USD,FRED/OECD,monthly,no,series=CCUSMA02ILM618N
2022-07-01,USD_ILS,,,,3.46552380952381,ILS,ILS/USD,FRED/OECD,monthly,no,series=CCUSMA02ILM618N
2022-08-01,USD_ILS,,,,3.29882608695652,ILS,ILS/USD,FRED/OECD,monthly,no,series=CCUSMA02ILM618N
2022-09-01,USD_ILS,,,,3.44645454545455,ILS,ILS/USD,FRED/OECD,monthly,no,series=CCUSMA02ILM618N
2022-10-01,USD_ILS,,,,3.55014285714286,ILS,ILS/USD,FRED/OECD,monthly,no,series=CCUSMA02ILM618N
2022-11-01,USD_ILS,,,,3.48186363636364,ILS,ILS/USD,FRED/OECD,monthly,no,series=CCUSMA02ILM618N
2022-12-01,USD_ILS,,,,3.45345454545455,ILS,ILS/USD,FRED/OECD,monthly,no,series=CCUSMA02ILM618N
2023-01-01,USD_ILS,,,,3.44863636363636,ILS,ILS/USD,FRED/OECD,monthly,no,series=CCUSMA02ILM618N
2023-02-01,USD_ILS,,,,3.54315,ILS,ILS/USD,FRED/OECD,monthly,no,series=CCUSMA02ILM618N
2023-03-01,USD_ILS,,,,3.61726086956522,ILS,ILS/USD,FRED/OECD,monthly,no,series=CCUSMA02ILM618N
2023-04-01,USD_ILS,,,,3.6228,ILS,ILS/USD,FRED/OECD,monthly,no,series=CCUSMA02ILM618N
2023-05-01,USD_ILS,,,,3.66617391304348,ILS,ILS/USD,FRED/OECD,monthly,no,series=CCUSMA02ILM618N
2023-06-01,USD_ILS,,,,3.64463636363636,ILS,ILS/USD,FRED/OECD,monthly,no,series=CCUSMA02ILM618N
2023-07-01,USD_ILS,,,,3.67033333333333,ILS,ILS/USD,FRED/OECD,monthly,no,series=CCUSMA02ILM618N
2023-08-01,USD_ILS,,,,3.74586956521739,ILS,ILS/USD,FRED/OECD,monthly,no,series=CCUSMA02ILM618N
2023-09-01,USD_ILS,,,,3.82023809523809,ILS,ILS/USD,FRED/OECD,monthly,no,series=CCUSMA02ILM618N
2023-10-01,USD_ILS,,,,3.97827272727273,ILS,ILS/USD,FRED/OECD,monthly,no,series=CCUSMA02ILM618N
2023-11-01,USD_ILS,,,,3.80577272727273,ILS,ILS/USD,FRED/OECD,monthly,no,series=CCUSMA02ILM618N
2023-12-01,USD_ILS,,,,3.66619047619048,ILS,ILS/USD,FRED/OECD,monthly,no,series=CCUSMA02ILM618N
2024-01-01,USD_ILS,,,,3.7095652173913,ILS,ILS/USD,FRED/OECD,monthly,no,series=CCUSMA02ILM618N
2024-02-01,USD_ILS,,,,3.646,ILS,ILS/USD,FRED/OECD,monthly,no,series=CCUSMA02ILM618N
2024-03-01,USD_ILS,,,,3.63009523809524,ILS,ILS/USD,FRED/OECD,monthly,no,series=CCUSMA02ILM618N
2024-04-01,USD_ILS,,,,3.75031818181818,ILS,ILS/USD,FRED/OECD,monthly,no,series=CCUSMA02ILM618N
2024-05-01,USD_ILS,,,,3.70669565217391,ILS,ILS/USD,FRED/OECD,monthly,no,series=CCUSMA02ILM618N
2024-06-01,USD_ILS,,,,3.72465,ILS,ILS/USD,FRED/OECD,monthly,no,series=CCUSMA02ILM618N
2024-07-01,USD_ILS,,,,3.6814347826087,ILS,ILS/USD,FRED/OECD,monthly,no,series=CCUSMA02ILM618N
2024-08-01,USD_ILS,,,,3.7335,ILS,ILS/USD,FRED/OECD,monthly,no,series=CCUSMA02ILM618N
2024-09-01,USD_ILS,,,,3.73280952380952,ILS,ILS/USD,FRED/OECD,monthly,no,series=CCUSMA02ILM618N
2024-10-01,USD_ILS,,,,3.75082608695652,ILS,ILS/USD,FRED/OECD,monthly,no,series=CCUSMA02ILM618N
2024-11-01,USD_ILS,,,,3.71880952380952,ILS,ILS/USD,FRED/OECD,monthly,no,series=CCUSMA02ILM618N
2024-12-01,USD_ILS,,,,3.61972727272727,ILS,ILS/USD,FRED/OECD,monthly,no,series=CCUSMA02ILM618N
2025-01-01,USD_ILS,,,,3.61665217391304,ILS,ILS/USD,FRED/OECD,monthly,no,series=CCUSMA02ILM618N
2025-02-01,USD_ILS,,,,3.5678,ILS,ILS/USD,FRED/OECD,monthly,no,series=CCUSMA02ILM618N
2025-03-01,USD_ILS,,,,3.65504761904762,ILS,ILS/USD,FRED/OECD,monthly,no,series=CCUSMA02ILM618N
2025-04-01,USD_ILS,,,,3.69718181818182,ILS,ILS/USD,FRED/OECD,monthly,no,series=CCUSMA02ILM618N
2025-05-01,USD_ILS,,,,3.56790909090909,ILS,ILS/USD,FRED/OECD,monthly,no,series=CCUSMA02ILM618N
2025-06-01,USD_ILS,,,,3.48428571428571,ILS,ILS/USD,FRED/OECD,monthly,no,series=CCUSMA02ILM618N
2025-07-01,USD_ILS,,,,3.35217391304348,ILS,ILS/USD,FRED/OECD,monthly,no,series=CCUSMA02ILM618N
2025-08-01,USD_ILS,,,,3.3957619047619,ILS,ILS/USD,FRED/OECD,monthly,no,series=CCUSMA02ILM618N
2025-09-01,USD_ILS,,,,3.34222727272727,ILS,ILS/USD,FRED/OECD,monthly,no,series=CCUSMA02ILM618N
2025-10-01,USD_ILS,,,,3.28295652173913,ILS,ILS/USD,FRED/OECD,monthly,no,series=CCUSMA02ILM618N
2025-11-01,USD_ILS,,,,3.2548,ILS,ILS/USD,FRED/OECD,monthly,no,series=CCUSMA02ILM618N
2025-12-01,USD_ILS,,,,3.21260869565217,ILS,ILS/USD,FRED/OECD,monthly,no,series=CCUSMA02ILM618N
2026-01-01,USD_ILS,,,,3.14759090909091,ILS,ILS/USD,FRED/OECD,monthly,no,series=CCUSMA02ILM618N
2026-02-01,USD_ILS,,,,3.10265,ILS,ILS/USD,FRED/OECD,monthly,no,series=CCUSMA02ILM618N
2026-03-01,USD_ILS,,,,3.11172727272727,ILS,ILS/USD,FRED/OECD,monthly,no,series=CCUSMA02ILM618N
2026-04-01,USD_ILS,,,,3.04677272727273,ILS,ILS/USD,FRED/OECD,monthly,no,series=CCUSMA02ILM618N
2026-05-01,USD_ILS,,,,2.90138095238095,ILS,ILS/USD,FRED/OECD,monthly,no,series=CCUSMA02ILM618N
2026-06-01,USD_ILS,,,,2.93595454545455,ILS,ILS/USD,FRED/OECD,monthly,no,series=CCUSMA02ILM618N
2026-07-01,USD_ILS,,,,3.03265217391304,ILS,ILS/USD,FRED/OECD,monthly,no,series=CCUSMA02ILM618N
2026-08-01,USD_ILS,,,,2.99195238095238,ILS,ILS/USD,FRED/OECD,monthly,no,series=CCUSMA02ILM618N
2016-01-01,OIL_OR_ENERGY,,,,32.0452380952381,USD,USD/bbl,FRED/IMF Primary Commodity Prices,monthly,no,series=POILBREUSDM
2016-02-01,OIL_OR_ENERGY,,,,33.76238095238095,USD,USD/bbl,FRED/IMF Primary Commodity Prices,monthly,no,series=POILBREUSDM
2016-03-01,OIL_OR_ENERGY,,,,39.79217391304348,USD,USD/bbl,FRED/IMF Primary Commodity Prices,monthly,no,series=POILBREUSDM
2016-04-01,OIL_OR_ENERGY,,,,43.33047619047619,USD,USD/bbl,FRED/IMF Primary Commodity Prices,monthly,no,series=POILBREUSDM
2016-05-01,OIL_OR_ENERGY,,,,47.735,USD,USD/bbl,FRED/IMF Primary Commodity Prices,monthly,no,series=POILBREUSDM
2016-06-01,OIL_OR_ENERGY,,,,49.87727272727273,USD,USD/bbl,FRED/IMF Primary Commodity Prices,monthly,no,series=POILBREUSDM
2016-07-01,OIL_OR_ENERGY,,,,46.59857142857143,USD,USD/bbl,FRED/IMF Primary Commodity Prices,monthly,no,series=POILBREUSDM
2016-08-01,OIL_OR_ENERGY,,,,47.05217391304348,USD,USD/bbl,FRED/IMF Primary Commodity Prices,monthly,no,series=POILBREUSDM
2016-09-01,OIL_OR_ENERGY,,,,47.37681818181818,USD,USD/bbl,FRED/IMF Primary Commodity Prices,monthly,no,series=POILBREUSDM
2016-10-01,OIL_OR_ENERGY,,,,51.41380952380952,USD,USD/bbl,FRED/IMF Primary Commodity Prices,monthly,no,series=POILBREUSDM
2016-11-01,OIL_OR_ENERGY,,,,46.94227272727273,USD,USD/bbl,FRED/IMF Primary Commodity Prices,monthly,no,series=POILBREUSDM
2016-12-01,OIL_OR_ENERGY,,,,55.02272727272727,USD,USD/bbl,FRED/IMF Primary Commodity Prices,monthly,no,series=POILBREUSDM
2017-01-01,OIL_OR_ENERGY,,,,55.71090909090909,USD,USD/bbl,FRED/IMF Primary Commodity Prices,monthly,no,series=POILBREUSDM
2017-02-01,OIL_OR_ENERGY,,,,56.096,USD,USD/bbl,FRED/IMF Primary Commodity Prices,monthly,no,series=POILBREUSDM
2017-03-01,OIL_OR_ENERGY,,,,52.65521739130435,USD,USD/bbl,FRED/IMF Primary Commodity Prices,monthly,no,series=POILBREUSDM
2017-04-01,OIL_OR_ENERGY,,,,53.978,USD,USD/bbl,FRED/IMF Primary Commodity Prices,monthly,no,series=POILBREUSDM
2017-05-01,OIL_OR_ENERGY,,,,51.37434782608696,USD,USD/bbl,FRED/IMF Primary Commodity Prices,monthly,no,series=POILBREUSDM
2017-06-01,OIL_OR_ENERGY,,,,47.65272727272727,USD,USD/bbl,FRED/IMF Primary Commodity Prices,monthly,no,series=POILBREUSDM
2017-07-01,OIL_OR_ENERGY,,,,49.25333333333333,USD,USD/bbl,FRED/IMF Primary Commodity Prices,monthly,no,series=POILBREUSDM
2017-08-01,OIL_OR_ENERGY,,,,51.92782608695652,USD,USD/bbl,FRED/IMF Primary Commodity Prices,monthly,no,series=POILBREUSDM
2017-09-01,OIL_OR_ENERGY,,,,55.55761904761905,USD,USD/bbl,FRED/IMF Primary Commodity Prices,monthly,no,series=POILBREUSDM
2017-10-01,OIL_OR_ENERGY,,,,57.53636363636364,USD,USD/bbl,FRED/IMF Primary Commodity Prices,monthly,no,series=POILBREUSDM
2017-11-01,OIL_OR_ENERGY,,,,62.83636363636364,USD,USD/bbl,FRED/IMF Primary Commodity Prices,monthly,no,series=POILBREUSDM
2017-12-01,OIL_OR_ENERGY,,,,64.06428571428572,USD,USD/bbl,FRED/IMF Primary Commodity Prices,monthly,no,series=POILBREUSDM
2018-01-01,OIL_OR_ENERGY,,,,68.88913043478261,USD,USD/bbl,FRED/IMF Primary Commodity Prices,monthly,no,series=POILBREUSDM
2018-02-01,OIL_OR_ENERGY,,,,65.6965,USD,USD/bbl,FRED/IMF Primary Commodity Prices,monthly,no,series=POILBREUSDM
2018-03-01,OIL_OR_ENERGY,,,,66.89181818181818,USD,USD/bbl,FRED/IMF Primary Commodity Prices,monthly,no,series=POILBREUSDM
2018-04-01,OIL_OR_ENERGY,,,,71.93285714285715,USD,USD/bbl,FRED/IMF Primary Commodity Prices,monthly,no,series=POILBREUSDM
2018-05-01,OIL_OR_ENERGY,,,,76.93434782608696,USD,USD/bbl,FRED/IMF Primary Commodity Prices,monthly,no,series=POILBREUSDM
2018-06-01,OIL_OR_ENERGY,,,,75.80285714285714,USD,USD/bbl,FRED/IMF Primary Commodity Prices,monthly,no,series=POILBREUSDM
2018-07-01,OIL_OR_ENERGY,,,,75.22909090909091,USD,USD/bbl,FRED/IMF Primary Commodity Prices,monthly,no,series=POILBREUSDM
2018-08-01,OIL_OR_ENERGY,,,,73.85130434782609,USD,USD/bbl,FRED/IMF Primary Commodity Prices,monthly,no,series=POILBREUSDM
2018-09-01,OIL_OR_ENERGY,,,,79.163,USD,USD/bbl,FRED/IMF Primary Commodity Prices,monthly,no,series=POILBREUSDM
2018-10-01,OIL_OR_ENERGY,,,,80.78347826086957,USD,USD/bbl,FRED/IMF Primary Commodity Prices,monthly,no,series=POILBREUSDM
2018-11-01,OIL_OR_ENERGY,,,,66.22863636363635,USD,USD/bbl,FRED/IMF Primary Commodity Prices,monthly,no,series=POILBREUSDM
2018-12-01,OIL_OR_ENERGY,,,,57.94809523809524,USD,USD/bbl,FRED/IMF Primary Commodity Prices,monthly,no,series=POILBREUSDM
2019-01-01,OIL_OR_ENERGY,,,,59.94478260869565,USD,USD/bbl,FRED/IMF Primary Commodity Prices,monthly,no,series=POILBREUSDM
2019-02-01,OIL_OR_ENERGY,,,,64.384,USD,USD/bbl,FRED/IMF Primary Commodity Prices,monthly,no,series=POILBREUSDM
2019-03-01,OIL_OR_ENERGY,,,,66.94190476190477,USD,USD/bbl,FRED/IMF Primary Commodity Prices,monthly,no,series=POILBREUSDM
2019-04-01,OIL_OR_ENERGY,,,,71.47590909090908,USD,USD/bbl,FRED/IMF Primary Commodity Prices,monthly,no,series=POILBREUSDM
2019-05-01,OIL_OR_ENERGY,,,,70.38913043478261,USD,USD/bbl,FRED/IMF Primary Commodity Prices,monthly,no,series=POILBREUSDM
2019-06-01,OIL_OR_ENERGY,,,,63.2085,USD,USD/bbl,FRED/IMF Primary Commodity Prices,monthly,no,series=POILBREUSDM
2019-07-01,OIL_OR_ENERGY,,,,64.32217391304349,USD,USD/bbl,FRED/IMF Primary Commodity Prices,monthly,no,series=POILBREUSDM
2019-08-01,OIL_OR_ENERGY,,,,59.61818181818182,USD,USD/bbl,FRED/IMF Primary Commodity Prices,monthly,no,series=POILBREUSDM
2019-09-01,OIL_OR_ENERGY,,,,62.43095238095238,USD,USD/bbl,FRED/IMF Primary Commodity Prices,monthly,no,series=POILBREUSDM
2019-10-01,OIL_OR_ENERGY,,,,59.63130434782609,USD,USD/bbl,FRED/IMF Primary Commodity Prices,monthly,no,series=POILBREUSDM
2019-11-01,OIL_OR_ENERGY,,,,62.68666666666667,USD,USD/bbl,FRED/IMF Primary Commodity Prices,monthly,no,series=POILBREUSDM
2019-12-01,OIL_OR_ENERGY,,,,65.34818181818181,USD,USD/bbl,FRED/IMF Primary Commodity Prices,monthly,no,series=POILBREUSDM
2020-01-01,OIL_OR_ENERGY,,,,63.89869565217391,USD,USD/bbl,FRED/IMF Primary Commodity Prices,monthly,no,series=POILBREUSDM
2020-02-01,OIL_OR_ENERGY,,,,55.691,USD,USD/bbl,FRED/IMF Primary Commodity Prices,monthly,no,series=POILBREUSDM
2020-03-01,OIL_OR_ENERGY,,,,33.94727272727273,USD,USD/bbl,FRED/IMF Primary Commodity Prices,monthly,no,series=POILBREUSDM
2020-04-01,OIL_OR_ENERGY,,,,26.84863636363636,USD,USD/bbl,FRED/IMF Primary Commodity Prices,monthly,no,series=POILBREUSDM
2020-05-01,OIL_OR_ENERGY,,,,32.42238095238095,USD,USD/bbl,FRED/IMF Primary Commodity Prices,monthly,no,series=POILBREUSDM
2020-06-01,OIL_OR_ENERGY,,,,40.86045454545455,USD,USD/bbl,FRED/IMF Primary Commodity Prices,monthly,no,series=POILBREUSDM
2020-07-01,OIL_OR_ENERGY,,,,43.29565217391304,USD,USD/bbl,FRED/IMF Primary Commodity Prices,monthly,no,series=POILBREUSDM
2020-08-01,OIL_OR_ENERGY,,,,45.08142857142857,USD,USD/bbl,FRED/IMF Primary Commodity Prices,monthly,no,series=POILBREUSDM
2020-09-01,OIL_OR_ENERGY,,,,41.92681818181818,USD,USD/bbl,FRED/IMF Primary Commodity Prices,monthly,no,series=POILBREUSDM
2020-10-01,OIL_OR_ENERGY,,,,41.60681818181818,USD,USD/bbl,FRED/IMF Primary Commodity Prices,monthly,no,series=POILBREUSDM
2020-11-01,OIL_OR_ENERGY,,,,44.05,USD,USD/bbl,FRED/IMF Primary Commodity Prices,monthly,no,series=POILBREUSDM
2020-12-01,OIL_OR_ENERGY,,,,50.37695652173913,USD,USD/bbl,FRED/IMF Primary Commodity Prices,monthly,no,series=POILBREUSDM
2021-01-01,OIL_OR_ENERGY,,,,55.2247619047619,USD,USD/bbl,FRED/IMF Primary Commodity Prices,monthly,no,series=POILBREUSDM
2021-02-01,OIL_OR_ENERGY,,,,62.3625,USD,USD/bbl,FRED/IMF Primary Commodity Prices,monthly,no,series=POILBREUSDM
2021-03-01,OIL_OR_ENERGY,,,,65.79608695652173,USD,USD/bbl,FRED/IMF Primary Commodity Prices,monthly,no,series=POILBREUSDM
2021-04-01,OIL_OR_ENERGY,,,,65.53181818181818,USD,USD/bbl,FRED/IMF Primary Commodity Prices,monthly,no,series=POILBREUSDM
2021-05-01,OIL_OR_ENERGY,,,,68.3752380952381,USD,USD/bbl,FRED/IMF Primary Commodity Prices,monthly,no,series=POILBREUSDM
2021-06-01,OIL_OR_ENERGY,,,,73.51272727272728,USD,USD/bbl,FRED/IMF Primary Commodity Prices,monthly,no,series=POILBREUSDM
2021-07-01,OIL_OR_ENERGY,,,,74.40318181818182,USD,USD/bbl,FRED/IMF Primary Commodity Prices,monthly,no,series=POILBREUSDM
2021-08-01,OIL_OR_ENERGY,,,,70.58818181818182,USD,USD/bbl,FRED/IMF Primary Commodity Prices,monthly,no,series=POILBREUSDM
2021-09-01,OIL_OR_ENERGY,,,,74.74954545454545,USD,USD/bbl,FRED/IMF Primary Commodity Prices,monthly,no,series=POILBREUSDM
2021-10-01,OIL_OR_ENERGY,,,,83.8652380952381,USD,USD/bbl,FRED/IMF Primary Commodity Prices,monthly,no,series=POILBREUSDM
2021-11-01,OIL_OR_ENERGY,,,,80.89045454545455,USD,USD/bbl,FRED/IMF Primary Commodity Prices,monthly,no,series=POILBREUSDM
2021-12-01,OIL_OR_ENERGY,,,,74.67826086956522,USD,USD/bbl,FRED/IMF Primary Commodity Prices,monthly,no,series=POILBREUSDM
2022-01-01,OIL_OR_ENERGY,,,,85.62238095238095,USD,USD/bbl,FRED/IMF Primary Commodity Prices,monthly,no,series=POILBREUSDM
2022-02-01,OIL_OR_ENERGY,,,,94.267,USD,USD/bbl,FRED/IMF Primary Commodity Prices,monthly,no,series=POILBREUSDM
2022-03-01,OIL_OR_ENERGY,,,,112.44,USD,USD/bbl,FRED/IMF Primary Commodity Prices,monthly,no,series=POILBREUSDM
2022-04-01,OIL_OR_ENERGY,,,,106.1557142857143,USD,USD/bbl,FRED/IMF Primary Commodity Prices,monthly,no,series=POILBREUSDM
2022-05-01,OIL_OR_ENERGY,,,,112.1136363636364,USD,USD/bbl,FRED/IMF Primary Commodity Prices,monthly,no,series=POILBREUSDM
2022-06-01,OIL_OR_ENERGY,,,,117.6927272727273,USD,USD/bbl,FRED/IMF Primary Commodity Prices,monthly,no,series=POILBREUSDM
2022-07-01,OIL_OR_ENERGY,,,,105.2528571428571,USD,USD/bbl,FRED/IMF Primary Commodity Prices,monthly,no,series=POILBREUSDM
2022-08-01,OIL_OR_ENERGY,,,,97.64304347826088,USD,USD/bbl,FRED/IMF Primary Commodity Prices,monthly,no,series=POILBREUSDM
2022-09-01,OIL_OR_ENERGY,,,,90.60818181818182,USD,USD/bbl,FRED/IMF Primary Commodity Prices,monthly,no,series=POILBREUSDM
2022-10-01,OIL_OR_ENERGY,,,,93.71857142857144,USD,USD/bbl,FRED/IMF Primary Commodity Prices,monthly,no,series=POILBREUSDM
2022-11-01,OIL_OR_ENERGY,,,,90.93863636363636,USD,USD/bbl,FRED/IMF Primary Commodity Prices,monthly,no,series=POILBREUSDM
2022-12-01,OIL_OR_ENERGY,,,,81.50318181818182,USD,USD/bbl,FRED/IMF Primary Commodity Prices,monthly,no,series=POILBREUSDM
2023-01-01,OIL_OR_ENERGY,,,,84.08181818181818,USD,USD/bbl,FRED/IMF Primary Commodity Prices,monthly,no,series=POILBREUSDM
2023-02-01,OIL_OR_ENERGY,,,,83.6325,USD,USD/bbl,FRED/IMF Primary Commodity Prices,monthly,no,series=POILBREUSDM
2023-03-01,OIL_OR_ENERGY,,,,79.25652173913043,USD,USD/bbl,FRED/IMF Primary Commodity Prices,monthly,no,series=POILBREUSDM
2023-04-01,OIL_OR_ENERGY,,,,83.536,USD,USD/bbl,FRED/IMF Primary Commodity Prices,monthly,no,series=POILBREUSDM
2023-05-01,OIL_OR_ENERGY,,,,75.74739130434783,USD,USD/bbl,FRED/IMF Primary Commodity Prices,monthly,no,series=POILBREUSDM
2023-06-01,OIL_OR_ENERGY,,,,74.975,USD,USD/bbl,FRED/IMF Primary Commodity Prices,monthly,no,series=POILBREUSDM
2023-07-01,OIL_OR_ENERGY,,,,80.10904761904762,USD,USD/bbl,FRED/IMF Primary Commodity Prices,monthly,no,series=POILBREUSDM
2023-08-01,OIL_OR_ENERGY,,,,85.16826086956522,USD,USD/bbl,FRED/IMF Primary Commodity Prices,monthly,no,series=POILBREUSDM
2023-09-01,OIL_OR_ENERGY,,,,92.67333333333332,USD,USD/bbl,FRED/IMF Primary Commodity Prices,monthly,no,series=POILBREUSDM
2023-10-01,OIL_OR_ENERGY,,,,88.94772727272726,USD,USD/bbl,FRED/IMF Primary Commodity Prices,monthly,no,series=POILBREUSDM
2023-11-01,OIL_OR_ENERGY,,,,82.18636363636364,USD,USD/bbl,FRED/IMF Primary Commodity Prices,monthly,no,series=POILBREUSDM
2023-12-01,OIL_OR_ENERGY,,,,77.54095238095238,USD,USD/bbl,FRED/IMF Primary Commodity Prices,monthly,no,series=POILBREUSDM
2024-01-01,OIL_OR_ENERGY,,,,79.11,USD,USD/bbl,FRED/IMF Primary Commodity Prices,monthly,no,series=POILBREUSDM
2024-02-01,OIL_OR_ENERGY,,,,81.7957142857143,USD,USD/bbl,FRED/IMF Primary Commodity Prices,monthly,no,series=POILBREUSDM
2024-03-01,OIL_OR_ENERGY,,,,84.96142857142857,USD,USD/bbl,FRED/IMF Primary Commodity Prices,monthly,no,series=POILBREUSDM
2024-04-01,OIL_OR_ENERGY,,,,88.97454545454545,USD,USD/bbl,FRED/IMF Primary Commodity Prices,monthly,no,series=POILBREUSDM
2024-05-01,OIL_OR_ENERGY,,,,83.05391304347826,USD,USD/bbl,FRED/IMF Primary Commodity Prices,monthly,no,series=POILBREUSDM
2024-06-01,OIL_OR_ENERGY,,,,82.9175,USD,USD/bbl,FRED/IMF Primary Commodity Prices,monthly,no,series=POILBREUSDM
2024-07-01,OIL_OR_ENERGY,,,,84.0486956521739,USD,USD/bbl,FRED/IMF Primary Commodity Prices,monthly,no,series=POILBREUSDM
2024-08-01,OIL_OR_ENERGY,,,,79.01863636363636,USD,USD/bbl,FRED/IMF Primary Commodity Prices,monthly,no,series=POILBREUSDM
2024-09-01,OIL_OR_ENERGY,,,,73.05761904761906,USD,USD/bbl,FRED/IMF Primary Commodity Prices,monthly,no,series=POILBREUSDM
2024-10-01,OIL_OR_ENERGY,,,,75.26652173913043,USD,USD/bbl,FRED/IMF Primary Commodity Prices,monthly,no,series=POILBREUSDM
2024-11-01,OIL_OR_ENERGY,,,,73.50857142857143,USD,USD/bbl,FRED/IMF Primary Commodity Prices,monthly,no,series=POILBREUSDM
2024-12-01,OIL_OR_ENERGY,,,,73.22772727272726,USD,USD/bbl,FRED/IMF Primary Commodity Prices,monthly,no,series=POILBREUSDM
2025-01-01,OIL_OR_ENERGY,,,,78.19391304347826,USD,USD/bbl,FRED/IMF Primary Commodity Prices,monthly,no,series=POILBREUSDM
2025-02-01,OIL_OR_ENERGY,,,,75.193,USD,USD/bbl,FRED/IMF Primary Commodity Prices,monthly,no,series=POILBREUSDM
2025-03-01,OIL_OR_ENERGY,,,,71.74142857142857,USD,USD/bbl,FRED/IMF Primary Commodity Prices,monthly,no,series=POILBREUSDM
2025-04-01,OIL_OR_ENERGY,,,,66.92727272727274,USD,USD/bbl,FRED/IMF Primary Commodity Prices,monthly,no,series=POILBREUSDM
2025-05-01,OIL_OR_ENERGY,,,,64.09272727272727,USD,USD/bbl,FRED/IMF Primary Commodity Prices,monthly,no,series=POILBREUSDM
2025-06-01,OIL_OR_ENERGY,,,,69.84666666666666,USD,USD/bbl,FRED/IMF Primary Commodity Prices,monthly,no,series=POILBREUSDM
2025-07-01,OIL_OR_ENERGY,,,,69.56478260869565,USD,USD/bbl,FRED/IMF Primary Commodity Prices,monthly,no,series=POILBREUSDM
2025-08-01,OIL_OR_ENERGY,,,,67.24428571428571,USD,USD/bbl,FRED/IMF Primary Commodity Prices,monthly,no,series=POILBREUSDM
2025-09-01,OIL_OR_ENERGY,,,,67.60909090909091,USD,USD/bbl,FRED/IMF Primary Commodity Prices,monthly,no,series=POILBREUSDM
2025-10-01,OIL_OR_ENERGY,,,,63.98130434782609,USD,USD/bbl,FRED/IMF Primary Commodity Prices,monthly,no,series=POILBREUSDM
2025-11-01,OIL_OR_ENERGY,,,,63.6935,USD,USD/bbl,FRED/IMF Primary Commodity Prices,monthly,no,series=POILBREUSDM
2025-12-01,OIL_OR_ENERGY,,,,61.81090909090909,USD,USD/bbl,FRED/IMF Primary Commodity Prices,monthly,no,series=POILBREUSDM
2026-01-01,OIL_OR_ENERGY,,,,64.59409090909091,USD,USD/bbl,FRED/IMF Primary Commodity Prices,monthly,no,series=POILBREUSDM
2026-02-01,OIL_OR_ENERGY,,,,69.4095,USD,USD/bbl,FRED/IMF Primary Commodity Prices,monthly,no,series=POILBREUSDM
2026-03-01,OIL_OR_ENERGY,,,,99.405,USD,USD/bbl,FRED/IMF Primary Commodity Prices,monthly,no,series=POILBREUSDM
2026-04-01,OIL_OR_ENERGY,,,,102.8136363636364,USD,USD/bbl,FRED/IMF Primary Commodity Prices,monthly,no,series=POILBREUSDM
2026-05-01,OIL_OR_ENERGY,,,,103.842380952381,USD,USD/bbl,FRED/IMF Primary Commodity Prices,monthly,no,series=POILBREUSDM
2026-06-01,OIL_OR_ENERGY,,,,84.48772727272727,USD,USD/bbl,FRED/IMF Primary Commodity Prices,monthly,no,series=POILBREUSDM
2026-07-01,OIL_OR_ENERGY,,,,83.73409090909091,USD,USD/bbl,FRED/IMF Primary Commodity Prices,monthly,no,series=POILBREUSDM
2016-01-01,COPPER_ILS,,,,17657.172357142867,ILS,ILS/MT,derived,monthly,no,COPPER_USD*USD_ILS
2016-02-01,COPPER_ILS,,,,17971.622219954654,ILS,ILS/MT,derived,monthly,no,COPPER_USD*USD_ILS
2016-03-01,COPPER_ILS,,,,19148.36624016565,ILS,ILS/MT,derived,monthly,no,COPPER_USD*USD_ILS
2016-04-01,COPPER_ILS,,,,18407.116207483,ILS,ILS/MT,derived,monthly,no,COPPER_USD*USD_ILS
2016-05-01,COPPER_ILS,,,,17905.392801136368,ILS,ILS/MT,derived,monthly,no,COPPER_USD*USD_ILS
2016-06-01,COPPER_ILS,,,,17902.374523760314,ILS,ILS/MT,derived,monthly,no,COPPER_USD*USD_ILS
2016-07-01,COPPER_ILS,,,,18766.022625850335,ILS,ILS/MT,derived,monthly,no,COPPER_USD*USD_ILS
2016-08-01,COPPER_ILS,,,,18034.44872430832,ILS,ILS/MT,derived,monthly,no,COPPER_USD*USD_ILS
2016-09-01,COPPER_ILS,,,,17782.534444214863,ILS,ILS/MT,derived,monthly,no,COPPER_USD*USD_ILS
2016-10-01,COPPER_ILS,,,,18043.455817460333,ILS,ILS/MT,derived,monthly,no,COPPER_USD*USD_ILS
2016-11-01,COPPER_ILS,,,,20947.187668388447,ILS,ILS/MT,derived,monthly,no,COPPER_USD*USD_ILS
2016-12-01,COPPER_ILS,,,,21669.3635318182,ILS,ILS/MT,derived,monthly,no,COPPER_USD*USD_ILS
2017-01-01,COPPER_ILS,,,,21979.016959415578,ILS,ILS/MT,derived,monthly,no,COPPER_USD*USD_ILS
2017-02-01,COPPER_ILS,,,,22153.959758125002,ILS,ILS/MT,derived,monthly,no,COPPER_USD*USD_ILS
2017-03-01,COPPER_ILS,,,,21263.193269376156,ILS,ILS/MT,derived,monthly,no,COPPER_USD*USD_ILS
2017-04-01,COPPER_ILS,,,,20742.550602083335,ILS,ILS/MT,derived,monthly,no,COPPER_USD*USD_ILS
2017-05-01,COPPER_ILS,,,,20139.911393374725,ILS,ILS/MT,derived,monthly,no,COPPER_USD*USD_ILS
2017-06-01,COPPER_ILS,,,,20201.41716890498,ILS,ILS/MT,derived,monthly,no,COPPER_USD*USD_ILS
2017-07-01,COPPER_ILS,,,,21252.587726757356,ILS,ILS/MT,derived,monthly,no,COPPER_USD*USD_ILS
2017-08-01,COPPER_ILS,,,,23343.45627717393,ILS,ILS/MT,derived,monthly,no,COPPER_USD*USD_ILS
2017-09-01,COPPER_ILS,,,,23242.14100793648,ILS,ILS/MT,derived,monthly,no,COPPER_USD*USD_ILS
2017-10-01,COPPER_ILS,,,,23912.01241942146,ILS,ILS/MT,derived,monthly,no,COPPER_USD*USD_ILS
2017-11-01,COPPER_ILS,,,,24010.511851239655,ILS,ILS/MT,derived,monthly,no,COPPER_USD*USD_ILS
2017-12-01,COPPER_ILS,,,,23936.20445112783,ILS,ILS/MT,derived,monthly,no,COPPER_USD*USD_ILS
2018-01-01,COPPER_ILS,,,,24201.465666996057,ILS,ILS/MT,derived,monthly,no,COPPER_USD*USD_ILS
2018-02-01,COPPER_ILS,,,,24483.60096,ILS,ILS/MT,derived,monthly,no,COPPER_USD*USD_ILS
2018-03-01,COPPER_ILS,,,,23609.22042857145,ILS,ILS/MT,derived,monthly,no,COPPER_USD*USD_ILS
2018-04-01,COPPER_ILS,,,,24229.558299999982,ILS,ILS/MT,derived,monthly,no,COPPER_USD*USD_ILS
2018-05-01,COPPER_ILS,,,,24503.02972722568,ILS,ILS/MT,derived,monthly,no,COPPER_USD*USD_ILS
2018-06-01,COPPER_ILS,,,,25108.597925170074,ILS,ILS/MT,derived,monthly,no,COPPER_USD*USD_ILS
2018-07-01,COPPER_ILS,,,,22785.972624999988,ILS,ILS/MT,derived,monthly,no,COPPER_USD*USD_ILS
2018-08-01,COPPER_ILS,,,,22185.763525691727,ILS,ILS/MT,derived,monthly,no,COPPER_USD*USD_ILS
2018-09-01,COPPER_ILS,,,,21718.909455625,ILS,ILS/MT,derived,monthly,no,COPPER_USD*USD_ILS
2018-10-01,COPPER_ILS,,,,22743.677415879003,ILS,ILS/MT,derived,monthly,no,COPPER_USD*USD_ILS
2018-11-01,COPPER_ILS,,,,22958.70161157028,ILS,ILS/MT,derived,monthly,no,COPPER_USD*USD_ILS
2018-12-01,COPPER_ILS,,,,22806.15687218044,ILS,ILS/MT,derived,monthly,no,COPPER_USD*USD_ILS
2019-01-01,COPPER_ILS,,,,21913.479833498008,ILS,ILS/MT,derived,monthly,no,COPPER_USD*USD_ILS
2019-02-01,COPPER_ILS,,,,22847.457821250002,ILS,ILS/MT,derived,monthly,no,COPPER_USD*USD_ILS
2019-03-01,COPPER_ILS,,,,23295.5286564626,ILS,ILS/MT,derived,monthly,no,COPPER_USD*USD_ILS
2019-04-01,COPPER_ILS,,,,23145.62053465912,ILS,ILS/MT,derived,monthly,no,COPPER_USD*USD_ILS
2019-05-01,COPPER_ILS,,,,21624.42499378884,ILS,ILS/MT,derived,monthly,no,COPPER_USD*USD_ILS
2019-06-01,COPPER_ILS,,,,21160.1279925,ILS,ILS/MT,derived,monthly,no,COPPER_USD*USD_ILS
2019-07-01,COPPER_ILS,,,,21059.472084120964,ILS,ILS/MT,derived,monthly,no,COPPER_USD*USD_ILS
2019-08-01,COPPER_ILS,,,,20047.14311201297,ILS,ILS/MT,derived,monthly,no,COPPER_USD*USD_ILS
2019-09-01,COPPER_ILS,,,,20288.192250000026,ILS,ILS/MT,derived,monthly,no,COPPER_USD*USD_ILS
2019-10-01,COPPER_ILS,,,,20239.905666257062,ILS,ILS/MT,derived,monthly,no,COPPER_USD*USD_ILS
2019-11-01,COPPER_ILS,,,,20407.981780045364,ILS,ILS/MT,derived,monthly,no,COPPER_USD*USD_ILS
2019-12-01,COPPER_ILS,,,,21117.7921875,ILS,ILS/MT,derived,monthly,no,COPPER_USD*USD_ILS
2020-01-01,COPPER_ILS,,,,20867.983454545454,ILS,ILS/MT,derived,monthly,no,COPPER_USD*USD_ILS
2020-02-01,COPPER_ILS,,,,19529.7427875,ILS,ILS/MT,derived,monthly,no,COPPER_USD*USD_ILS
2020-03-01,COPPER_ILS,,,,18662.892751446256,ILS,ILS/MT,derived,monthly,no,COPPER_USD*USD_ILS
2020-04-01,COPPER_ILS,,,,18065.926444909106,ILS,ILS/MT,derived,monthly,no,COPPER_USD*USD_ILS
2020-05-01,COPPER_ILS,,,,18429.716730325843,ILS,ILS/MT,derived,monthly,no,COPPER_USD*USD_ILS
2020-06-01,COPPER_ILS,,,,19901.2220894628,ILS,ILS/MT,derived,monthly,no,COPPER_USD*USD_ILS
2020-07-01,COPPER_ILS,,,,21871.116894896037,ILS,ILS/MT,derived,monthly,no,COPPER_USD*USD_ILS
2020-08-01,COPPER_ILS,,,,22134.42426020407,ILS,ILS/MT,derived,monthly,no,COPPER_USD*USD_ILS
2020-09-01,COPPER_ILS,,,,22930.453231818214,ILS,ILS/MT,derived,monthly,no,COPPER_USD*USD_ILS
2020-10-01,COPPER_ILS,,,,22793.694752789226,ILS,ILS/MT,derived,monthly,no,COPPER_USD*USD_ILS
2020-11-01,COPPER_ILS,,,,23747.15200986393,ILS,ILS/MT,derived,monthly,no,COPPER_USD*USD_ILS
2020-12-01,COPPER_ILS,,,,25230.3744741201,ILS,ILS/MT,derived,monthly,no,COPPER_USD*USD_ILS
2021-01-01,COPPER_ILS,,,,25684.36111464282,ILS,ILS/MT,derived,monthly,no,COPPER_USD*USD_ILS
2021-02-01,COPPER_ILS,,,,27702.091535,ILS,ILS/MT,derived,monthly,no,COPPER_USD*USD_ILS
2021-03-01,COPPER_ILS,,,,29758.916172022677,ILS,ILS/MT,derived,monthly,no,COPPER_USD*USD_ILS
2021-04-01,COPPER_ILS,,,,30572.261884431824,ILS,ILS/MT,derived,monthly,no,COPPER_USD*USD_ILS
2021-05-01,COPPER_ILS,,,,33170.651519761865,ILS,ILS/MT,derived,monthly,no,COPPER_USD*USD_ILS
2021-06-01,COPPER_ILS,,,,31319.011227272702,ILS,ILS/MT,derived,monthly,no,COPPER_USD*USD_ILS
2021-07-01,COPPER_ILS,,,,30910.197044834676,ILS,ILS/MT,derived,monthly,no,COPPER_USD*USD_ILS
2021-08-01,COPPER_ILS,,,,30206.34534655846,ILS,ILS/MT,derived,monthly,no,COPPER_USD*USD_ILS
2021-09-01,COPPER_ILS,,,,29908.582016611606,ILS,ILS/MT,derived,monthly,no,COPPER_USD*USD_ILS
2021-10-01,COPPER_ILS,,,,31606.087876643996,ILS,ILS/MT,derived,monthly,no,COPPER_USD*USD_ILS
2021-11-01,COPPER_ILS,,,,30359.046634090904,ILS,ILS/MT,derived,monthly,no,COPPER_USD*USD_ILS
2021-12-01,COPPER_ILS,,,,29914.29576,ILS,ILS/MT,derived,monthly,no,COPPER_USD*USD_ILS
2022-01-01,COPPER_ILS,,,,30661.106504166633,ILS,ILS/MT,derived,monthly,no,COPPER_USD*USD_ILS
2022-02-01,COPPER_ILS,,,,31955.872973749996,ILS,ILS/MT,derived,monthly,no,COPPER_USD*USD_ILS
2022-03-01,COPPER_ILS,,,,33199.25074782609,ILS,ILS/MT,derived,monthly,no,COPPER_USD*USD_ILS
2022-04-01,COPPER_ILS,,,,32933.3942573696,ILS,ILS/MT,derived,monthly,no,COPPER_USD*USD_ILS
2022-05-01,COPPER_ILS,,,,31762.879022314028,ILS,ILS/MT,derived,monthly,no,COPPER_USD*USD_ILS
2022-06-01,COPPER_ILS,,,,30926.534121694232,ILS,ILS/MT,derived,monthly,no,COPPER_USD*USD_ILS
2022-07-01,COPPER_ILS,,,,26146.717043083903,ILS,ILS/MT,derived,monthly,no,COPPER_USD*USD_ILS
2022-08-01,COPPER_ILS,,,,26360.299655274084,ILS,ILS/MT,derived,monthly,no,COPPER_USD*USD_ILS
2022-09-01,COPPER_ILS,,,,26696.276073347144,ILS,ILS/MT,derived,monthly,no,COPPER_USD*USD_ILS
2022-10-01,COPPER_ILS,,,,27162.4371546939,ILS,ILS/MT,derived,monthly,no,COPPER_USD*USD_ILS
2022-11-01,COPPER_ILS,,,,28028.51955981408,ILS,ILS/MT,derived,monthly,no,COPPER_USD*USD_ILS
2022-12-01,COPPER_ILS,,,,28909.18352016533,ILS,ILS/MT,derived,monthly,no,COPPER_USD*USD_ILS
2023-01-01,COPPER_ILS,,,,31063.0622095041,ILS,ILS/MT,derived,monthly,no,COPPER_USD*USD_ILS
2023-02-01,COPPER_ILS,,,,31663.668229049996,ILS,ILS/MT,derived,monthly,no,COPPER_USD*USD_ILS
2023-03-01,COPPER_ILS,,,,32035.586757183388,ILS,ILS/MT,derived,monthly,no,COPPER_USD*USD_ILS
2023-04-01,COPPER_ILS,,,,31913.815790999997,ILS,ILS/MT,derived,monthly,no,COPPER_USD*USD_ILS
2023-05-01,COPPER_ILS,,,,30220.843807145575,ILS,ILS/MT,derived,monthly,no,COPPER_USD*USD_ILS
2023-06-01,COPPER_ILS,,,,30602.253836735505,ILS,ILS/MT,derived,monthly,no,COPPER_USD*USD_ILS
2023-07-01,COPPER_ILS,,,,31112.237664444416,ILS,ILS/MT,derived,monthly,no,COPPER_USD*USD_ILS
2023-08-01,COPPER_ILS,,,,31269.87581805292,ILS,ILS/MT,derived,monthly,no,COPPER_USD*USD_ILS
2023-09-01,COPPER_ILS,,,,31619.017398526034,ILS,ILS/MT,derived,monthly,no,COPPER_USD*USD_ILS
2023-10-01,COPPER_ILS,,,,31592.879630702504,ILS,ILS/MT,derived,monthly,no,COPPER_USD*USD_ILS
2023-11-01,COPPER_ILS,,,,31167.709620062004,ILS,ILS/MT,derived,monthly,no,COPPER_USD*USD_ILS
2023-12-01,COPPER_ILS,,,,30824.964650566926,ILS,ILS/MT,derived,monthly,no,COPPER_USD*USD_ILS
2024-01-01,COPPER_ILS,,,,30979.838769754217,ILS,ILS/MT,derived,monthly,no,COPPER_USD*USD_ILS
2024-02-01,COPPER_ILS,,,,30279.849436190474,ILS,ILS/MT,derived,monthly,no,COPPER_USD*USD_ILS
2024-03-01,COPPER_ILS,,,,31555.761030385507,ILS,ILS/MT,derived,monthly,no,COPPER_USD*USD_ILS
2024-04-01,COPPER_ILS,,,,35423.98155252064,ILS,ILS/MT,derived,monthly,no,COPPER_USD*USD_ILS
2024-05-01,COPPER_ILS,,,,37501.245877202244,ILS,ILS/MT,derived,monthly,no,COPPER_USD*USD_ILS
2024-06-01,COPPER_ILS,,,,35936.045216549996,ILS,ILS/MT,derived,monthly,no,COPPER_USD*USD_ILS
2024-07-01,COPPER_ILS,,,,34551.41788393199,ILS,ILS/MT,derived,monthly,no,COPPER_USD*USD_ILS
2024-08-01,COPPER_ILS,,,,33531.00303477272,ILS,ILS/MT,derived,monthly,no,COPPER_USD*USD_ILS
2024-09-01,COPPER_ILS,,,,34562.5633136054,ILS,ILS/MT,derived,monthly,no,COPPER_USD*USD_ILS
2024-10-01,COPPER_ILS,,,,35760.34329716445,ILS,ILS/MT,derived,monthly,no,COPPER_USD*USD_ILS
2024-11-01,COPPER_ILS,,,,33750.900534353714,ILS,ILS/MT,derived,monthly,no,COPPER_USD*USD_ILS
2024-12-01,COPPER_ILS,,,,32251.43599789253,ILS,ILS/MT,derived,monthly,no,COPPER_USD*USD_ILS
2025-01-01,COPPER_ILS,,,,32465.53080897918,ILS,ILS/MT,derived,monthly,no,COPPER_USD*USD_ILS
2025-02-01,COPPER_ILS,,,,33291.052605000004,ILS,ILS/MT,derived,monthly,no,COPPER_USD*USD_ILS
2025-03-01,COPPER_ILS,,,,35584.89789396826,ILS,ILS/MT,derived,monthly,no,COPPER_USD*USD_ILS
2025-04-01,COPPER_ILS,,,,33913.12453880167,ILS,ILS/MT,derived,monthly,no,COPPER_USD*USD_ILS
2025-05-01,COPPER_ILS,,,,34006.45837082643,ILS,ILS/MT,derived,monthly,no,COPPER_USD*USD_ILS
2025-06-01,COPPER_ILS,,,,34268.18726326527,ILS,ILS/MT,derived,monthly,no,COPPER_USD*USD_ILS
2025-07-01,COPPER_ILS,,,,32752.684848771285,ILS,ILS/MT,derived,monthly,no,COPPER_USD*USD_ILS
2025-08-01,COPPER_ILS,,,,32843.38709816321,ILS,ILS/MT,derived,monthly,no,COPPER_USD*USD_ILS
2025-09-01,COPPER_ILS,,,,33404.80351299584,ILS,ILS/MT,derived,monthly,no,COPPER_USD*USD_ILS
2025-10-01,COPPER_ILS,,,,35258.68469746693,ILS,ILS/MT,derived,monthly,no,COPPER_USD*USD_ILS
2025-11-01,COPPER_ILS,,,,35190.9887344,ILS,ILS/MT,derived,monthly,no,COPPER_USD*USD_ILS
2025-12-01,COPPER_ILS,,,,37879.75376857703,ILS,ILS/MT,derived,monthly,no,COPPER_USD*USD_ILS
2026-01-01,COPPER_ILS,,,,40876.52556084713,ILS,ILS/MT,derived,monthly,no,COPPER_USD*USD_ILS
2026-02-01,COPPER_ILS,,,,40183.49056425,ILS,ILS/MT,derived,monthly,no,COPPER_USD*USD_ILS
2026-03-01,COPPER_ILS,,,,38985.9271846694,ILS,ILS/MT,derived,monthly,no,COPPER_USD*USD_ILS
2026-04-01,COPPER_ILS,,,,39274.995803243844,ILS,ILS/MT,derived,monthly,no,COPPER_USD*USD_ILS
2026-05-01,COPPER_ILS,,,,39203.91259664396,ILS,ILS/MT,derived,monthly,no,COPPER_USD*USD_ILS
2026-06-01,COPPER_ILS,,,,39788.17610723148,ILS,ILS/MT,derived,monthly,no,COPPER_USD*USD_ILS
2026-07-01,COPPER_ILS,,,,41070.66515100185,ILS,ILS/MT,derived,monthly,no,COPPER_USD*USD_ILS
2018-05-01,ISRAEL_CONSTRUCTION_INPUT_INDEX,,,,112.5,ILS,index,Israel CBS,monthly,no,cbs_id=200010;base=2011 יולי
2018-06-01,ISRAEL_CONSTRUCTION_INPUT_INDEX,,,,112.6,ILS,index,Israel CBS,monthly,no,cbs_id=200010;base=2011 יולי
2018-07-01,ISRAEL_CONSTRUCTION_INPUT_INDEX,,,,112.9,ILS,index,Israel CBS,monthly,no,cbs_id=200010;base=2011 יולי
2018-08-01,ISRAEL_CONSTRUCTION_INPUT_INDEX,,,,113.1,ILS,index,Israel CBS,monthly,no,cbs_id=200010;base=2011 יולי
2018-09-01,ISRAEL_CONSTRUCTION_INPUT_INDEX,,,,113.1,ILS,index,Israel CBS,monthly,no,cbs_id=200010;base=2011 יולי
2018-10-01,ISRAEL_CONSTRUCTION_INPUT_INDEX,,,,113.2,ILS,index,Israel CBS,monthly,no,cbs_id=200010;base=2011 יולי
2018-11-01,ISRAEL_CONSTRUCTION_INPUT_INDEX,,,,113.2,ILS,index,Israel CBS,monthly,no,cbs_id=200010;base=2011 יולי
2018-12-01,ISRAEL_CONSTRUCTION_INPUT_INDEX,,,,113.3,ILS,index,Israel CBS,monthly,no,cbs_id=200010;base=2011 יולי
2019-01-01,ISRAEL_CONSTRUCTION_INPUT_INDEX,,,,114.0,ILS,index,Israel CBS,monthly,no,cbs_id=200010;base=2011 יולי
2019-02-01,ISRAEL_CONSTRUCTION_INPUT_INDEX,,,,114.1,ILS,index,Israel CBS,monthly,no,cbs_id=200010;base=2011 יולי
2019-03-01,ISRAEL_CONSTRUCTION_INPUT_INDEX,,,,114.1,ILS,index,Israel CBS,monthly,no,cbs_id=200010;base=2011 יולי
2019-04-01,ISRAEL_CONSTRUCTION_INPUT_INDEX,,,,114.2,ILS,index,Israel CBS,monthly,no,cbs_id=200010;base=2011 יולי
2019-05-01,ISRAEL_CONSTRUCTION_INPUT_INDEX,,,,114.3,ILS,index,Israel CBS,monthly,no,cbs_id=200010;base=2011 יולי
2019-06-01,ISRAEL_CONSTRUCTION_INPUT_INDEX,,,,114.3,ILS,index,Israel CBS,monthly,no,cbs_id=200010;base=2011 יולי
2019-07-01,ISRAEL_CONSTRUCTION_INPUT_INDEX,,,,114.3,ILS,index,Israel CBS,monthly,no,cbs_id=200010;base=2011 יולי
2019-08-01,ISRAEL_CONSTRUCTION_INPUT_INDEX,,,,114.4,ILS,index,Israel CBS,monthly,no,cbs_id=200010;base=2011 יולי
2019-09-01,ISRAEL_CONSTRUCTION_INPUT_INDEX,,,,114.4,ILS,index,Israel CBS,monthly,no,cbs_id=200010;base=2011 יולי
2019-10-01,ISRAEL_CONSTRUCTION_INPUT_INDEX,,,,114.3,ILS,index,Israel CBS,monthly,no,cbs_id=200010;base=2011 יולי
2019-11-01,ISRAEL_CONSTRUCTION_INPUT_INDEX,,,,114.3,ILS,index,Israel CBS,monthly,no,cbs_id=200010;base=2011 יולי
2019-12-01,ISRAEL_CONSTRUCTION_INPUT_INDEX,,,,114.5,ILS,index,Israel CBS,monthly,no,cbs_id=200010;base=2011 יולי
2020-01-01,ISRAEL_CONSTRUCTION_INPUT_INDEX,,,,114.7,ILS,index,Israel CBS,monthly,no,cbs_id=200010;base=2011 יולי
2020-02-01,ISRAEL_CONSTRUCTION_INPUT_INDEX,,,,114.7,ILS,index,Israel CBS,monthly,no,cbs_id=200010;base=2011 יולי
2020-03-01,ISRAEL_CONSTRUCTION_INPUT_INDEX,,,,114.9,ILS,index,Israel CBS,monthly,no,cbs_id=200010;base=2011 יולי
2020-04-01,ISRAEL_CONSTRUCTION_INPUT_INDEX,,,,114.8,ILS,index,Israel CBS,monthly,no,cbs_id=200010;base=2011 יולי
2020-05-01,ISRAEL_CONSTRUCTION_INPUT_INDEX,,,,114.7,ILS,index,Israel CBS,monthly,no,cbs_id=200010;base=2011 יולי
2020-06-01,ISRAEL_CONSTRUCTION_INPUT_INDEX,,,,114.7,ILS,index,Israel CBS,monthly,no,cbs_id=200010;base=2011 יולי
2020-07-01,ISRAEL_CONSTRUCTION_INPUT_INDEX,,,,114.7,ILS,index,Israel CBS,monthly,no,cbs_id=200010;base=2011 יולי
2020-08-01,ISRAEL_CONSTRUCTION_INPUT_INDEX,,,,114.8,ILS,index,Israel CBS,monthly,no,cbs_id=200010;base=2011 יולי
2020-09-01,ISRAEL_CONSTRUCTION_INPUT_INDEX,,,,114.7,ILS,index,Israel CBS,monthly,no,cbs_id=200010;base=2011 יולי
2020-10-01,ISRAEL_CONSTRUCTION_INPUT_INDEX,,,,114.6,ILS,index,Israel CBS,monthly,no,cbs_id=200010;base=2011 יולי
2020-11-01,ISRAEL_CONSTRUCTION_INPUT_INDEX,,,,114.6,ILS,index,Israel CBS,monthly,no,cbs_id=200010;base=2011 יולי
2020-12-01,ISRAEL_CONSTRUCTION_INPUT_INDEX,,,,115.1,ILS,index,Israel CBS,monthly,no,cbs_id=200010;base=2011 יולי
2021-01-01,ISRAEL_CONSTRUCTION_INPUT_INDEX,,,,115.8,ILS,index,Israel CBS,monthly,no,cbs_id=200010;base=2011 יולי
2021-02-01,ISRAEL_CONSTRUCTION_INPUT_INDEX,,,,116.0,ILS,index,Israel CBS,monthly,no,cbs_id=200010;base=2011 יולי
2021-03-01,ISRAEL_CONSTRUCTION_INPUT_INDEX,,,,116.6,ILS,index,Israel CBS,monthly,no,cbs_id=200010;base=2011 יולי
2021-04-01,ISRAEL_CONSTRUCTION_INPUT_INDEX,,,,117.5,ILS,index,Israel CBS,monthly,no,cbs_id=200010;base=2011 יולי
2021-05-01,ISRAEL_CONSTRUCTION_INPUT_INDEX,,,,118.3,ILS,index,Israel CBS,monthly,no,cbs_id=200010;base=2011 יולי
2021-06-01,ISRAEL_CONSTRUCTION_INPUT_INDEX,,,,119.0,ILS,index,Israel CBS,monthly,no,cbs_id=200010;base=2011 יולי
2021-07-01,ISRAEL_CONSTRUCTION_INPUT_INDEX,,,,119.3,ILS,index,Israel CBS,monthly,no,cbs_id=200010;base=2011 יולי
2021-08-01,ISRAEL_CONSTRUCTION_INPUT_INDEX,,,,120.0,ILS,index,Israel CBS,monthly,no,cbs_id=200010;base=2011 יולי
2021-09-01,ISRAEL_CONSTRUCTION_INPUT_INDEX,,,,120.3,ILS,index,Israel CBS,monthly,no,cbs_id=200010;base=2011 יולי
2021-10-01,ISRAEL_CONSTRUCTION_INPUT_INDEX,,,,120.6,ILS,index,Israel CBS,monthly,no,cbs_id=200010;base=2011 יולי
2021-11-01,ISRAEL_CONSTRUCTION_INPUT_INDEX,,,,121.2,ILS,index,Israel CBS,monthly,no,cbs_id=200010;base=2011 יולי
2021-12-01,ISRAEL_CONSTRUCTION_INPUT_INDEX,,,,121.5,ILS,index,Israel CBS,monthly,no,cbs_id=200010;base=2011 יולי
2022-01-01,ISRAEL_CONSTRUCTION_INPUT_INDEX,,,,122.5,ILS,index,Israel CBS,monthly,no,cbs_id=200010;base=2011 יולי
2022-02-01,ISRAEL_CONSTRUCTION_INPUT_INDEX,,,,123.1,ILS,index,Israel CBS,monthly,no,cbs_id=200010;base=2011 יולי
2022-03-01,ISRAEL_CONSTRUCTION_INPUT_INDEX,,,,124.3,ILS,index,Israel CBS,monthly,no,cbs_id=200010;base=2011 יולי
2022-04-01,ISRAEL_CONSTRUCTION_INPUT_INDEX,,,,125.5,ILS,index,Israel CBS,monthly,no,cbs_id=200010;base=2011 יולי
2022-05-01,ISRAEL_CONSTRUCTION_INPUT_INDEX,,,,126.1,ILS,index,Israel CBS,monthly,no,cbs_id=200010;base=2011 יולי
2022-06-01,ISRAEL_CONSTRUCTION_INPUT_INDEX,,,,126.8,ILS,index,Israel CBS,monthly,no,cbs_id=200010;base=2011 יולי
2022-07-01,ISRAEL_CONSTRUCTION_INPUT_INDEX,,,,127.4,ILS,index,Israel CBS,monthly,no,cbs_id=200010;base=2011 יולי
2022-08-01,ISRAEL_CONSTRUCTION_INPUT_INDEX,,,,127.5,ILS,index,Israel CBS,monthly,no,cbs_id=200010;base=2011 יולי
2022-09-01,ISRAEL_CONSTRUCTION_INPUT_INDEX,,,,127.5,ILS,index,Israel CBS,monthly,no,cbs_id=200010;base=2011 יולי
2022-10-01,ISRAEL_CONSTRUCTION_INPUT_INDEX,,,,127.5,ILS,index,Israel CBS,monthly,no,cbs_id=200010;base=2011 יולי
2022-11-01,ISRAEL_CONSTRUCTION_INPUT_INDEX,,,,127.3,ILS,index,Israel CBS,monthly,no,cbs_id=200010;base=2011 יולי
2022-12-01,ISRAEL_CONSTRUCTION_INPUT_INDEX,,,,127.3,ILS,index,Israel CBS,monthly,no,cbs_id=200010;base=2011 יולי
2023-01-01,ISRAEL_CONSTRUCTION_INPUT_INDEX,,,,128.8,ILS,index,Israel CBS,monthly,no,cbs_id=200010;base=2011 יולי
2023-02-01,ISRAEL_CONSTRUCTION_INPUT_INDEX,,,,128.6,ILS,index,Israel CBS,monthly,no,cbs_id=200010;base=2011 יולי
2023-03-01,ISRAEL_CONSTRUCTION_INPUT_INDEX,,,,128.9,ILS,index,Israel CBS,monthly,no,cbs_id=200010;base=2011 יולי
2023-04-01,ISRAEL_CONSTRUCTION_INPUT_INDEX,,,,129.3,ILS,index,Israel CBS,monthly,no,cbs_id=200010;base=2011 יולי
2023-05-01,ISRAEL_CONSTRUCTION_INPUT_INDEX,,,,129.2,ILS,index,Israel CBS,monthly,no,cbs_id=200010;base=2011 יולי
2023-06-01,ISRAEL_CONSTRUCTION_INPUT_INDEX,,,,129.6,ILS,index,Israel CBS,monthly,no,cbs_id=200010;base=2011 יולי
2023-07-01,ISRAEL_CONSTRUCTION_INPUT_INDEX,,,,129.3,ILS,index,Israel CBS,monthly,no,cbs_id=200010;base=2011 יולי
2023-08-01,ISRAEL_CONSTRUCTION_INPUT_INDEX,,,,129.4,ILS,index,Israel CBS,monthly,no,cbs_id=200010;base=2011 יולי
2023-09-01,ISRAEL_CONSTRUCTION_INPUT_INDEX,,,,129.5,ILS,index,Israel CBS,monthly,no,cbs_id=200010;base=2011 יולי
2023-10-01,ISRAEL_CONSTRUCTION_INPUT_INDEX,,,,129.7,ILS,index,Israel CBS,monthly,no,cbs_id=200010;base=2011 יולי
2023-11-01,ISRAEL_CONSTRUCTION_INPUT_INDEX,,,,129.8,ILS,index,Israel CBS,monthly,no,cbs_id=200010;base=2011 יולי
2023-12-01,ISRAEL_CONSTRUCTION_INPUT_INDEX,,,,129.8,ILS,index,Israel CBS,monthly,no,cbs_id=200010;base=2011 יולי
2024-01-01,ISRAEL_CONSTRUCTION_INPUT_INDEX,,,,130.2,ILS,index,Israel CBS,monthly,no,cbs_id=200010;base=2011 יולי
2024-02-01,ISRAEL_CONSTRUCTION_INPUT_INDEX,,,,129.9,ILS,index,Israel CBS,monthly,no,cbs_id=200010;base=2011 יולי
2024-03-01,ISRAEL_CONSTRUCTION_INPUT_INDEX,,,,130.2,ILS,index,Israel CBS,monthly,no,cbs_id=200010;base=2011 יולי
2024-04-01,ISRAEL_CONSTRUCTION_INPUT_INDEX,,,,130.1,ILS,index,Israel CBS,monthly,no,cbs_id=200010;base=2011 יולי
2024-05-01,ISRAEL_CONSTRUCTION_INPUT_INDEX,,,,130.7,ILS,index,Israel CBS,monthly,no,cbs_id=200010;base=2011 יולי
2024-06-01,ISRAEL_CONSTRUCTION_INPUT_INDEX,,,,131.2,ILS,index,Israel CBS,monthly,no,cbs_id=200010;base=2011 יולי
2024-07-01,ISRAEL_CONSTRUCTION_INPUT_INDEX,,,,131.7,ILS,index,Israel CBS,monthly,no,cbs_id=200010;base=2011 יולי
2024-08-01,ISRAEL_CONSTRUCTION_INPUT_INDEX,,,,132.0,ILS,index,Israel CBS,monthly,no,cbs_id=200010;base=2011 יולי
2024-09-01,ISRAEL_CONSTRUCTION_INPUT_INDEX,,,,132.5,ILS,index,Israel CBS,monthly,no,cbs_id=200010;base=2011 יולי
2024-10-01,ISRAEL_CONSTRUCTION_INPUT_INDEX,,,,132.8,ILS,index,Israel CBS,monthly,no,cbs_id=200010;base=2011 יולי
2024-11-01,ISRAEL_CONSTRUCTION_INPUT_INDEX,,,,133.2,ILS,index,Israel CBS,monthly,no,cbs_id=200010;base=2011 יולי
2024-12-01,ISRAEL_CONSTRUCTION_INPUT_INDEX,,,,133.6,ILS,index,Israel CBS,monthly,no,cbs_id=200010;base=2011 יולי
2025-01-01,ISRAEL_CONSTRUCTION_INPUT_INDEX,,,,137.1,ILS,index,Israel CBS,monthly,no,cbs_id=200010;base=2011 יולי
2025-02-01,ISRAEL_CONSTRUCTION_INPUT_INDEX,,,,137.7,ILS,index,Israel CBS,monthly,no,cbs_id=200010;base=2011 יולי
2025-03-01,ISRAEL_CONSTRUCTION_INPUT_INDEX,,,,138.2,ILS,index,Israel CBS,monthly,no,cbs_id=200010;base=2011 יולי
2025-04-01,ISRAEL_CONSTRUCTION_INPUT_INDEX,,,,138.4,ILS,index,Israel CBS,monthly,no,cbs_id=200010;base=2011 יולי
2025-05-01,ISRAEL_CONSTRUCTION_INPUT_INDEX,,,,138.6,ILS,index,Israel CBS,monthly,no,cbs_id=200010;base=2011 יולי
2025-06-01,ISRAEL_CONSTRUCTION_INPUT_INDEX,,,,138.6,ILS,index,Israel CBS,monthly,no,cbs_id=200010;base=2011 יולי
2025-07-01,ISRAEL_CONSTRUCTION_INPUT_INDEX,,,,138.7,ILS,index,Israel CBS,monthly,no,cbs_id=200010;base=2011 יולי
2025-08-01,ISRAEL_CONSTRUCTION_INPUT_INDEX,,,,100.4,ILS,index,Israel CBS,monthly,no,cbs_id=200010;base=2025 יולי
2025-09-01,ISRAEL_CONSTRUCTION_INPUT_INDEX,,,,100.4,ILS,index,Israel CBS,monthly,no,cbs_id=200010;base=2025 יולי
2025-10-01,ISRAEL_CONSTRUCTION_INPUT_INDEX,,,,100.5,ILS,index,Israel CBS,monthly,no,cbs_id=200010;base=2025 יולי
2025-11-01,ISRAEL_CONSTRUCTION_INPUT_INDEX,,,,101.1,ILS,index,Israel CBS,monthly,no,cbs_id=200010;base=2025 יולי
2025-12-01,ISRAEL_CONSTRUCTION_INPUT_INDEX,,,,101.2,ILS,index,Israel CBS,monthly,no,cbs_id=200010;base=2025 יולי
2026-01-01,ISRAEL_CONSTRUCTION_INPUT_INDEX,,,,101.3,ILS,index,Israel CBS,monthly,no,cbs_id=200010;base=2025 יולי
2026-02-01,ISRAEL_CONSTRUCTION_INPUT_INDEX,,,,101.5,ILS,index,Israel CBS,monthly,no,cbs_id=200010;base=2025 יולי
2026-03-01,ISRAEL_CONSTRUCTION_INPUT_INDEX,,,,101.7,ILS,index,Israel CBS,monthly,no,cbs_id=200010;base=2025 יולי
2026-04-01,ISRAEL_CONSTRUCTION_INPUT_INDEX,,,,102.8,ILS,index,Israel CBS,monthly,no,cbs_id=200010;base=2025 יולי
2026-05-01,ISRAEL_CONSTRUCTION_INPUT_INDEX,,,,103.4,ILS,index,Israel CBS,monthly,no,cbs_id=200010;base=2025 יולי
2026-06-01,ISRAEL_CONSTRUCTION_INPUT_INDEX,,,,103.6,ILS,index,Israel CBS,monthly,no,cbs_id=200010;base=2025 יולי
2026-07-01,ISRAEL_CONSTRUCTION_INPUT_INDEX,,,,103.5,ILS,index,Israel CBS,monthly,no,cbs_id=200010;base=2025 יולי
2026-08-01,ISRAEL_CONSTRUCTION_INPUT_INDEX,,,,103.9,ILS,index,Israel CBS,monthly,no,cbs_id=200010;base=2025 יולי
