date,driver,close,1_month_pct_change,2_month_pct_change,3_month_pct_change,6_month_pct_change,12_month_pct_change,3_month_momentum,6_month_momentum,3_month_volatility,6_month_volatility
2016-01-01,COPPER_USD,4471.7875,,,,,,,,,
2016-02-01,COPPER_USD,4598.619048,2.836261,,,,,,,,
2016-03-01,COPPER_USD,4953.797619,7.723592,10.778914,,,,,,2.443666,
2016-04-01,COPPER_USD,4872.738095,-1.636311,5.960899,8.966226,,,8.966226,,3.822415,
2016-05-01,COPPER_USD,4694.5375,-3.657094,-5.233563,2.08581,,,2.08581,,4.957725,
2016-06-01,COPPER_USD,4641.965909,-1.119846,-4.735986,-6.294801,,,-6.294801,,1.094833,4.038943
2016-07-01,COPPER_USD,4864.904762,4.802682,3.629053,-0.160758,8.791054,,-0.160758,8.791054,3.544664,3.973278
2016-08-01,COPPER_USD,4751.670455,-2.327575,2.363321,1.217009,3.328204,,1.217009,3.328204,3.115829,4.144371
2016-09-01,COPPER_USD,4722.204545,-0.620117,-2.933258,1.728549,-4.675061,,1.728549,-4.675061,3.039787,2.668047
2016-10-01,COPPER_USD,4731.261905,0.191804,-0.429503,-2.747081,-2.903423,,-2.747081,-2.903423,1.049968,2.654895
2016-11-01,COPPER_USD,5450.931818,15.210951,15.431929,14.716117,16.112222,,14.716117,16.112222,7.279016,6.029462
2016-12-01,COPPER_USD,5660.35,3.841879,19.637215,19.866684,21.938638,,19.866684,21.938638,6.395777,5.785596
2017-01-01,COPPER_USD,5754.559524,1.664376,5.570198,21.628429,18.287198,28.68589,21.628429,18.287198,5.939575,5.787544
2017-02-01,COPPER_USD,5940.9125,3.238353,4.956628,8.988934,25.027873,29.189055,8.988934,25.027873,0.917918,5.28451
2017-03-01,COPPER_USD,5824.630435,-1.95731,1.217659,2.902302,23.345577,17.579096,2.902302,23.345577,2.17534,5.495325
2017-04-01,COPPER_USD,5683.902778,-2.416079,-4.326098,-1.227839,20.135027,16.646999,-1.227839,20.135027,2.564241,5.847341
2017-05-01,COPPER_USD,5599.559524,-1.483897,-3.864123,-5.7458,2.726648,19.278194,-5.7458,2.726648,0.380577,2.533052
2017-06-01,COPPER_USD,5719.761364,2.14663,0.63088,-1.800442,1.049606,23.218513,-1.800442,1.049606,1.968305,2.217307
2017-07-01,COPPER_USD,5985.119048,4.639314,6.885533,5.299462,4.006554,23.026438,5.299462,4.006554,2.514136,2.756648
2017-08-01,COPPER_USD,6485.625,8.362506,13.389783,15.823842,9.168836,36.491473,15.823842,9.168836,2.554141,3.948535
2017-09-01,COPPER_USD,6577.166667,1.411455,9.891994,14.990229,12.919897,39.281698,14.990229,12.919897,2.840156,3.637354
2017-10-01,COPPER_USD,6807.602273,3.50357,4.964476,13.742136,19.769858,43.885551,13.742136,19.769858,2.911726,3.027608
2017-11-01,COPPER_USD,6826.545455,0.278265,3.791584,5.256555,21.912187,25.236302,5.256555,21.912187,1.335983,2.628149
2017-12-01,COPPER_USD,6833.894737,0.107657,0.386222,3.903323,19.478669,20.732724,3.903323,19.478669,1.562189,2.886148
2018-01-01,COPPER_USD,7065.852273,3.394222,3.505533,3.793553,18.057005,22.787022,3.793553,18.057005,1.510695,2.808156
2018-02-01,COPPER_USD,7006.525,-0.839634,2.526089,2.636466,8.031608,17.936849,2.636466,8.031608,1.814277,1.648082
2018-03-01,COPPER_USD,6799.178571,-2.959333,-3.774119,-0.508,3.375495,16.731502,-0.508,3.375495,2.641261,2.284859
2018-04-01,COPPER_USD,6851.5125,0.76971,-2.212402,-3.03346,0.645018,20.542394,-3.03346,0.645018,1.52712,1.896087
2018-05-01,COPPER_USD,6825.27381,-0.382962,0.3838,-2.586891,-0.018628,21.889477,-2.586891,-0.018628,1.558921,1.903188
2018-06-01,COPPER_USD,6965.857143,2.059746,1.668896,2.451452,1.930999,21.7858,2.451452,1.930999,0.997757,2.052245
2018-07-01,COPPER_USD,6250.75,-10.265889,-8.417594,-8.768319,-11.535796,4.43819,-8.768319,-11.535796,5.328752,4.027718
2018-08-01,COPPER_USD,6051.045455,-3.194889,-13.132794,-11.34355,-13.636996,-6.700658,-11.34355,-13.636996,5.050099,4.016455
2018-09-01,COPPER_USD,6050.7625,-0.004676,-3.199416,-13.136856,-11.007448,-8.00351,-13.136856,-11.007448,4.287825,4.089442
2018-10-01,COPPER_USD,6219.586957,2.790135,2.785329,-0.498549,-9.223154,-8.637627,-0.498549,-9.223154,2.445153,4.364139
2018-11-01,COPPER_USD,6195.920455,-0.380516,2.399003,2.394214,-9.220925,-9.237835,2.394214,-9.220925,1.41442,4.364244
2018-12-01,COPPER_USD,6075.315789,-1.946517,-2.319626,0.405788,-12.784376,-11.100243,0.405788,-12.784376,1.970371,4.06484
2019-01-01,COPPER_USD,5939.102273,-2.242081,-4.144956,-4.5097,-4.985765,-15.946413,-4.5097,-4.985765,0.816847,1.950293
2019-02-01,COPPER_USD,6300.4875,6.084846,3.706338,1.687676,4.122297,-10.076857,1.687676,4.122297,3.857574,2.90653
2019-03-01,COPPER_USD,6439.464286,2.20581,8.424876,5.993902,6.424013,-5.290555,5.993902,6.424013,3.402097,2.931708
2019-04-01,COPPER_USD,6438.3625,-0.01711,2.188323,8.406325,3.517525,-6.030055,8.406325,3.517525,2.521511,2.845018
2019-05-01,COPPER_USD,6017.904762,-6.530507,-6.5465,-4.485093,-2.873111,-11.829109,-4.485093,-2.873111,3.707185,3.923388
2019-06-01,COPPER_USD,5882.225,-2.254601,-8.637872,-8.653504,-3.178284,-15.556336,-8.653504,-3.178284,2.702141,3.945148
2019-07-01,COPPER_USD,5941.195652,1.002523,-1.274681,-7.721946,0.035247,-4.952275,-7.721946,0.035247,3.084707,3.88559
2019-08-01,COPPER_USD,5709.440476,-3.900817,-2.937401,-5.125775,-9.380973,-5.645388,-5.125775,-9.380973,2.037472,2.994249
2019-09-01,COPPER_USD,5759.25,0.872406,-3.062442,-2.09062,-10.563212,-4.817781,-2.09062,-10.563212,2.281406,2.743849
2019-10-01,COPPER_USD,5757.297826,-0.033896,0.838214,-3.0953,-10.578228,-7.432795,-3.0953,-10.578228,2.06984,2.742033
2019-11-01,COPPER_USD,5859.952381,1.783034,1.748533,2.636194,-2.624707,-5.422408,2.636194,-2.624707,0.741759,2.007409
2019-12-01,COPPER_USD,6077.0625,3.704981,5.554076,5.518297,3.31231,0.028751,5.518297,3.31231,1.526591,2.306909
2020-01-01,COPPER_USD,6031.209091,-0.754532,2.922493,4.757636,1.515073,1.550854,4.757636,1.515073,1.826362,2.344801
2020-02-01,COPPER_USD,5687.75,-5.694697,-6.406261,-2.938631,-0.379905,-9.72524,-2.938631,-0.379905,3.839074,2.905877
2020-03-01,COPPER_USD,5182.631818,-8.880808,-14.06977,-14.718142,-10.012036,-19.517656,-14.718142,-10.012036,3.3432,4.330498
2020-04-01,COPPER_USD,5057.972,-2.405338,-11.072533,-16.136683,-12.146772,-21.440087,-16.136683,-12.146772,2.643712,4.273167
2020-05-01,COPPER_USD,5239.826316,3.5954,1.10358,-7.875235,-10.582442,-12.929391,-7.875235,-10.582442,5.09462,4.585464
2020-06-01,COPPER_USD,5754.595455,9.824164,13.772782,11.036162,-5.306298,-2.169749,11.036162,-5.306298,4.992963,6.109965
2020-07-01,COPPER_USD,6372.46087,10.736904,21.61588,25.988457,5.658099,7.258896,25.988457,5.658099,3.173356,7.452344
2020-08-01,COPPER_USD,6508.392857,2.133116,13.099051,24.210088,14.428251,13.993532,24.210088,14.428251,3.858763,6.787361
2020-09-01,COPPER_USD,6704.9,3.019288,5.216809,16.513838,29.372493,16.419673,16.513838,29.372493,3.863966,4.537635
2020-10-01,COPPER_USD,6713.811364,0.132908,3.156209,5.356651,32.737219,16.613932,5.356651,32.737219,1.207261,3.956775
2020-11-01,COPPER_USD,7068.907143,5.289034,5.428972,8.612177,34.90728,20.630795,8.612177,34.90728,2.109991,3.913314
2020-12-01,COPPER_USD,7772.238095,9.949642,15.764916,15.918777,35.061416,27.894655,15.918777,35.061416,4.009366,3.938283
2021-01-01,COPPER_USD,7972.1475,2.572096,12.777652,18.742501,25.103122,32.181581,18.742501,25.103122,3.046514,3.118868
2021-02-01,COPPER_USD,8470.94,6.256689,8.989713,19.833799,30.154098,48.933058,19.833799,30.154098,3.011871,3.119292
2021-03-01,COPPER_USD,8988.247826,6.106853,12.745629,15.645554,34.054912,73.430183,15.645554,34.054912,1.702716,3.080975
2021-04-01,COPPER_USD,9324.8175,3.744553,10.08008,16.967448,38.890073,84.35882,16.967448,38.890073,1.150543,2.320135
2021-05-01,COPPER_USD,10166.285,9.023957,13.106416,20.013658,43.816927,94.019503,20.013658,43.816927,2.159271,2.620529
2021-06-01,COPPER_USD,9631.5,-5.260378,3.288885,7.156591,23.921834,67.370584,7.156591,23.921834,5.897298,4.513438
2021-07-01,COPPER_USD,9450.820455,-1.875923,-7.03762,1.351265,18.547988,48.307234,1.351265,18.547988,6.094662,4.985135
2021-08-01,COPPER_USD,9370.138571,-0.853702,-2.713611,-7.831242,10.615098,43.970083,-7.831242,10.615098,1.883208,4.914572
2021-09-01,COPPER_USD,9324.709545,-0.484828,-1.334391,-3.185282,3.743352,39.073059,-3.185282,3.743352,0.588421,4.555864
2021-10-01,COPPER_USD,9829.219048,5.410458,4.899399,4.00387,5.409238,46.402967,4.00387,5.409238,2.869963,4.777376
2021-11-01,COPPER_USD,9728.904545,-1.020574,4.334666,3.828823,-4.302264,37.629542,3.828823,-4.302264,2.913562,3.154046
2021-12-01,COPPER_USD,9551.18,-1.826768,-2.828699,2.428713,-0.83393,22.888412,2.428713,-0.83393,3.238408,2.518728
2022-01-01,COPPER_USD,9782.3375,2.420198,0.549219,-0.476961,3.507812,22.706429,-0.476961,3.507812,1.841666,2.525169
2022-02-01,COPPER_USD,9943.175,1.644162,4.104153,2.202411,6.11556,17.37983,2.202411,6.11556,1.846508,2.454883
2022-03-01,COPPER_USD,10230.893913,2.893632,4.58537,7.116544,9.718098,13.825232,7.116544,9.718098,0.515056,2.431627
2022-04-01,COPPER_USD,10174.347619,-0.552701,2.324938,4.007326,3.511251,9.110421,4.007326,3.511251,1.42457,1.803147
2022-05-01,COPPER_USD,9395.027273,-7.659659,-8.170025,-5.512804,-3.431807,-7.586426,-5.512804,-3.431807,4.39391,3.597787
2022-06-01,COPPER_USD,9067.551818,-3.485625,-10.878297,-11.370874,-5.063544,-5.855248,-11.370874,-5.063544,2.916113,3.748657
2022-07-01,COPPER_USD,7544.809524,-16.793312,-19.693586,-25.844783,-22.873142,-20.167677,-25.844783,-22.873142,5.557185,6.69065
2022-08-01,COPPER_USD,7990.812174,5.911384,-11.874646,-14.946365,-19.635205,-14.720448,-14.946365,-19.635205,9.314872,7.437145
2022-09-01,COPPER_USD,7746.011364,-3.063529,2.666758,-14.574391,-24.28803,-16.930267,-14.574391,-24.28803,9.336662,6.926672
2022-10-01,COPPER_USD,7651.082857,-1.225515,-4.251499,1.408562,-24.800261,-22.159809,1.408562,-24.800261,3.871013,6.870743
2022-11-01,COPPER_USD,8049.861364,5.212053,3.922664,0.738964,-14.31785,-17.258296,0.738964,-14.31785,3.548174,7.494843
2022-12-01,COPPER_USD,8371.091364,3.990504,9.410544,8.069702,-7.680799,-12.355422,8.069702,-7.680799,2.79168,7.799567
2023-01-01,COPPER_USD,9007.346364,7.600622,11.894428,17.726426,19.384675,-7.922351,17.726426,19.384675,1.499274,3.875292
2023-02-01,COPPER_USD,8936.587,-0.785574,6.755339,11.015415,11.835778,-10.123406,11.015415,11.835778,3.434662,3.860845
2023-03-01,COPPER_USD,8856.31087,-0.898286,-1.676803,5.796371,14.333822,-13.43561,5.796371,14.333822,3.980123,3.454756
2023-04-01,COPPER_USD,8809.1575,-0.532427,-1.42593,-2.200302,15.136088,-13.417962,-2.200302,15.136088,0.152985,3.344241
2023-05-01,COPPER_USD,8243.156087,-6.425148,-6.923366,-7.75946,2.401218,-12.260435,-7.75946,2.401218,2.695763,4.382418
2023-06-01,COPPER_USD,8396.517727,1.860472,-4.684214,-5.191701,0.30374,-7.400389,-5.191701,0.30374,3.481724,4.165511
2023-07-01,COPPER_USD,8476.679048,0.954697,2.832931,-3.774237,-5.891495,12.351134,-3.774237,-5.891495,3.710856,2.636453
2023-08-01,COPPER_USD,8347.828261,-1.520062,-0.579877,1.269807,-6.588183,4.467832,1.269807,-6.588183,1.428786,2.642045
2023-09-01,COPPER_USD,8276.71381,-0.851892,-2.359004,-1.426829,-6.544453,6.8513,-1.426829,-6.544453,1.045341,2.642672
2023-10-01,COPPER_USD,7941.355909,-4.051824,-4.869199,-6.315246,-9.85113,3.793882,-6.315246,-9.85113,1.378237,2.83812
2023-11-01,COPPER_USD,8189.587727,3.125812,-1.052665,-1.895589,-0.649853,1.735761,-1.895589,-0.649853,2.935986,2.364961
2023-12-01,COPPER_USD,8407.900476,2.665736,5.874873,1.585009,0.135565,0.439717,1.585009,0.135565,3.28051,2.490801
2024-01-01,COPPER_USD,8351.339565,-0.672711,1.975091,5.16264,-1.478639,-7.28302,5.16264,-1.478639,1.692653,2.466413
2024-02-01,COPPER_USD,8304.950476,-0.555469,-1.224444,1.408651,-0.51364,-7.067984,1.408651,-0.51364,1.546865,2.406991
2024-03-01,COPPER_USD,8692.819048,4.67033,4.088919,3.388701,5.027421,-1.846049,3.388701,5.027421,2.491559,2.926656
2024-04-01,COPPER_USD,9445.593636,8.659729,13.734497,13.102737,18.941825,7.224711,13.102737,18.941825,3.773359,3.190569
2024-05-01,COPPER_USD,10117.163478,7.109874,16.385299,21.820877,23.536908,22.734101,21.820877,23.536908,1.64211,3.546117
2024-06-01,COPPER_USD,9648.167,-4.635652,2.144633,10.990082,14.751204,14.906766,10.990082,14.751204,5.936016,4.72922
2024-07-01,COPPER_USD,9385.313043,-2.724393,-7.233751,-0.638187,12.38093,10.719221,-0.638187,12.38093,5.145906,5.007158
2024-08-01,COPPER_USD,8981.117727,-4.306679,-6.913741,-11.228896,8.141737,7.586278,-11.228896,8.141737,0.834317,5.50733
2024-09-01,COPPER_USD,9259.128571,3.095504,-1.344489,-4.032252,6.514682,11.869623,-4.032252,6.514682,3.182716,5.384334
2024-10-01,COPPER_USD,9533.991304,2.968559,6.155955,1.584159,0.935861,20.054956,1.584159,0.935861,3.45989,4.397447
2024-11-01,COPPER_USD,9075.727143,-4.806635,-1.980763,1.053426,-10.293758,10.820318,1.053426,-10.293758,3.695546,3.437499
2024-12-01,COPPER_USD,8909.907727,-1.827065,-6.545879,-3.771638,-7.651809,5.970661,-3.771638,-7.651809,3.202941,3.193163
2025-01-01,COPPER_USD,8976.680435,0.749421,-1.091336,-5.845515,-4.353958,7.487911,-5.845515,-4.353958,2.270239,3.191316
2025-02-01,COPPER_USD,9330.975,3.946833,4.725832,2.812423,3.895476,12.354373,2.812423,3.895476,2.361723,3.112806
2025-03-01,COPPER_USD,9735.823333,4.338757,8.456833,9.269631,5.148376,11.998458,9.269631,5.148376,1.607634,3.301824
2025-04-01,COPPER_USD,9172.695909,-5.784076,-1.696276,2.183608,-3.78955,-2.889154,2.183608,-3.78955,4.682306,3.936034
2025-05-01,COPPER_USD,9531.200909,3.908393,-2.101748,2.14582,5.018593,-5.791767,2.14582,5.018593,4.673815,3.703474
2025-06-01,COPPER_USD,9835.068095,3.188131,7.221129,1.019377,10.383501,1.937167,1.019377,10.383501,4.409122,3.559359
2025-07-01,COPPER_USD,9770.580435,-0.655691,2.511536,6.518089,8.844027,4.105003,6.518089,8.844027,2.003458,3.660599
2025-08-01,COPPER_USD,9671.875714,-1.010224,-1.659291,1.47594,3.653431,7.691225,1.47594,3.653431,1.901077,3.571262
2025-09-01,COPPER_USD,9994.773182,3.33852,2.294569,1.623833,2.659763,7.945074,1.623833,2.659763,1.971772,3.415805
2025-10-01,COPPER_USD,10739.918261,7.455348,11.042765,9.920985,17.085733,12.64871,9.920985,17.085733,3.456487,2.879405
2025-11-01,COPPER_USD,10812.028,0.671418,8.176822,11.788326,13.438255,19.131259,11.788326,13.438255,2.790528,2.906339
2025-12-01,COPPER_USD,11790.964091,9.054139,9.786349,17.971302,19.886959,32.335423,17.971302,19.886959,3.633912,3.902225
2026-01-01,COPPER_USD,12986.606818,10.14033,20.11259,20.919047,32.915408,44.670482,20.919047,32.915408,4.230972,4.212822
2026-02-01,COPPER_USD,12951.345,-0.271524,9.841273,19.786454,33.907273,38.799482,19.786454,33.907273,4.673264,4.044518
2026-03-01,COPPER_USD,12528.709545,-3.263255,-3.525919,6.256871,25.352615,28.686698,6.256871,25.352615,5.744691,5.119571
2026-04-01,COPPER_USD,12890.687727,2.88919,-0.468347,-0.7386,20.025939,40.533251,-0.7386,20.025939,2.512041,4.877748
2026-05-01,COPPER_USD,13512.15619,4.821065,7.849545,4.330139,24.973374,41.767615,4.330139,24.973374,3.447075,4.762539
2026-06-01,COPPER_USD,13552.040909,0.295177,5.130472,8.167891,14.935817,37.793056,8.167891,14.935817,1.854266,4.274848
2026-07-01,COPPER_USD,13542.82087,-0.068034,0.226941,5.058948,4.282982,38.608151,5.058948,4.282982,2.224082,2.555188
2016-01-01,ALUMINIUM_USD,1481.1,,,,,,,,,
2016-02-01,ALUMINIUM_USD,1531.261905,3.386801,,,,,,,,
2016-03-01,ALUMINIUM_USD,1531.011905,-0.016326,3.369921,,,,,,,
2016-04-01,ALUMINIUM_USD,1571.22619,2.626647,2.609892,6.085085,,,6.085085,,,
2016-05-01,ALUMINIUM_USD,1550.625,-1.311154,1.281054,1.264519,,,1.264519,,,
2016-06-01,ALUMINIUM_USD,1593.506818,2.765454,1.418041,4.081935,,,4.081935,,,
2016-07-01,ALUMINIUM_USD,1629.047619,2.230351,5.057485,3.680019,9.989036,,3.680019,9.989036,,
2016-08-01,ALUMINIUM_USD,1639.284091,0.628372,2.872738,5.717636,7.054455,,5.717636,7.054455,,
2016-09-01,ALUMINIUM_USD,1592.363636,-2.862253,-2.251867,-0.07174,4.007267,,-0.07174,4.007267,,
2016-10-01,ALUMINIUM_USD,1665.904762,4.618363,1.623921,2.262496,6.025776,,2.262496,6.025776,,
2016-11-01,ALUMINIUM_USD,1737.113636,4.274487,9.09026,5.967821,12.026675,,5.967821,12.026675,,
2016-12-01,ALUMINIUM_USD,1727.7375,-0.539754,3.711661,8.501442,8.423603,,8.501442,8.423603,,
2017-01-01,ALUMINIUM_USD,1791.238095,3.675361,3.11577,7.523439,9.956153,20.939713,7.523439,9.956153,,
2017-02-01,ALUMINIUM_USD,1860.75,3.880662,7.698652,7.117345,13.509916,21.517423,7.117345,13.509916,,
2017-03-01,ALUMINIUM_USD,1901.467391,2.188225,6.153805,10.055341,19.411631,24.196774,10.055341,19.411631,,
2017-04-01,ALUMINIUM_USD,1921.222222,1.038926,3.249884,7.256664,15.326054,22.275344,7.256664,15.326054,,
2017-05-01,ALUMINIUM_USD,1913.02381,-0.426729,0.607763,2.809287,10.126578,23.371145,2.809287,10.126578,,
2017-06-01,ALUMINIUM_USD,1885.286364,-1.449927,-1.870469,-0.850976,9.118796,18.31053,-0.850976,9.118796,,
2017-07-01,ALUMINIUM_USD,1902.964286,0.937678,-0.525844,-0.950329,6.237372,16.814528,-0.950329,6.237372,,
2017-08-01,ALUMINIUM_USD,2030.011364,6.676272,7.676553,6.115321,9.096405,23.835238,6.115321,9.096405,,
2017-09-01,ALUMINIUM_USD,2096.488095,3.274698,10.169598,11.202634,10.256326,31.658878,11.202634,10.256326,,
2017-10-01,ALUMINIUM_USD,2131.488636,1.669484,4.998852,12.008862,10.944409,27.947809,12.008862,10.944409,,
2017-11-01,ALUMINIUM_USD,2097.440909,-1.597368,0.045448,3.321634,9.640084,20.742873,3.321634,9.640084,,
2017-12-01,ALUMINIUM_USD,2080.473684,-0.808949,-2.393395,-0.763868,10.353192,20.416075,-0.763868,10.353192,,
2018-01-01,ALUMINIUM_USD,2209.727273,6.2127,5.353494,3.67061,16.12027,23.363124,3.67061,16.12027,,
2018-02-01,ALUMINIUM_USD,2181.7875,-1.264399,4.869748,4.021405,7.476615,17.253124,4.021405,7.476615,,
2018-03-01,ALUMINIUM_USD,2069.238095,-5.158587,-6.357761,-0.54005,-1.299793,8.823223,-0.54005,-1.299793,,
2018-04-01,ALUMINIUM_USD,2254.6875,8.962207,3.341297,2.034651,5.779945,17.356934,2.034651,5.779945,,
2018-05-01,ALUMINIUM_USD,2299.666667,1.994918,11.135914,5.402871,9.641547,20.211084,5.402871,9.641547,,
2018-06-01,ALUMINIUM_USD,2237.619048,-2.698114,-0.757021,8.137341,7.553345,18.68855,8.137341,7.553345,,
2018-07-01,ALUMINIUM_USD,2082.238636,-6.944006,-9.454763,-7.64846,-5.769429,9.420794,-7.64846,-5.769429,,
2018-08-01,ALUMINIUM_USD,2051.511364,-1.475684,-8.317219,-10.790925,-5.971074,1.059107,-10.790925,-5.971074,,
2018-09-01,ALUMINIUM_USD,2026.4625,-1.220996,-2.678662,-9.436662,-2.067215,-3.340138,-9.436662,-2.067215,,
2018-10-01,ALUMINIUM_USD,2029.858696,0.167592,-1.05545,-2.515559,-9.971617,-4.768026,-2.515559,-9.971617,,
2018-11-01,ALUMINIUM_USD,1938.511364,-4.500182,-4.340131,-5.508134,-15.704681,-7.577307,-5.508134,-15.704681,,
2018-12-01,ALUMINIUM_USD,1920.381579,-0.935243,-5.393337,-5.234783,-14.177457,-7.694983,-5.234783,-14.177457,,
2019-01-01,ALUMINIUM_USD,1853.715909,-3.47148,-4.374256,-8.677589,-10.974858,-16.1111,-8.677589,-10.974858,,
2019-02-01,ALUMINIUM_USD,1862.9875,0.500162,-2.988681,-3.895972,-9.189511,-14.611872,-3.895972,-9.189511,,
2019-03-01,ALUMINIUM_USD,1871.214286,0.441591,0.943962,-2.560288,-7.661046,-9.56989,-2.560288,-7.661046,,
2019-04-01,ALUMINIUM_USD,1845.425,-1.378211,-0.942706,-0.447259,-9.086036,-18.151629,-0.447259,-9.086036,,
2019-05-01,ALUMINIUM_USD,1781.261905,-3.476874,-4.807166,-4.386803,-8.111867,-22.542605,-4.386803,-8.111867,,
2019-06-01,ALUMINIUM_USD,1755.95,-1.42101,-4.848477,-6.159866,-8.562443,-21.525963,-6.159866,-8.562443,,
2019-07-01,ALUMINIUM_USD,1796.98913,2.337147,0.882926,-2.624646,-3.060166,-13.699175,-2.624646,-3.060166,,
2019-08-01,ALUMINIUM_USD,1740.678571,-3.133606,-0.869696,-2.278347,-6.565204,-15.151405,-2.278347,-6.565204,,
2019-09-01,ALUMINIUM_USD,1753.511905,0.73726,-2.419448,-0.138848,-6.29016,-13.469314,-0.138848,-6.29016,,
2019-10-01,ALUMINIUM_USD,1725.956522,-1.57144,-0.845765,-3.952868,-6.473765,-14.971593,-3.952868,-6.473765,,
2019-11-01,ALUMINIUM_USD,1774.785714,2.829109,1.213212,1.959416,-0.363573,-8.445947,1.959416,-0.363573,,
2019-12-01,ALUMINIUM_USD,1771.38,-0.191894,2.631786,1.018989,0.878727,-7.758957,1.018989,0.878727,,
2020-01-01,ALUMINIUM_USD,1773.090909,0.096586,-0.095494,2.730914,-1.329904,-4.349372,2.730914,-1.329904,,
2020-02-01,ALUMINIUM_USD,1688.095,-4.793658,-4.701701,-4.884574,-3.020866,-9.387744,-4.884574,-3.020866,,
2020-03-01,ALUMINIUM_USD,1610.890909,-4.573445,-9.147867,-9.060116,-8.133449,-13.912002,-9.060116,-8.133449,,
2020-04-01,ALUMINIUM_USD,1459.9345,-9.370989,-13.515857,-17.66161,-15.41302,-20.888982,-17.66161,-15.41302,,
2020-05-01,ALUMINIUM_USD,1466.371579,0.440916,-8.971392,-13.134535,-17.377542,-17.677935,-13.134535,-17.377542,,
2020-06-01,ALUMINIUM_USD,1568.570455,6.969507,7.441153,-2.627146,-11.44924,-10.671121,-2.627146,-11.44924,,
2020-07-01,ALUMINIUM_USD,1643.812174,4.796834,12.100657,12.594926,-7.291151,-8.524089,12.594926,-7.291151,,
2020-08-01,ALUMINIUM_USD,1738.555238,5.763619,10.836924,18.561711,2.989182,-0.121983,18.561711,2.989182,,
2020-09-01,ALUMINIUM_USD,1743.774545,0.300209,6.081131,11.169667,8.249077,-0.555306,11.169667,8.249077,,
2020-10-01,ALUMINIUM_USD,1806.101818,3.574274,3.885213,9.872761,23.711154,4.643529,9.872761,23.711154,,
2020-11-01,ALUMINIUM_USD,1935.283333,7.152505,10.982428,11.315608,31.97769,9.043211,11.315608,31.97769,,
2020-12-01,ALUMINIUM_USD,2014.671905,4.102168,11.54808,15.535114,28.440001,13.734597,15.535114,28.440001,,
2021-01-01,ALUMINIUM_USD,2003.9755,-0.530925,3.549463,10.955843,21.910248,13.021588,10.955843,21.910248,,
2021-02-01,ALUMINIUM_USD,2078.5935,3.723499,3.172804,7.405126,19.558669,23.132496,7.405126,19.558669,,
2021-03-01,ALUMINIUM_USD,2190.482609,5.382924,9.306856,8.726518,25.617306,35.979575,8.726518,25.617306,,
2021-04-01,ALUMINIUM_USD,2319.3925,5.885,11.584709,15.739564,28.419809,58.869627,15.739564,28.419809,,
2021-05-01,ALUMINIUM_USD,2434.7765,4.974751,11.152515,17.13577,25.809821,66.040895,17.13577,25.809821,,
2021-06-01,ALUMINIUM_USD,2446.645455,0.487476,5.486478,11.694357,21.441385,55.979315,11.694357,21.441385,,
2021-07-01,ALUMINIUM_USD,2497.635455,2.084078,2.581714,7.684898,24.634031,51.941657,7.684898,24.634031,,
2021-08-01,ALUMINIUM_USD,2602.991905,4.218248,6.390237,6.908864,25.228521,49.721553,6.908864,25.228521,,
2021-09-01,ALUMINIUM_USD,2834.556818,8.896106,13.489613,15.854825,29.403302,62.552942,15.854825,29.403302,,
2021-10-01,ALUMINIUM_USD,2934.39381,3.522138,12.731576,17.486874,26.51562,62.471118,17.486874,26.51562,,
2021-11-01,ALUMINIUM_USD,2636.452273,-10.153427,-6.988907,1.285458,8.283133,36.230816,1.285458,8.283133,,
2021-12-01,ALUMINIUM_USD,2695.531429,2.240858,-8.140093,-4.904661,10.172539,33.795057,-4.904661,10.172539,,
2022-01-01,ALUMINIUM_USD,3005.9805,11.517175,14.016117,2.439573,20.353052,50.000861,2.439573,20.353052,,
2022-02-01,ALUMINIUM_USD,3245.7855,7.977597,20.413565,23.111863,24.694414,56.152971,23.111863,24.694414,,
2022-03-01,ALUMINIUM_USD,3498.373043,7.782016,16.38043,29.784168,23.418695,59.707867,29.784168,23.418695,,
2022-04-01,ALUMINIUM_USD,3246.990476,-7.185699,0.037124,8.017683,10.652853,39.993144,8.017683,10.652853,,
2022-05-01,ALUMINIUM_USD,2839.505455,-12.549622,-18.833543,-12.517156,7.701758,16.622838,-12.517156,7.701758,,
2022-06-01,ALUMINIUM_USD,2575.669545,-9.291615,-20.675174,-26.375217,-4.446688,5.27351,-26.375217,-4.446688,,
2022-07-01,ALUMINIUM_USD,2408.423333,-6.49331,-15.181592,-25.825981,-19.878944,-3.571863,-25.825981,-19.878944,,
2022-08-01,ALUMINIUM_USD,2433.916087,1.058483,-5.503558,-14.283803,-25.013033,-6.495442,-14.283803,-25.013033,,
2022-09-01,ALUMINIUM_USD,2224.755909,-8.593566,-7.626044,-13.624172,-36.405984,-21.513095,-13.624172,-36.405984,,
2022-10-01,ALUMINIUM_USD,2255.535238,1.383492,-7.328965,-6.348057,-30.53459,-23.134542,-6.348057,-30.53459,,
2022-11-01,ALUMINIUM_USD,2350.716364,4.219891,5.661765,-3.418348,-17.213881,-10.837894,-3.418348,-17.213881,,
2022-12-01,ALUMINIUM_USD,2398.206818,2.020255,6.325398,7.796402,-6.889965,-11.030278,7.796402,-6.889965,,
2023-01-01,ALUMINIUM_USD,2494.900909,4.031933,6.133643,10.612367,3.59063,-17.002093,10.612367,3.59063,,
2023-02-01,ALUMINIUM_USD,2416.1815,-3.155212,0.749505,2.784902,-0.728644,-25.559422,2.784902,-0.728644,,
2023-03-01,ALUMINIUM_USD,2296.416957,-4.956769,-7.955585,-4.244415,3.221075,-34.357573,-4.244415,3.221075,,
2023-04-01,ALUMINIUM_USD,2338.131,1.816484,-3.230324,-6.283613,3.661914,-27.990827,-6.283613,3.661914,,
2023-05-01,ALUMINIUM_USD,2274.012609,-2.742293,-0.975622,-5.884032,-3.262995,-19.915188,-5.884032,-3.262995,,
2023-06-01,ALUMINIUM_USD,2184.753636,-3.925175,-6.559828,-4.862502,-8.900533,-15.177254,-4.862502,-8.900533,,
2023-07-01,ALUMINIUM_USD,2159.732381,-1.145267,-5.025488,-7.629967,-13.434142,-10.325882,-7.629967,-13.434142,,
2023-08-01,ALUMINIUM_USD,2135.581739,-1.118224,-2.250684,-6.087515,-11.613356,-12.25738,-6.087515,-11.613356,,
2023-09-01,ALUMINIUM_USD,2184.67381,2.298768,1.154839,-0.003654,-4.865978,-1.80164,-0.003654,-4.865978,,
2023-10-01,ALUMINIUM_USD,2194.390909,0.444785,2.753778,1.60476,-6.147649,-2.710857,1.60476,-6.147649,,
2023-11-01,ALUMINIUM_USD,2202.255455,0.358393,0.804772,3.12204,-3.15553,-6.31556,3.12204,-3.15553,,
2023-12-01,ALUMINIUM_USD,2192.005238,-0.465442,-0.108717,0.335585,0.331919,-8.598157,0.335585,0.331919,,
2024-01-01,ALUMINIUM_USD,2201.566522,0.436189,-0.031283,0.326998,1.937006,-11.757356,0.326998,1.937006,,
2024-02-01,ALUMINIUM_USD,2179.457143,-1.004257,-0.572448,-1.035226,2.054494,-9.797458,-1.035226,2.054494,,
2024-03-01,ALUMINIUM_USD,2229.441905,2.29345,1.266161,1.707873,2.049189,-2.916502,1.707873,2.049189,,
2024-04-01,ALUMINIUM_USD,2499.228182,12.101068,14.67205,13.520448,13.891658,6.889998,13.520448,13.891658,,
2024-05-01,ALUMINIUM_USD,2566.318696,2.684449,15.110364,17.750363,16.531381,12.854198,17.750363,16.531381,,
2024-06-01,ALUMINIUM_USD,2497.6055,-2.6775,-0.064927,12.028284,13.941584,14.319778,12.028284,13.941584,,
2024-07-01,ALUMINIUM_USD,2349.125217,-5.944905,-8.463231,-6.005973,6.702441,8.769273,-6.005973,6.702441,,
2024-08-01,ALUMINIUM_USD,2352.467273,0.142268,-5.811095,-8.333003,7.938221,10.155806,-8.333003,7.938221,,
2024-09-01,ALUMINIUM_USD,2457.478095,4.463859,4.612478,-1.606635,10.228398,12.487186,-1.606635,10.228398,,
2024-10-01,ALUMINIUM_USD,2595.583043,5.619783,10.334502,10.491472,3.855385,18.282619,10.491472,3.855385,,
2024-11-01,ALUMINIUM_USD,2582.188571,-0.516049,5.074734,9.765122,0.618391,17.252,9.765122,0.618391,,
2024-12-01,ALUMINIUM_USD,2540.882273,-1.599662,-2.107456,3.393893,1.732731,15.915885,3.393893,1.732731,,
2025-01-01,ALUMINIUM_USD,2571.370435,1.199905,-0.418952,-0.932839,9.460765,16.797308,-0.932839,9.460765,,
2025-02-01,ALUMINIUM_USD,2655.7725,3.282377,4.521667,2.849673,12.893069,21.854771,2.849673,12.893069,,
2025-03-01,ALUMINIUM_USD,2651.598571,-0.157164,3.120054,4.357396,7.899174,18.935531,4.357396,7.899174,,
2025-04-01,ALUMINIUM_USD,2367.800455,-10.702907,-10.84325,-7.916789,-8.775777,-5.258733,-7.916789,-8.775777,,
2025-05-01,ALUMINIUM_USD,2447.344091,3.359389,-7.703069,-7.848127,-5.2221,-4.636003,-7.848127,-5.2221,,
2025-06-01,ALUMINIUM_USD,2525.959048,3.212256,6.679558,-4.738256,-0.587325,1.135229,-4.738256,-0.587325,,
2025-07-01,ALUMINIUM_USD,2606.37087,3.183417,6.497933,10.075613,1.361159,10.9507,10.075613,1.361159,,
2025-08-01,ALUMINIUM_USD,2598.735714,-0.292942,2.88115,6.185956,-2.147653,10.468517,6.185956,-2.147653,,
2025-09-01,ALUMINIUM_USD,2654.479091,2.145019,1.845793,5.08797,0.108633,8.016389,5.08797,0.108633,,
2025-10-01,ALUMINIUM_USD,2793.086957,5.22166,7.478684,7.163834,17.961248,7.609231,7.163834,17.961248,,
2025-11-01,ALUMINIUM_USD,2819.0615,0.929958,6.200177,8.478191,15.188604,9.17334,8.478191,15.188604,,
2025-12-01,ALUMINIUM_USD,2875.897727,2.01614,2.964848,8.341322,13.853696,13.185005,8.341322,13.853696,,
2026-01-01,ALUMINIUM_USD,3133.982727,8.974067,11.171137,12.204982,20.243161,21.879862,12.204982,20.243161,,
2026-02-01,ALUMINIUM_USD,3065.1885,-2.195106,6.581972,8.730813,17.94922,15.41608,8.730813,17.94922,,
2026-03-01,ALUMINIUM_USD,3372.952727,10.04063,7.625122,17.283473,27.066464,27.204501,17.283473,27.066464,,
2026-04-01,ALUMINIUM_USD,3594.379091,6.564763,17.264537,14.690456,28.688406,51.80245,14.690456,28.688406,,
2026-05-01,ALUMINIUM_USD,3658.221429,1.776172,8.457536,19.347356,29.767351,49.4772,19.347356,29.767351,,
2026-06-01,ALUMINIUM_USD,3438.847273,-5.996744,-4.327084,1.953616,19.574741,36.140262,1.953616,19.574741,,
2026-07-01,ALUMINIUM_USD,3158.265,-8.159196,-13.666653,-12.133225,0.774806,21.174812,-12.133225,0.774806,,
2016-01-01,USD_ILS,3.948571,,,,,,,,,
2016-02-01,USD_ILS,3.908048,-1.02629,,,,,,,,
2016-03-01,USD_ILS,3.865391,-1.091499,-2.106588,,,,,,,
2016-04-01,USD_ILS,3.777571,-2.271953,-3.338654,-4.33068,,,-4.33068,,,
2016-05-01,USD_ILS,3.814091,0.966745,-1.327172,-2.404185,,,-2.404185,,,
2016-06-01,USD_ILS,3.856636,1.115481,2.09301,-0.226496,,,-0.226496,,,
2016-07-01,USD_ILS,3.857429,0.020541,1.136251,2.113981,-2.308249,,2.113981,-2.308249,,
2016-08-01,USD_ILS,3.795391,-1.608254,-1.588043,-0.490277,-2.882675,,-0.490277,-2.882675,,
2016-09-01,USD_ILS,3.765727,-0.78158,-2.377265,-2.357212,-2.578368,,-2.357212,-2.578368,,
2016-10-01,USD_ILS,3.813667,1.273045,0.481515,-1.134484,0.955514,,-1.134484,0.955514,,
2016-11-01,USD_ILS,3.842864,0.765588,2.048379,1.250789,0.75438,,1.250789,0.75438,,
2016-12-01,USD_ILS,3.828273,-0.379688,0.382993,1.660913,-0.73545,,1.660913,-0.73545,,
2017-01-01,USD_ILS,3.819409,-0.231531,-0.61034,0.150575,-0.985617,-3.271116,0.150575,-0.985617,,
2017-02-01,USD_ILS,3.72905,-2.365787,-2.591841,-2.961688,-1.747944,-4.580231,-2.961688,-1.747944,,
2017-03-01,USD_ILS,3.650565,-2.104686,-4.420681,-4.641976,-3.058162,-5.55768,-4.641976,-3.058162,,
2017-04-01,USD_ILS,3.64935,-0.033288,-2.137274,-4.452497,-4.308627,-3.394282,-4.452497,-4.308627,,
2017-05-01,USD_ILS,3.596696,-1.442842,-1.47565,-3.549278,-6.405848,-5.699792,-3.549278,-6.405848,,
2017-06-01,USD_ILS,3.531864,-1.802544,-3.219378,-3.251595,-7.742633,-8.421139,-3.251595,-7.742633,,
2017-07-01,USD_ILS,3.550905,0.539124,-1.273138,-2.69761,-7.029997,-7.946325,-2.69761,-7.029997,,
2017-08-01,USD_ILS,3.599261,1.361797,1.908263,0.071322,-3.480488,-5.167595,0.071322,-3.480488,,
2017-09-01,USD_ILS,3.533762,-1.819789,-0.482774,0.053747,-3.199595,-6.159909,0.053747,-3.199595,,
2017-10-01,USD_ILS,3.512545,-0.600393,-2.409256,-1.080269,-3.748737,-7.895845,-1.080269,-3.748737,,
2017-11-01,USD_ILS,3.517227,0.133288,-0.467905,-2.279179,-2.209483,-8.473794,-2.279179,-2.209483,,
2017-12-01,USD_ILS,3.502571,-0.416687,-0.283954,-0.882642,-0.82937,-8.507787,-0.882642,-0.82937,,
2018-01-01,USD_ILS,3.42513,-2.210975,-2.61845,-2.488652,-3.542036,-10.323028,-2.488652,-3.542036,,
2018-02-01,USD_ILS,3.4944,2.022392,-0.233298,-0.649013,-2.9134,-6.292487,-0.649013,-2.9134,,
2018-03-01,USD_ILS,3.472364,-0.630619,1.379019,-0.862446,-1.737476,-4.881479,-0.862446,-1.737476,,
2018-04-01,USD_ILS,3.536381,1.843624,1.201378,3.248067,0.678582,-3.095594,3.248067,0.678582,,
2018-05-01,USD_ILS,3.590043,1.517442,3.389041,2.73705,2.070273,-0.184952,2.73705,2.070273,,
2018-06-01,USD_ILS,3.604524,0.403347,1.926909,3.806058,2.910787,2.057276,3.806058,2.910787,,
2018-07-01,USD_ILS,3.645318,1.131755,1.539667,3.080472,6.428595,2.658855,3.080472,6.428595,,
2018-08-01,USD_ILS,3.666435,0.57928,1.717591,2.127866,4.923157,1.866325,2.127866,4.923157,,
2018-09-01,USD_ILS,3.58945,-2.099718,-1.532601,-0.418191,3.37195,1.575887,-0.418191,3.37195,,
2018-10-01,USD_ILS,3.656783,1.875848,-0.263258,0.314497,3.404657,4.106343,0.314497,3.404657,,
2018-11-01,USD_ILS,3.705455,1.331004,3.23182,1.064243,3.214754,5.351581,1.064243,3.214754,,
2018-12-01,USD_ILS,3.753905,1.307538,2.655946,4.581615,4.144263,7.17568,4.581615,4.144263,,
2019-01-01,USD_ILS,3.689696,-1.710462,-0.425289,0.900055,1.217383,7.724238,0.900055,1.217383,,
2019-02-01,USD_ILS,3.6263,-1.718181,-3.399254,-2.136163,-1.094654,3.774611,-2.136163,-1.094654,,
2019-03-01,USD_ILS,3.617619,-0.239389,-1.953457,-3.630505,0.784773,4.183185,-3.630505,0.784773,,
2019-04-01,USD_ILS,3.594955,-0.626503,-0.864392,-2.567721,-1.690778,1.656315,-2.567721,-1.690778,,
2019-05-01,USD_ILS,3.593348,-0.044694,-0.670917,-0.9087,-3.025451,0.092042,-0.9087,-3.025451,,
2019-06-01,USD_ILS,3.5973,0.109986,0.065243,-0.561669,-4.171783,-0.20041,-0.561669,-4.171783,,
2019-07-01,USD_ILS,3.544652,-1.463537,-1.355161,-1.399249,-3.931042,-2.761515,-1.399249,-3.931042,,
2019-08-01,USD_ILS,3.511227,-0.942967,-2.392704,-2.285349,-3.173282,-4.2332,-2.285349,-3.173282,,
2019-09-01,USD_ILS,3.522714,0.327151,-0.618901,-2.07338,-2.623404,-1.859218,-2.07338,-2.623404,,
2019-10-01,USD_ILS,3.515522,-0.204176,0.122307,-0.821814,-2.209564,-3.862982,-0.821814,-2.209564,,
2019-11-01,USD_ILS,3.482619,-0.935926,-1.138192,-0.814764,-3.081493,-6.013716,-0.814764,-3.081493,,
2019-12-01,USD_ILS,3.475,-0.218774,-1.152652,-1.354475,-3.399772,-7.429724,-1.354475,-3.399772,,
2020-01-01,USD_ILS,3.46,-0.431655,-0.649484,-1.579331,-2.388166,-6.225328,-1.579331,-2.388166,,
2020-02-01,USD_ILS,3.43365,-0.761561,-1.189928,-1.406098,-2.209406,-5.312578,-1.406098,-2.209406,,
2020-03-01,USD_ILS,3.601045,4.875146,4.076458,3.627207,2.223603,-0.458135,3.627207,2.223603,,
2020-04-01,USD_ILS,3.571773,-0.812895,4.022621,3.230426,1.600075,-0.644843,3.230426,1.600075,,
2020-05-01,USD_ILS,3.517238,-1.526823,-2.327306,2.43438,0.994052,-2.118073,2.43438,0.994052,,
2020-06-01,USD_ILS,3.458318,-1.675176,-3.176421,-3.963495,-0.480052,-3.863504,-3.963495,-0.480052,,
2020-07-01,USD_ILS,3.43213,-0.757239,-2.41973,-3.909607,-0.805479,-3.174408,-3.909607,-0.805479,,
2020-08-01,USD_ILS,3.400905,-0.909804,-1.660154,-3.307519,-0.953657,-3.141993,-3.307519,-0.953657,,
2020-09-01,USD_ILS,3.419955,0.560139,-0.354762,-1.109315,-5.028843,-2.917061,-1.109315,-5.028843,,
2020-10-01,USD_ILS,3.395045,-0.728346,-0.172287,-1.080524,-4.947887,-3.426982,-1.080524,-4.947887,,
2020-11-01,USD_ILS,3.359381,-1.050487,-1.771181,-1.220964,-4.488099,-3.538661,-1.220964,-4.488099,,
2020-12-01,USD_ILS,3.246217,-3.368584,-4.383684,-5.080101,-6.133062,-6.583672,-5.080101,-6.133062,,
2021-01-01,USD_ILS,3.221762,-0.753353,-4.09656,-5.104013,-6.129386,-6.885494,-5.104013,-6.129386,,
2021-02-01,USD_ILS,3.27025,1.505018,0.740327,-2.653196,-3.841765,-4.758784,-2.653196,-3.841765,,
2021-03-01,USD_ILS,3.31087,1.242094,2.765805,1.991616,-3.189662,-8.058101,1.991616,-3.189662,,
2021-04-01,USD_ILS,3.278591,-0.97493,0.255054,1.763911,-3.430132,-8.2083,1.763911,-3.430132,,
2021-05-01,USD_ILS,3.26281,-0.481347,-1.451584,-0.22752,-2.874679,-7.23376,-0.22752,-2.874679,,
2021-06-01,USD_ILS,3.251727,-0.339654,-0.819365,-1.786307,0.169732,-5.973739,-1.786307,0.169732,,
2021-07-01,USD_ILS,3.270636,0.581509,0.23988,-0.242621,1.51701,-4.705359,-0.242621,1.51701,,
2021-08-01,USD_ILS,3.223682,-1.435639,-0.862479,-1.199203,-1.423995,-5.211053,-1.199203,-1.423995,,
2021-09-01,USD_ILS,3.207455,-0.503377,-1.93179,-1.361514,-3.1235,-6.213533,-1.361514,-3.1235,,
2021-10-01,USD_ILS,3.215524,0.251578,-0.253065,-1.685071,-1.923604,-5.287754,-1.685071,-1.923604,,
2021-11-01,USD_ILS,3.1205,-2.955158,-2.711014,-3.200744,-4.361564,-7.110862,-3.200744,-4.361564,,
2021-12-01,USD_ILS,3.132,0.368531,-2.597518,-2.352474,-3.681959,-3.518476,-2.352474,-3.681959,,
2022-01-01,USD_ILS,3.134333,0.0745,0.443305,-2.524953,-4.167477,-2.713688,-2.524953,-4.167477,,
2022-02-01,USD_ILS,3.21385,2.536956,2.613346,2.991508,-0.304987,-1.724639,2.991508,-0.304987,,
2022-03-01,USD_ILS,3.245,0.969242,3.530788,3.607918,1.170569,-1.989494,3.607918,1.170569,,
2022-04-01,USD_ILS,3.236905,-0.249468,0.717357,3.272512,0.664929,-1.271465,3.272512,0.664929,,
2022-05-01,USD_ILS,3.380818,4.44602,4.18546,5.19527,8.342195,3.61678,5.19527,8.342195,,
2022-06-01,USD_ILS,3.410682,0.883326,5.368618,5.105757,8.897887,4.888311,5.105757,8.897887,,
2022-07-01,USD_ILS,3.465524,1.607948,2.505477,7.062891,10.566537,5.958701,7.062891,10.566537,,
2022-08-01,USD_ILS,3.298826,-4.810174,-3.279571,-2.425215,2.644059,2.331008,-2.425215,2.644059,,
2022-09-01,USD_ILS,3.446455,4.475182,-0.550256,1.048844,6.208152,7.451392,1.048844,6.208152,,
2022-10-01,USD_ILS,3.550143,3.00855,7.61837,2.441739,9.677087,10.406362,2.441739,9.677087,,
2022-11-01,USD_ILS,3.481864,-1.923281,1.027406,5.548566,2.988787,11.580312,5.548566,2.988787,,
2022-12-01,USD_ILS,3.453455,-0.815916,-2.723505,0.203107,1.254081,10.263555,0.203107,1.254081,,
2023-01-01,USD_ILS,3.448636,-0.139518,-0.954296,-2.859223,-0.487299,10.027747,-2.859223,-0.487299,,
2023-02-01,USD_ILS,3.54315,2.740609,2.597268,1.76016,7.40639,10.246278,1.76016,7.40639,,
2023-03-01,USD_ILS,3.617261,2.091666,4.889599,4.74326,4.956001,11.47183,4.74326,4.956001,,
2023-04-01,USD_ILS,3.6228,0.153131,2.248,5.050217,2.046598,11.921736,5.050217,2.046598,,
2023-05-01,USD_ILS,3.666174,1.197248,1.352212,3.472162,5.293438,8.440434,3.472162,5.293438,,
2023-06-01,USD_ILS,3.644636,-0.587467,0.602748,0.756802,5.535959,6.859466,0.756802,5.535959,,
2023-07-01,USD_ILS,3.670333,0.705063,0.113454,1.312061,6.42854,5.909915,1.312061,6.42854,,
2023-08-01,USD_ILS,3.74587,2.058021,2.777594,2.17381,5.72145,13.551593,2.17381,5.72145,,
2023-09-01,USD_ILS,3.820238,1.985348,4.084227,4.818086,5.611352,10.845451,4.818086,5.611352,,
2023-10-01,USD_ILS,3.978273,4.136774,6.204251,8.389957,9.812099,12.059511,8.389957,9.812099,,
2023-11-01,USD_ILS,3.805773,-4.336053,-0.378651,1.599179,3.807752,9.302751,1.599179,3.807752,,
2023-12-01,USD_ILS,3.66619,-3.667645,-7.844667,-4.032409,0.591393,6.160091,-4.032409,0.591393,,
2024-01-01,USD_ILS,3.709565,1.183101,-2.527936,-6.754376,1.068892,7.566146,-6.754376,1.068892,,
2024-02-01,USD_ILS,3.646,-1.713549,-0.550721,-4.198168,-2.666125,2.902784,-4.198168,-2.666125,,
2024-03-01,USD_ILS,3.630095,-0.436225,-2.142299,-0.984543,-4.977251,0.354809,-0.984543,-4.977251,,
2024-04-01,USD_ILS,3.750318,3.31184,2.861168,1.098591,-5.729988,3.519879,1.098591,-5.729988,,
2024-05-01,USD_ILS,3.706696,-1.163169,2.110149,1.664719,-2.603337,1.105287,1.664719,-2.603337,,
2024-06-01,USD_ILS,3.72465,0.484376,-0.684427,2.604746,1.594558,2.195381,2.604746,1.594558,,
2024-07-01,USD_ILS,3.681435,-1.160249,-0.681493,-1.836735,-0.758322,0.302464,-1.836735,-0.758322,,
2024-08-01,USD_ILS,3.7335,1.414264,0.237606,0.723133,2.39989,-0.330219,0.723133,2.39989,,
2024-09-01,USD_ILS,3.73281,-0.018494,1.395509,0.219068,2.82952,-2.288563,0.219068,2.82952,,
2024-10-01,USD_ILS,3.750826,0.482654,0.464071,1.884898,0.013543,-5.717221,1.884898,0.013543,,
2024-11-01,USD_ILS,3.71881,-0.853587,-0.375053,-0.393477,0.326811,-2.285034,-0.393477,0.326811,,
2024-12-01,USD_ILS,3.619727,-2.664354,-3.495198,-3.029414,-2.816982,-1.267343,-3.029414,-2.816982,,
2025-01-01,USD_ILS,3.616652,-0.084954,-2.747044,-3.577183,-1.759711,-2.504688,-3.577183,-1.759711,,
2025-02-01,USD_ILS,3.5678,-1.350757,-1.434563,-4.060695,-4.438195,-2.144816,-4.060695,-4.438195,,
2025-03-01,USD_ILS,3.655048,2.445418,1.061629,0.975774,-2.0832,0.687375,0.975774,-2.0832,,
2025-04-01,USD_ILS,3.697182,1.152767,3.626375,2.226635,-1.430199,-1.416849,2.226635,-1.430199,,
2025-05-01,USD_ILS,3.567909,-3.496521,-2.38406,0.003058,-4.057762,-3.744212,0.003058,-4.057762,,
2025-06-01,USD_ILS,3.484286,-2.343764,-5.758335,-4.671947,-3.741761,-6.453339,-4.671947,-3.741761,,
2025-07-01,USD_ILS,3.352174,-3.791647,-6.046544,-9.331646,-7.312792,-8.943819,-9.331646,-7.312792,,
2025-08-01,USD_ILS,3.395762,1.30029,-2.540659,-4.824876,-4.821966,-9.046152,-4.824876,-4.821966,,
2025-09-01,USD_ILS,3.342227,-1.576513,-0.296722,-4.077118,-8.558585,-10.463493,-4.077118,-8.558585,,
2025-10-01,USD_ILS,3.282957,-1.773391,-3.321946,-2.064851,-11.203812,-12.473774,-2.064851,-11.203812,,
2025-11-01,USD_ILS,3.2548,-0.857657,-2.615839,-4.151113,-8.775703,-12.477367,-4.151113,-8.775703,,
2025-12-01,USD_ILS,3.212609,-1.296279,-2.142819,-3.87821,-7.797208,-11.247217,-3.87821,-7.797208,,
2026-01-01,USD_ILS,3.147591,-2.023831,-3.293876,-4.123284,-6.102995,-12.969488,-4.123284,-6.102995,,
2026-02-01,USD_ILS,3.10265,-1.427787,-3.422723,-4.674634,-8.631698,-13.037446,-4.674634,-8.631698,,
2026-03-01,USD_ILS,3.111727,0.292565,-1.1394,-3.140172,-6.896599,-14.864932,-3.140172,-6.896599,,
2026-04-01,USD_ILS,3.046773,-2.087411,-1.800953,-3.203027,-7.194241,-17.592023,-3.203027,-7.194241,,
2026-05-01,USD_ILS,2.901381,-4.771993,-6.759793,-6.487005,-10.858395,-18.681197,-6.487005,-10.858395,,
2026-06-01,USD_ILS,2.935955,1.191625,-3.637232,-5.648719,-8.611511,-15.737262,-5.648719,-8.611511,,
2026-07-01,USD_ILS,3.032652,3.293567,4.524439,-0.463459,-3.651641,-9.531777,-0.463459,-3.651641,,
2026-08-01,USD_ILS,2.991952,-1.342053,1.907313,3.121666,-3.567841,-11.891574,3.121666,-3.567841,,
2016-01-01,OIL_OR_ENERGY,32.045238,,,,,,,,,
2016-02-01,OIL_OR_ENERGY,33.762381,5.358496,,,,,,,,
2016-03-01,OIL_OR_ENERGY,39.792174,17.859502,24.174998,,,,,,,
2016-04-01,OIL_OR_ENERGY,43.330476,8.891955,28.339516,35.216584,,,35.216584,,,
2016-05-01,OIL_OR_ENERGY,47.735,10.164956,19.960774,41.385171,,,41.385171,,,
2016-06-01,OIL_OR_ENERGY,49.877273,4.487845,15.108988,25.344428,,,25.344428,,,
2016-07-01,OIL_OR_ENERGY,46.598571,-6.573538,-2.380703,7.542256,45.414964,,7.542256,45.414964,,
2016-08-01,OIL_OR_ENERGY,47.052174,0.973426,-5.6641,-1.430452,39.362724,,-1.430452,39.362724,,
2016-09-01,OIL_OR_ENERGY,47.376818,0.689967,1.670109,-5.013214,19.060643,,-5.013214,19.060643,,
2016-10-01,OIL_OR_ENERGY,51.41381,8.521027,9.269786,10.333446,18.655076,,10.333446,18.655076,,
2016-11-01,OIL_OR_ENERGY,46.942273,-8.697151,-0.917211,-0.233573,-1.660684,,-0.233573,-1.660684,,
2016-12-01,OIL_OR_ENERGY,55.022727,17.213599,7.019355,16.138503,10.316231,,16.138503,10.316231,,
2017-01-01,OIL_OR_ENERGY,55.710909,1.250723,18.679616,8.35787,19.554972,73.85082,8.35787,19.554972,,
2017-02-01,OIL_OR_ENERGY,56.096,0.691231,1.950599,19.499966,19.220846,66.14942,19.499966,19.220846,,
2017-03-01,OIL_OR_ENERGY,52.655217,-6.13374,-5.484907,-4.302785,11.141312,32.325561,-4.302785,11.141312,,
2017-04-01,OIL_OR_ENERGY,53.978,2.512159,-3.77567,-3.110538,4.987357,24.572829,-3.110538,4.987357,,
2017-05-01,OIL_OR_ENERGY,51.374348,-4.823543,-2.43256,-8.417092,9.441543,7.624066,-8.417092,9.441543,,
2017-06-01,OIL_OR_ENERGY,47.652727,-7.244122,-11.718242,-9.500464,-13.394465,-4.460038,-9.500464,-13.394465,,
2017-07-01,OIL_OR_ENERGY,49.253333,3.358897,-4.128548,-8.752949,-11.591223,5.697089,-8.752949,-11.591223,,
2017-08-01,OIL_OR_ENERGY,51.927826,5.430075,8.971362,1.077344,-7.43043,10.362225,1.077344,-7.43043,,
2017-09-01,OIL_OR_ENERGY,55.557619,6.990073,12.799714,16.58854,5.512088,17.267519,16.58854,5.512088,,
2017-10-01,OIL_OR_ENERGY,57.536364,3.561608,10.80064,16.817197,6.592248,11.908384,16.817197,6.592248,,
2017-11-01,OIL_OR_ENERGY,62.836364,9.211566,13.101254,21.007114,22.310776,33.858801,21.007114,22.310776,,
2017-12-01,OIL_OR_ENERGY,64.064286,1.954158,11.345733,15.311431,34.439914,16.432407,15.311431,34.439914,,
2018-01-01,OIL_OR_ENERGY,68.88913,7.531255,9.632586,19.731464,39.866941,23.654651,19.731464,39.866941,,
2018-02-01,OIL_OR_ENERGY,65.6965,-4.634447,2.547776,4.551722,26.515021,17.114411,4.551722,26.515021,,
2018-03-01,OIL_OR_ENERGY,66.891818,1.819455,-2.899314,4.413586,20.400801,27.037398,4.413586,20.400801,,
2018-04-01,OIL_OR_ENERGY,71.932857,7.536107,9.492678,4.418297,25.021556,33.263287,4.418297,25.021556,,
2018-05-01,OIL_OR_ENERGY,76.934348,6.952999,15.013091,17.105702,22.436028,49.752456,17.105702,22.436028,,
2018-06-01,OIL_OR_ENERGY,75.802857,-1.470722,5.380017,13.321568,18.323113,59.073492,13.321568,18.323113,,
2018-07-01,OIL_OR_ENERGY,75.229091,-0.756919,-2.216509,4.582376,9.203136,52.739085,4.582376,9.203136,,
2018-08-01,OIL_OR_ENERGY,73.851304,-1.831454,-2.574511,-4.007369,12.412844,42.219134,-4.007369,12.412844,,
2018-09-01,OIL_OR_ENERGY,79.163,7.19242,5.229239,4.432739,18.344817,42.488108,4.432739,18.344817,,
2018-10-01,OIL_OR_ENERGY,80.783478,2.047015,9.386664,7.383297,12.304003,40.404212,7.383297,12.304003,,
2018-11-01,OIL_OR_ENERGY,66.228636,-18.017102,-16.3389,-10.321643,-13.915386,5.398582,-10.321643,-13.915386,,
2018-12-01,OIL_OR_ENERGY,57.948095,-12.502962,-28.267393,-26.799016,-23.554207,-9.546958,-26.799016,-23.554207,,
2019-01-01,OIL_OR_ENERGY,59.944783,3.445648,-9.488122,-25.79574,-20.317018,-12.983685,-25.79574,-20.317018,,
2019-02-01,OIL_OR_ENERGY,64.384,7.405511,11.106327,-2.785255,-12.819414,-1.997823,-2.785255,-12.819414,,
2019-03-01,OIL_OR_ENERGY,66.941905,3.972889,11.672612,15.520458,-15.437888,0.074877,15.520458,-15.437888,,
2019-04-01,OIL_OR_ENERGY,71.475909,6.773043,11.015018,19.236247,-11.521625,-0.635242,19.236247,-11.521625,,
2019-05-01,OIL_OR_ENERGY,70.38913,-1.520482,5.149578,9.327054,6.282017,-8.507536,9.327054,6.282017,,
2019-06-01,OIL_OR_ENERGY,63.2085,-10.201334,-11.566707,-5.577082,9.077787,-16.614621,-5.577082,9.077787,,
2019-07-01,OIL_OR_ENERGY,64.322174,1.761905,-8.619167,-10.008596,7.302372,-14.49827,-10.008596,7.302372,,
2019-08-01,OIL_OR_ENERGY,59.618182,-7.313173,-5.680119,-15.302006,-7.402178,-19.272676,-15.302006,-7.402178,,
2019-09-01,OIL_OR_ENERGY,62.430952,4.717974,-2.940233,-1.230131,-6.738608,-21.136197,-1.230131,-6.738608,,
2019-10-01,OIL_OR_ENERGY,59.631304,-4.484391,0.022011,-7.292772,-16.571464,-26.183787,-7.292772,-16.571464,,
2019-11-01,OIL_OR_ENERGY,62.686667,5.123756,0.409595,5.146894,-10.942689,-5.348094,5.146894,-10.942689,,
2019-12-01,OIL_OR_ENERGY,65.348182,4.245744,9.587041,4.672729,3.385117,12.770198,4.672729,3.385117,,
2020-01-01,OIL_OR_ENERGY,63.898696,-2.218097,1.933472,7.156294,-0.658371,6.595925,7.156294,-0.658371,,
2020-02-01,OIL_OR_ENERGY,55.691,-12.844856,-14.778042,-11.159736,-6.587222,-13.501802,-11.159736,-6.587222,,
2020-03-01,OIL_OR_ENERGY,33.947273,-39.043521,-46.873293,-48.051695,-45.624291,-49.288457,-48.051695,-45.624291,,
2020-04-01,OIL_OR_ENERGY,26.848636,-20.910771,-51.789991,-57.982497,-54.975601,-62.436803,-57.982497,-54.975601,,
2020-05-01,OIL_OR_ENERGY,32.422381,20.75988,-4.491942,-41.781651,-48.278665,-53.93837,-41.781651,-48.278665,,
2020-06-01,OIL_OR_ENERGY,40.860455,26.025459,52.188193,20.364469,-37.472699,-35.356076,20.364469,-37.472699,,
2020-07-01,OIL_OR_ENERGY,43.295652,5.959791,33.536313,61.258291,-32.243293,-32.689383,61.258291,-32.243293,,
2020-08-01,OIL_OR_ENERGY,45.081429,4.124609,10.330218,39.044164,-19.050783,-24.383087,39.044164,-19.050783,,
2020-09-01,OIL_OR_ENERGY,41.926818,-6.997583,-3.161597,2.609769,23.505704,-32.842898,2.609769,23.505704,,
2020-10-01,OIL_OR_ENERGY,41.606818,-0.763235,-7.70741,-3.900701,54.968087,-30.22655,-3.900701,54.968087,,
2020-11-01,OIL_OR_ENERGY,44.05,5.872071,5.064018,-2.287923,35.86294,-29.729873,-2.287923,35.86294,,
2020-12-01,OIL_OR_ENERGY,50.376957,14.363125,21.078609,20.154495,23.29025,-22.909934,20.154495,23.29025,,
2021-01-01,OIL_OR_ENERGY,55.224762,9.623061,25.368358,32.730077,27.552674,-13.574508,32.730077,27.552674,,
2021-02-01,OIL_OR_ENERGY,62.3625,12.924887,23.791718,41.572077,38.333016,11.979494,41.572077,38.333016,,
2021-03-01,OIL_OR_ENERGY,65.796087,5.505852,19.142364,30.607507,56.93079,93.818477,30.607507,56.93079,,
2021-04-01,OIL_OR_ENERGY,65.531818,-0.401648,5.08209,18.663831,57.502595,144.078758,18.663831,57.502595,,
2021-05-01,OIL_OR_ENERGY,68.375238,4.338991,3.919916,9.641592,55.22188,110.88901,9.641592,55.22188,,
2021-06-01,OIL_OR_ENERGY,73.512727,7.513669,12.178678,11.728114,45.925305,79.911673,11.728114,45.925305,,
2021-07-01,OIL_OR_ENERGY,74.403182,1.211293,8.815975,13.53749,34.727936,71.849084,13.53749,34.727936,,
2021-08-01,OIL_OR_ENERGY,70.588182,-5.127469,-3.978285,3.236469,13.190109,56.579292,3.236469,13.190109,,
2021-09-01,OIL_OR_ENERGY,74.749545,5.89527,0.465523,1.682454,13.607889,78.285758,1.682454,13.607889,,
2021-10-01,OIL_OR_ENERGY,83.865238,12.194981,18.809177,12.717274,27.976364,101.566094,12.717274,27.976364,,
2021-11-01,OIL_OR_ENERGY,80.890455,-3.5471,8.215313,14.594897,18.303726,83.633268,14.594897,18.303726,,
2021-12-01,OIL_OR_ENERGY,74.678261,-7.679761,-10.954452,-0.095365,1.585485,48.238929,-0.095365,1.585485,,
2022-01-01,OIL_OR_ENERGY,85.622381,14.655028,5.849796,2.095198,15.078924,55.043459,2.095198,15.078924,,
2022-02-01,OIL_OR_ENERGY,94.267,10.096214,26.230845,16.536618,33.545018,51.159751,16.536618,33.545018,,
2022-03-01,OIL_OR_ENERGY,112.44,19.27822,31.320805,50.565906,50.422319,70.891622,50.565906,50.422319,,
2022-04-01,OIL_OR_ENERGY,106.155714,-5.589013,12.611746,23.981269,26.578922,61.991102,23.981269,26.578922,,
2022-05-01,OIL_OR_ENERGY,112.113636,5.612437,-0.290256,18.932008,38.59934,63.968184,18.932008,38.59934,,
2022-06-01,OIL_OR_ENERGY,117.692727,4.976282,10.868009,4.671582,57.599716,60.098437,4.671582,57.599716,,
2022-07-01,OIL_OR_ENERGY,105.252857,-10.569787,-6.119487,-0.850503,22.926805,41.462844,-0.850503,22.926805,,
2022-08-01,OIL_OR_ENERGY,97.643043,-7.23003,-17.035618,-12.907077,3.581363,38.32775,-12.907077,3.581363,,
2022-09-01,OIL_OR_ENERGY,90.608182,-7.204673,-13.913803,-23.01293,-19.416416,21.215696,-23.01293,-19.416416,,
2022-10-01,OIL_OR_ENERGY,93.718571,3.432791,-4.019203,-10.958644,-11.715943,11.749008,-10.958644,-11.715943,,
2022-11-01,OIL_OR_ENERGY,90.938636,-2.966258,0.364707,-6.866241,-18.887087,12.421962,-6.866241,-18.887087,,
2022-12-01,OIL_OR_ENERGY,81.503182,-10.375628,-13.034118,-10.048761,-30.749177,9.1391,-10.048761,-30.749177,,
2023-01-01,OIL_OR_ENERGY,84.081818,3.163847,-7.540049,-10.282651,-20.114455,-1.799252,-10.282651,-20.114455,,
2023-02-01,OIL_OR_ENERGY,83.6325,-0.534382,2.612558,-8.034139,-14.348737,-11.281254,-8.034139,-14.348737,,
2023-03-01,OIL_OR_ENERGY,79.256522,-5.23239,-5.738811,-2.756531,-12.528295,-29.512165,-2.756531,-12.528295,,
2023-04-01,OIL_OR_ENERGY,83.536,5.399528,-0.115386,-0.649151,-10.865052,-21.308052,-0.649151,-10.865052,,
2023-05-01,OIL_OR_ENERGY,75.747391,-9.323655,-4.42756,-9.428283,-16.70494,-32.436951,-9.428283,-16.70494,,
2023-06-01,OIL_OR_ENERGY,74.975,-1.019694,-10.248276,-5.402107,-8.009726,-36.295979,-5.402107,-8.009726,,
2023-07-01,OIL_OR_ENERGY,80.109048,6.847679,5.75816,-4.102366,-4.724887,-23.888957,-4.102366,-4.724887,,
2023-08-01,OIL_OR_ENERGY,85.168261,6.315408,13.595546,12.43722,1.836321,-12.775905,12.43722,1.836321,,
2023-09-01,OIL_OR_ENERGY,92.673333,8.812053,15.683978,23.605646,16.928338,2.279211,23.605646,16.928338,,
2023-10-01,OIL_OR_ENERGY,88.947727,-4.020149,4.437647,11.03331,6.478317,-5.090607,11.03331,6.478317,,
2023-11-01,OIL_OR_ENERGY,82.186364,-7.601502,-11.31606,-3.501184,8.500586,-9.624372,-3.501184,8.500586,,
2023-12-01,OIL_OR_ENERGY,77.540952,-5.65229,-12.824133,-16.328733,3.422411,-4.861441,-16.328733,3.422411,,
2024-01-01,OIL_OR_ENERGY,79.11,2.023508,-3.743156,-11.060122,-1.24711,-5.913072,-11.060122,-1.24711,,
2024-02-01,OIL_OR_ENERGY,81.795714,3.394911,5.487116,-0.475321,-3.959863,-2.196258,-0.475321,-3.959863,,
2024-03-01,OIL_OR_ENERGY,84.961429,3.870269,7.396573,9.569751,-8.321601,7.198028,9.569751,-8.321601,,
2024-04-01,OIL_OR_ENERGY,88.974545,4.723457,8.776537,12.469404,0.03015,6.510421,12.469404,0.03015,,
2024-05-01,OIL_OR_ENERGY,83.053913,-6.654299,-2.245155,1.538221,1.055588,9.645905,1.538221,1.055588,,
2024-06-01,OIL_OR_ENERGY,82.9175,-0.164246,-6.807616,-2.405714,6.933817,10.593531,-2.405714,6.933817,,
2024-07-01,OIL_OR_ENERGY,84.048696,1.364242,1.197755,-5.536246,6.242821,4.917857,-5.536246,6.242821,,
2024-08-01,OIL_OR_ENERGY,79.018636,-5.984696,-4.7021,-4.858623,-3.395139,-7.220559,-4.858623,-3.395139,,
2024-09-01,OIL_OR_ENERGY,73.057619,-7.543812,-13.077034,-11.891194,-14.01084,-21.166514,-11.891194,-14.01084,,
2024-10-01,OIL_OR_ENERGY,75.266522,3.023508,-4.748392,-10.448912,-15.40668,-15.381175,-10.448912,-15.40668,,
2024-11-01,OIL_OR_ENERGY,73.508571,-2.335634,0.617256,-6.973121,-11.492946,-10.558676,-6.973121,-11.492946,,
2024-12-01,OIL_OR_ENERGY,73.227727,-0.382056,-2.708767,0.232841,-11.686041,-5.562512,0.232841,-11.686041,,
2025-01-01,OIL_OR_ENERGY,78.193913,6.781838,6.373871,3.889367,-6.965941,-1.157991,3.889367,-6.965941,,
2025-02-01,OIL_OR_ENERGY,75.193,-3.837783,2.683782,2.291472,-4.841436,-8.072201,2.291472,-4.841436,,
2025-03-01,OIL_OR_ENERGY,71.741429,-4.590283,-8.251901,-2.029694,-1.801579,-15.560002,-2.029694,-1.801579,,
2025-04-01,OIL_OR_ENERGY,66.927273,-6.710427,-10.992682,-14.40859,-11.079626,-24.779304,-14.40859,-11.079626,,
2025-05-01,OIL_OR_ENERGY,64.092727,-4.235262,-10.661485,-14.762375,-12.809179,-22.829973,-14.762375,-12.809179,,
2025-06-01,OIL_OR_ENERGY,69.846667,8.977523,4.362039,-2.641099,-4.617186,-15.763661,-2.641099,-4.617186,,
2025-07-01,OIL_OR_ENERGY,69.564783,-0.403576,8.537716,3.94086,-11.035553,-17.232764,3.94086,-11.035553,,
2025-08-01,OIL_OR_ENERGY,67.244286,-3.335735,-3.725848,4.917186,-10.571083,-14.900726,4.917186,-10.571083,,
2025-09-01,OIL_OR_ENERGY,67.609091,0.542507,-2.811324,-3.203554,-5.760044,-7.457851,-3.203554,-5.760044,,
2025-10-01,OIL_OR_ENERGY,63.981304,-5.365827,-4.852429,-8.0263,-4.401746,-14.993675,-8.0263,-4.401746,,
2025-11-01,OIL_OR_ENERGY,63.6935,-0.449826,-5.791515,-5.280427,-0.62289,-13.352282,-5.280427,-0.62289,,
2025-12-01,OIL_OR_ENERGY,61.810909,-2.955703,-3.392234,-8.576039,-11.504855,-15.590841,-8.576039,-11.504855,,
2026-01-01,OIL_OR_ENERGY,64.594091,4.502736,1.413945,0.957759,-7.145414,-17.392431,0.957759,-7.145414,,
2026-02-01,OIL_OR_ENERGY,69.4095,7.454876,12.293285,8.974228,3.219923,-7.69154,8.974228,3.219923,,
2026-03-01,OIL_OR_ENERGY,99.405,43.215266,53.891786,60.821126,47.029044,38.560107,60.821126,47.029044,,
2026-04-01,OIL_OR_ENERGY,102.813636,3.429039,48.126173,59.168795,60.693248,53.61994,59.168795,60.693248,,
2026-05-01,OIL_OR_ENERGY,103.842381,1.000592,4.463941,49.608311,63.034503,62.018977,49.608311,63.034503,,
2026-06-01,OIL_OR_ENERGY,84.487727,-18.638492,-17.824395,-15.006562,36.687404,20.961717,-15.006562,36.687404,,
2026-07-01,OIL_OR_ENERGY,83.734091,-0.892007,-19.364242,-18.557407,29.631193,20.368508,-18.557407,29.631193,,
2016-01-01,COPPER_ILS,17657.172357,,,,,,,,,
2016-02-01,COPPER_ILS,17971.62222,1.780862,,,,,,,,
2016-03-01,COPPER_ILS,19148.36624,6.54779,8.445259,,,,,,2.383464,
2016-04-01,COPPER_ILS,18407.116207,-3.871088,2.423231,4.247248,,,4.247248,,4.258601,
2016-05-01,COPPER_ILS,17905.392801,-2.725703,-6.491277,-0.368522,,,-0.368522,,4.66503,
2016-06-01,COPPER_ILS,17902.374524,-0.016857,-2.742101,-6.507039,,,-6.507039,,1.61606,3.684341
2016-07-01,COPPER_ILS,18766.022626,4.82421,4.80654,1.949824,6.279886,,1.949824,6.279886,3.122943,3.755134
2016-08-01,COPPER_ILS,18034.448724,-3.898396,0.737747,0.720766,0.349587,,0.720766,0.349587,3.568164,4.156037
2016-09-01,COPPER_ILS,17782.534444,-1.39685,-5.240792,-0.669409,-7.132889,,-0.669409,-7.132889,3.667321,3.013063
2016-10-01,COPPER_ILS,18043.455817,1.46729,0.049944,-3.850399,-1.975651,,-3.850399,-1.975651,2.192199,2.872168
2016-11-01,COPPER_ILS,20947.187668,16.092992,17.796413,16.150973,16.988149,,16.150973,16.988149,7.659482,6.49335
2016-12-01,COPPER_ILS,21669.363532,3.447603,20.095417,21.857565,21.04184,,21.857565,21.04184,6.4785,6.365942
2017-01-01,COPPER_ILS,21979.016959,1.428992,4.925861,21.811571,17.121339,24.476425,21.811571,17.121339,6.489423,6.367121
2017-02-01,COPPER_ILS,22153.959758,0.795954,2.23632,5.761022,22.842456,23.271898,5.761022,22.842456,1.130721,5.747198
2017-03-01,COPPER_ILS,21263.193269,-4.0208,-3.25685,-1.874399,19.573469,11.044425,-1.874399,19.573469,2.433609,6.196083
2017-04-01,COPPER_ILS,20742.550602,-2.448563,-6.370911,-5.625667,14.958857,12.687671,-5.625667,14.958857,2.005546,6.541059
2017-05-01,COPPER_ILS,20139.911393,-2.905328,-5.282753,-9.091144,-3.853865,12.479584,-9.091144,-3.853865,0.660374,2.673339
2017-06-01,COPPER_ILS,20201.417169,0.305392,-2.608809,-4.993493,-6.774294,12.84211,-4.993493,-6.774294,1.4182,2.064159
2017-07-01,COPPER_ILS,21252.587727,5.20345,5.524733,2.458893,-3.305103,13.250358,2.458893,-3.305103,3.334199,3.077748
2017-08-01,COPPER_ILS,23343.456277,9.838183,15.553558,15.90645,5.369228,29.438147,15.90645,5.369228,3.89224,4.976904
2017-09-01,COPPER_ILS,23242.141008,-0.43402,9.361464,15.052032,9.306917,30.702072,15.052032,9.306917,4.200264,4.534209
2017-10-01,COPPER_ILS,23912.012419,2.882142,2.435613,12.513416,15.28,32.524571,12.513416,15.28,4.280467,4.16221
2017-11-01,COPPER_ILS,24010.511851,0.411924,3.305938,2.85757,19.218558,14.624036,2.85757,19.218558,1.406908,3.591059
2017-12-01,COPPER_ILS,23936.204451,-0.309479,0.101171,2.986229,18.487749,10.461041,2.986229,18.487749,1.366619,3.675264
2018-01-01,COPPER_ILS,24201.465667,1.108201,0.795293,1.210493,13.875383,10.111684,1.210493,13.875383,0.578796,3.568782
2018-02-01,COPPER_ILS,24483.60096,1.165778,2.286898,1.970342,4.884215,10.515688,1.970342,4.884215,0.682277,1.115672
2018-03-01,COPPER_ILS,23609.220429,-3.571291,-2.447146,-1.366065,1.57937,11.033278,-1.366065,1.57937,2.219629,1.976486
2018-04-01,COPPER_ILS,24229.5583,2.627524,-1.037603,0.116078,1.327976,16.810892,0.116078,1.327976,2.645789,1.922174
2018-05-01,COPPER_ILS,24503.029727,1.128669,3.785848,0.079354,2.051259,21.664039,0.079354,2.051259,2.640738,1.951274
2018-06-01,COPPER_ILS,25108.597925,2.471401,3.627964,6.350813,4.897992,24.29127,6.350813,4.897992,0.672794,2.064606
2018-07-01,COPPER_ILS,22785.972625,-9.250319,-7.00753,-5.957953,-5.848791,7.21505,-5.957953,-5.848791,5.237949,4.263336
2018-08-01,COPPER_ILS,22185.763526,-2.634117,-11.640771,-9.45706,-9.38521,-4.959389,-9.45706,-9.38521,4.798601,4.190338
2018-09-01,COPPER_ILS,21718.909456,-2.104296,-4.682983,-13.500111,-8.006664,-6.553749,-13.500111,-8.006664,3.250991,4.106528
2018-10-01,COPPER_ILS,22743.677416,4.718321,2.514738,-0.18562,-6.132513,-4.885975,-0.18562,-6.132513,3.348087,4.494821
2018-11-01,COPPER_ILS,22958.701612,0.945424,5.708354,3.483937,-6.302601,-4.380624,3.483937,-6.302601,2.790533,4.481229
2018-12-01,COPPER_ILS,22806.156872,-0.664431,0.274711,5.005995,-9.169931,-4.721081,5.005995,-9.169931,2.255867,4.224228
2019-01-01,COPPER_ILS,21913.479833,-3.914193,-4.552617,-3.650235,-3.829079,-9.453914,-3.650235,-3.829079,2.021234,2.830223
2019-02-01,COPPER_ILS,22847.457821,4.262116,0.181096,-0.484539,2.982518,-6.682608,-0.484539,2.982518,3.36128,3.155938
2019-03-01,COPPER_ILS,23295.528656,1.961141,6.306843,2.145788,7.259201,-1.328683,2.145788,7.259201,3.442642,2.944724
2019-04-01,COPPER_ILS,23145.620535,-0.643506,1.305015,5.622752,1.767274,-4.473618,5.622752,1.767274,2.003991,2.531485
2019-05-01,COPPER_ILS,21624.424994,-6.572282,-7.173495,-5.353037,-5.811638,-11.747954,-5.353037,-5.811638,3.570775,3.563943
2019-06-01,COPPER_ILS,21160.127993,-2.147095,-8.578264,-9.166569,-7.217476,-15.725569,-9.166569,-7.217476,2.516467,3.588382
2019-07-01,COPPER_ILS,21059.472084,-0.475687,-2.612568,-9.013145,-3.89718,-7.577032,-9.013145,-3.89718,2.572167,3.373391
2019-08-01,COPPER_ILS,20047.143112,-4.807001,-5.259821,-7.293983,-12.25657,-9.639607,-7.293983,-12.25657,1.783535,2.845547
2019-09-01,COPPER_ILS,20288.19225,1.202411,-3.662389,-4.120654,-12.909501,-6.587427,-4.120654,-12.909501,2.531783,2.673281
2019-10-01,COPPER_ILS,20239.905666,-0.238003,0.961546,-3.891676,-12.554059,-11.00865,-3.891676,-12.554059,2.561761,2.71756
2019-11-01,COPPER_ILS,20407.98178,0.830419,0.59044,1.799951,-5.625321,-11.110035,1.799951,-5.625321,0.610528,2.034841
2019-12-01,COPPER_ILS,21117.792187,3.478102,4.337404,4.089078,-0.200073,-7.403109,4.089078,-0.200073,1.562092,2.504088
2020-01-01,COPPER_ILS,20867.983455,-1.18293,2.254028,3.103166,-0.909276,-4.771019,3.103166,-0.909276,1.908723,2.540017
2020-02-01,COPPER_ILS,19529.742787,-6.412889,-7.519959,-4.303409,-2.580918,-14.521156,-4.303409,-2.580918,4.040206,3.052715
2020-03-01,COPPER_ILS,18662.892751,-4.438615,-10.566861,-11.624792,-8.011061,-19.886374,-11.624792,-8.011061,2.156378,3.278682
2020-04-01,COPPER_ILS,18065.926445,-3.19868,-7.495318,-13.427541,-10.741054,-21.946675,-13.427541,-10.741054,1.323561,3.300328
2020-05-01,COPPER_ILS,18429.71673,2.013682,-1.24941,-5.632568,-9.693585,-14.77361,-5.632568,-9.693585,2.795598,3.483146
2020-06-01,COPPER_ILS,19901.222089,7.984417,10.158879,6.635249,-5.760877,-5.949425,6.635249,-5.760877,4.568978,4.755621
2020-07-01,COPPER_ILS,21871.116895,9.898361,18.673104,21.062803,4.807045,3.854061,21.062803,4.807045,3.357926,6.206782
2020-08-01,COPPER_ILS,22134.42426,1.203905,11.221432,20.101815,13.336998,10.411863,20.101815,13.336998,3.730238,5.275045
2020-09-01,COPPER_ILS,22930.453232,3.596339,4.84354,15.221332,22.866554,13.023639,15.221332,22.866554,3.667164,4.346847
2020-10-01,COPPER_ILS,22793.694753,-0.596405,2.978485,4.218248,26.169531,12.617594,4.218248,26.169531,1.717361,3.735373
2020-11-01,COPPER_ILS,23747.15201,4.182987,3.561634,7.286061,28.852507,16.36208,7.286061,28.852507,2.128271,3.627424
2020-12-01,COPPER_ILS,25230.374474,6.245896,10.690148,10.029986,26.778016,19.47449,10.029986,26.778016,2.8658,3.389425
2021-01-01,COPPER_ILS,25684.361115,1.799365,8.157648,12.681868,17.435069,23.080226,12.681868,17.435069,1.816862,2.21671
2021-02-01,COPPER_ILS,27702.091535,7.855872,9.796593,16.654374,25.153883,41.845655,16.654374,25.153883,2.561356,2.767012
2021-03-01,COPPER_ILS,29758.916172,7.424799,15.863953,17.948769,29.779014,59.455003,17.948769,29.779014,2.759078,3.061331
2021-04-01,COPPER_ILS,30572.261884,2.733116,10.360843,19.03065,34.12596,69.226095,19.03065,34.12596,2.31997,2.295956
2021-05-01,COPPER_ILS,33170.65152,8.499174,11.464582,19.740603,39.682651,79.984598,19.740603,39.682651,2.503633,2.573974
2021-06-01,COPPER_ILS,31319.011227,-5.582164,2.442571,5.242446,24.13217,57.372301,5.242446,24.13217,5.779998,4.913188
2021-07-01,COPPER_ILS,30910.197045,-1.305323,-6.814622,1.105365,20.346373,41.328846,1.105365,20.346373,5.894476,5.247531
2021-08-01,COPPER_ILS,30206.345347,-2.277086,-3.552685,-8.936533,9.039945,36.467726,-8.936533,9.039945,1.830581,5.12941
2021-09-01,COPPER_ILS,29908.582017,-0.985764,-3.240403,-4.503428,0.502928,30.431709,-4.503428,0.502928,0.549136,4.444698
2021-10-01,COPPER_ILS,31606.087877,5.675648,4.633935,2.251331,3.381582,38.661539,2.251331,3.381582,3.484695,4.843738
2021-11-01,COPPER_ILS,30359.046634,-3.945573,1.506138,0.505527,-8.476182,27.842895,0.505527,-8.476182,4.02358,3.53518
2021-12-01,COPPER_ILS,29914.29576,-1.46497,-5.352741,0.019104,-4.485185,18.564613,0.019104,-4.485185,4.078531,3.019418
2022-01-01,COPPER_ILS,30661.106504,2.496501,0.994958,-2.989871,-0.805852,19.376559,-2.989871,-0.805852,2.653027,3.22165
2022-02-01,COPPER_ILS,31955.872974,4.22283,6.824754,5.259804,5.791921,15.355452,5.259804,5.791921,2.381049,3.390326
2022-03-01,COPPER_ILS,33199.250748,3.890921,8.278058,10.981221,11.002423,11.560685,10.981221,11.002423,0.747944,3.401434
2022-04-01,COPPER_ILS,32933.394257,-0.800791,3.058972,7.410978,4.199528,7.72312,7.410978,4.199528,2.293931,3.009262
2022-05-01,COPPER_ILS,31762.879022,-3.554189,-4.326519,-0.603939,4.624099,-4.24403,-0.603939,4.624099,3.073598,2.909732
2022-06-01,COPPER_ILS,30926.534122,-2.633089,-6.093694,-6.845686,3.383795,-1.253159,-6.845686,3.383795,1.144404,3.088259
2022-07-01,COPPER_ILS,26146.717043,-15.455392,-17.681527,-20.607281,-14.723505,-15.410707,-20.607281,-14.723505,5.839506,6.555201
2022-08-01,COPPER_ILS,26360.299655,0.816862,-14.764779,-17.009098,-17.510313,-12.732575,-17.009098,-17.510313,7.000793,6.089015
2022-09-01,COPPER_ILS,26696.276073,1.274555,2.101828,-13.67841,-19.587715,-10.740415,-13.67841,-19.587715,7.780937,5.661762
2022-10-01,COPPER_ILS,27162.437155,1.746165,3.042976,3.884695,-17.523117,-14.059477,3.884695,-17.523117,0.379401,5.929285
2022-11-01,COPPER_ILS,28028.51956,3.18853,4.990372,6.328532,-11.756993,-7.676549,6.328532,-11.756993,0.814189,6.336585
2022-12-01,COPPER_ILS,28909.18352,3.142028,6.430742,8.289199,-6.523041,-3.359973,8.289199,-6.523041,0.669246,6.577612
2023-01-01,COPPER_ILS,31063.06221,7.4505,10.826625,14.360365,18.802916,1.310963,14.360365,18.802916,2.020162,2.204306
2023-02-01,COPPER_ILS,31663.668229,1.933506,9.528061,12.969464,20.118772,-0.914401,12.969464,20.118772,2.367856,2.059904
2023-03-01,COPPER_ILS,32035.586757,1.174591,3.130807,10.814568,20.000208,-3.505091,10.814568,20.000208,2.796828,2.075131
2023-04-01,COPPER_ILS,31913.815791,-0.380112,0.790014,2.738795,17.492461,-3.09588,2.738795,17.492461,0.962974,2.428541
2023-05-01,COPPER_ILS,30220.843807,-5.304825,-5.664772,-4.556719,7.821763,-4.854835,-4.556719,7.821763,2.761898,3.831395
2023-06-01,COPPER_ILS,30602.253837,1.262076,-4.1097,-4.47419,5.856514,-1.04855,-4.47419,5.856514,2.790336,3.746821
2023-07-01,COPPER_ILS,31112.237664,1.666491,2.949599,-2.511696,0.158308,18.990991,-2.511696,0.158308,3.195257,2.508425
2023-08-01,COPPER_ILS,31269.875818,0.506676,2.18161,3.47122,-1.243673,18.624888,3.47122,-1.243673,0.480665,2.383954
2023-09-01,COPPER_ILS,31619.017399,1.116543,1.628876,3.322512,-1.300333,18.439805,3.322512,-1.300333,0.473703,2.378552
2023-10-01,COPPER_ILS,31592.879631,-0.082665,1.032955,1.544865,-1.005634,16.310917,1.544865,-1.005634,0.489598,2.377149
2023-11-01,COPPER_ILS,31167.70962,-1.345778,-1.42733,-0.326724,3.133155,11.199985,-0.326724,3.133155,1.005351,1.005443
2023-12-01,COPPER_ILS,30824.964651,-1.09968,-2.430658,-2.511314,0.72776,6.626895,-2.511314,0.72776,0.546742,1.096294
2024-01-01,COPPER_ILS,30979.83877,0.502431,-0.602774,-1.94044,-0.425552,-0.267918,-1.94044,-0.425552,0.819431,0.890325
2024-02-01,COPPER_ILS,30279.849436,-2.2595,-1.768421,-2.848654,-3.166071,-4.370368,-2.848654,-3.166071,1.132362,1.151687
2024-03-01,COPPER_ILS,31555.76103,4.213732,1.859023,2.370794,-0.200058,-1.49779,2.370794,-0.200058,2.652142,2.087251
2024-04-01,COPPER_ILS,35423.981553,12.258365,16.988632,14.345274,12.126473,10.998891,14.345274,12.126473,5.938455,5.0218
2024-05-01,COPPER_ILS,37501.245877,5.864006,18.841203,23.848852,20.320827,24.090664,23.848852,20.320827,3.469348,4.928418
2024-06-01,COPPER_ILS,35936.045217,-4.17373,1.445528,13.881092,16.580978,17.429407,13.881092,16.580978,6.763117,5.482271
2024-07-01,COPPER_ILS,34551.417884,-3.853032,-7.865947,-2.4632,11.528721,11.054108,-2.4632,11.528721,4.658085,5.994179
2024-08-01,COPPER_ILS,33531.003035,-2.953323,-6.692562,-10.586963,10.73702,7.231008,-10.586963,10.73702,0.516583,6.081453
2024-09-01,COPPER_ILS,34562.563314,3.076437,0.032258,-3.822017,9.528537,9.309416,-3.822017,9.528537,3.076524,6.023604
2024-10-01,COPPER_ILS,35760.343297,3.465542,6.648594,3.498917,0.949531,13.191148,3.498917,0.949531,2.938466,4.010614
2024-11-01,COPPER_ILS,33750.900534,-5.619193,-2.348387,0.655804,-10.000589,8.288036,0.655804,-10.000589,4.193882,3.586539
2024-12-01,COPPER_ILS,32251.435998,-4.442739,-9.812286,-6.686794,-10.253241,4.62765,-6.686794,-10.253241,4.033986,3.619014
2025-01-01,COPPER_ILS,32465.530809,0.66383,-3.808401,-9.213593,-6.037052,4.795674,-9.213593,-6.037052,2.727178,3.566641
2025-02-01,COPPER_ILS,33291.052605,2.542764,3.223474,-1.362476,-0.715608,9.944578,-1.362476,-0.715608,2.951548,3.64412
2025-03-01,COPPER_ILS,35584.897894,6.890276,9.608243,10.335856,2.957925,12.768308,10.335856,2.957925,2.607678,4.390581
2025-04-01,COPPER_ILS,33913.124539,-4.697986,1.868586,4.458864,-5.165551,-4.265068,4.458864,-5.165551,4.779785,4.548673
2025-05-01,COPPER_ILS,34006.458371,0.275214,-4.435701,2.148943,0.757188,-9.319124,2.148943,0.757188,4.746689,4.000297
2025-06-01,COPPER_ILS,34268.187263,0.769645,1.046977,-3.700195,6.253214,-4.641184,-3.700195,6.253214,2.469191,3.420552
2025-07-01,COPPER_ILS,32752.684849,-4.422476,-3.686869,-3.421801,0.884489,-5.20596,-3.421801,0.884489,2.339774,3.998581
2025-08-01,COPPER_ILS,32843.387098,0.276931,-4.157793,-3.420148,-1.344702,-2.050687,-3.420148,-1.344702,2.340117,3.866793
2025-09-01,COPPER_ILS,33404.803513,1.709374,1.991039,-2.519491,-6.12646,-3.349751,-2.519491,-6.12646,2.619073,2.553305
2025-10-01,COPPER_ILS,35258.684697,5.549744,7.353985,7.651281,3.967668,-1.402835,7.651281,3.967668,2.22618,2.919549
2025-11-01,COPPER_ILS,35190.988734,-0.191998,5.347091,7.147867,3.483251,4.266814,7.147867,3.483251,2.388195,2.935841
2025-12-01,COPPER_ILS,37879.753769,7.640493,7.433825,13.396128,10.539123,17.451371,13.396128,10.539123,3.311373,3.940764
2026-01-01,COPPER_ILS,40876.525561,7.911276,16.156229,15.933212,24.803587,25.907461,15.933212,24.803587,3.757722,3.352383
2026-02-01,COPPER_ILS,40183.490564,-1.695435,6.08171,14.186876,22.348802,20.703575,14.186876,22.348802,4.466191,3.755734
2026-03-01,COPPER_ILS,38985.927185,-2.980237,-4.625145,2.920223,16.707548,9.557508,2.920223,16.707548,4.859866,4.465335
2026-04-01,COPPER_ILS,39274.995803,0.741469,-2.260866,-3.917969,11.390984,15.810608,-3.917969,11.390984,1.543456,4.311827
2026-05-01,COPPER_ILS,39203.912597,-0.180988,0.559139,-2.437762,11.403271,15.283727,-2.437762,11.403271,1.582467,4.310937
2026-06-01,COPPER_ILS,39788.176107,1.490319,1.306634,2.057791,5.038107,16.108202,2.057791,5.038107,0.683534,3.475881
2026-07-01,COPPER_ILS,41070.665151,3.223292,4.761649,4.572042,0.474942,25.396331,4.572042,0.474942,1.389868,2.036739
2018-05-01,ISRAEL_CONSTRUCTION_INPUT_INDEX,112.5,,,,,,,,,
2018-06-01,ISRAEL_CONSTRUCTION_INPUT_INDEX,112.6,0.088889,,,,,,,,
2018-07-01,ISRAEL_CONSTRUCTION_INPUT_INDEX,112.9,0.26643,0.355556,,,,,,,
2018-08-01,ISRAEL_CONSTRUCTION_INPUT_INDEX,113.1,0.177148,0.44405,0.533333,,,0.533333,,,
2018-09-01,ISRAEL_CONSTRUCTION_INPUT_INDEX,113.1,0.0,0.177148,0.44405,,,0.44405,,,
2018-10-01,ISRAEL_CONSTRUCTION_INPUT_INDEX,113.2,0.088417,0.088417,0.265722,,,0.265722,,,
2018-11-01,ISRAEL_CONSTRUCTION_INPUT_INDEX,113.2,0.0,0.088417,0.088417,0.622222,,0.088417,0.622222,,
2018-12-01,ISRAEL_CONSTRUCTION_INPUT_INDEX,113.3,0.088339,0.088339,0.176835,0.62167,,0.176835,0.62167,,
2019-01-01,ISRAEL_CONSTRUCTION_INPUT_INDEX,114.0,0.617829,0.706714,0.706714,0.974314,,0.706714,0.974314,,
2019-02-01,ISRAEL_CONSTRUCTION_INPUT_INDEX,114.1,0.087719,0.70609,0.795053,0.884173,,0.795053,0.884173,,
2019-03-01,ISRAEL_CONSTRUCTION_INPUT_INDEX,114.1,0.0,0.087719,0.70609,0.884173,,0.70609,0.884173,,
2019-04-01,ISRAEL_CONSTRUCTION_INPUT_INDEX,114.2,0.087642,0.087642,0.175439,0.883392,,0.175439,0.883392,,
2019-05-01,ISRAEL_CONSTRUCTION_INPUT_INDEX,114.3,0.087566,0.175285,0.175285,0.971731,1.6,0.175285,0.971731,,
2019-06-01,ISRAEL_CONSTRUCTION_INPUT_INDEX,114.3,0.0,0.087566,0.175285,0.882613,1.509769,0.175285,0.882613,,
2019-07-01,ISRAEL_CONSTRUCTION_INPUT_INDEX,114.3,0.0,0.0,0.087566,0.263158,1.240035,0.087566,0.263158,,
2019-08-01,ISRAEL_CONSTRUCTION_INPUT_INDEX,114.4,0.087489,0.087489,0.087489,0.262927,1.149425,0.087489,0.262927,,
2019-09-01,ISRAEL_CONSTRUCTION_INPUT_INDEX,114.4,0.0,0.087489,0.087489,0.262927,1.149425,0.087489,0.262927,,
2019-10-01,ISRAEL_CONSTRUCTION_INPUT_INDEX,114.3,-0.087413,-0.087413,0.0,0.087566,0.971731,0.0,0.087566,,
2019-11-01,ISRAEL_CONSTRUCTION_INPUT_INDEX,114.3,0.0,-0.087413,-0.087413,0.0,0.971731,-0.087413,0.0,,
2019-12-01,ISRAEL_CONSTRUCTION_INPUT_INDEX,114.5,0.174978,0.174978,0.087413,0.174978,1.059135,0.087413,0.174978,,
2020-01-01,ISRAEL_CONSTRUCTION_INPUT_INDEX,114.7,0.174672,0.349956,0.349956,0.349956,0.614035,0.349956,0.349956,,
2020-02-01,ISRAEL_CONSTRUCTION_INPUT_INDEX,114.7,0.0,0.174672,0.349956,0.262238,0.525855,0.349956,0.262238,,
2020-03-01,ISRAEL_CONSTRUCTION_INPUT_INDEX,114.9,0.174368,0.174368,0.349345,0.437063,0.701139,0.349345,0.437063,,
2020-04-01,ISRAEL_CONSTRUCTION_INPUT_INDEX,114.8,-0.087032,0.087184,0.087184,0.437445,0.525394,0.087184,0.437445,,
2020-05-01,ISRAEL_CONSTRUCTION_INPUT_INDEX,114.7,-0.087108,-0.174064,0.0,0.349956,0.349956,0.0,0.349956,,
2020-06-01,ISRAEL_CONSTRUCTION_INPUT_INDEX,114.7,0.0,-0.087108,-0.174064,0.174672,0.349956,-0.174064,0.174672,,
2020-07-01,ISRAEL_CONSTRUCTION_INPUT_INDEX,114.7,0.0,0.0,-0.087108,0.0,0.349956,-0.087108,0.0,,
2020-08-01,ISRAEL_CONSTRUCTION_INPUT_INDEX,114.8,0.087184,0.087184,0.087184,0.087184,0.34965,0.087184,0.087184,,
2020-09-01,ISRAEL_CONSTRUCTION_INPUT_INDEX,114.7,-0.087108,0.0,0.0,-0.174064,0.262238,0.0,-0.174064,,
2020-10-01,ISRAEL_CONSTRUCTION_INPUT_INDEX,114.6,-0.087184,-0.174216,-0.087184,-0.174216,0.262467,-0.087184,-0.174216,,
2020-11-01,ISRAEL_CONSTRUCTION_INPUT_INDEX,114.6,0.0,-0.087184,-0.174216,-0.087184,0.262467,-0.174216,-0.087184,,
2020-12-01,ISRAEL_CONSTRUCTION_INPUT_INDEX,115.1,0.4363,0.4363,0.348736,0.348736,0.524017,0.348736,0.348736,,
2021-01-01,ISRAEL_CONSTRUCTION_INPUT_INDEX,115.8,0.608167,1.04712,1.04712,0.959024,0.959024,1.04712,0.959024,,
2021-02-01,ISRAEL_CONSTRUCTION_INPUT_INDEX,116.0,0.172712,0.781929,1.22164,1.045296,1.133391,1.22164,1.045296,,
2021-03-01,ISRAEL_CONSTRUCTION_INPUT_INDEX,116.6,0.517241,0.690846,1.303215,1.656495,1.479547,1.303215,1.656495,,
2021-04-01,ISRAEL_CONSTRUCTION_INPUT_INDEX,117.5,0.77187,1.293103,1.468048,2.530541,2.351916,1.468048,2.530541,,
2021-05-01,ISRAEL_CONSTRUCTION_INPUT_INDEX,118.3,0.680851,1.457976,1.982759,3.228621,3.138622,1.982759,3.228621,,
2021-06-01,ISRAEL_CONSTRUCTION_INPUT_INDEX,119.0,0.591716,1.276596,2.058319,3.388358,3.74891,2.058319,3.388358,,
2021-07-01,ISRAEL_CONSTRUCTION_INPUT_INDEX,119.3,0.252101,0.845309,1.531915,3.022453,4.010462,1.531915,3.022453,,
2021-08-01,ISRAEL_CONSTRUCTION_INPUT_INDEX,120.0,0.586756,0.840336,1.437025,3.448276,4.529617,1.437025,3.448276,,
2021-09-01,ISRAEL_CONSTRUCTION_INPUT_INDEX,120.3,0.25,0.838223,1.092437,3.173242,4.882302,1.092437,3.173242,,
2021-10-01,ISRAEL_CONSTRUCTION_INPUT_INDEX,120.6,0.249377,0.5,1.08969,2.638298,5.235602,1.08969,2.638298,,
2021-11-01,ISRAEL_CONSTRUCTION_INPUT_INDEX,121.2,0.497512,0.74813,1.0,2.451395,5.759162,1.0,2.451395,,
2021-12-01,ISRAEL_CONSTRUCTION_INPUT_INDEX,121.5,0.247525,0.746269,0.997506,2.10084,5.560382,0.997506,2.10084,,
2022-01-01,ISRAEL_CONSTRUCTION_INPUT_INDEX,122.5,0.823045,1.072607,1.575456,2.682313,5.785838,1.575456,2.682313,,
2022-02-01,ISRAEL_CONSTRUCTION_INPUT_INDEX,123.1,0.489796,1.316872,1.567657,2.583333,6.12069,1.567657,2.583333,,
2022-03-01,ISRAEL_CONSTRUCTION_INPUT_INDEX,124.3,0.974817,1.469388,2.304527,3.325021,6.603774,2.304527,3.325021,,
2022-04-01,ISRAEL_CONSTRUCTION_INPUT_INDEX,125.5,0.965406,1.949634,2.44898,4.063018,6.808511,2.44898,4.063018,,
2022-05-01,ISRAEL_CONSTRUCTION_INPUT_INDEX,126.1,0.478088,1.448109,2.437043,4.042904,6.593407,2.437043,4.042904,,
2022-06-01,ISRAEL_CONSTRUCTION_INPUT_INDEX,126.8,0.555115,1.035857,2.011263,4.36214,6.554622,2.011263,4.36214,,
2022-07-01,ISRAEL_CONSTRUCTION_INPUT_INDEX,127.4,0.473186,1.030928,1.513944,4.0,6.789606,1.513944,4.0,,
2022-08-01,ISRAEL_CONSTRUCTION_INPUT_INDEX,127.5,0.078493,0.55205,1.11023,3.57433,6.25,1.11023,3.57433,,
2022-09-01,ISRAEL_CONSTRUCTION_INPUT_INDEX,127.5,0.0,0.078493,0.55205,2.574417,5.985037,0.55205,2.574417,,
2022-10-01,ISRAEL_CONSTRUCTION_INPUT_INDEX,127.5,0.0,0.0,0.078493,1.593625,5.721393,0.078493,1.593625,,
2022-11-01,ISRAEL_CONSTRUCTION_INPUT_INDEX,127.3,-0.156863,-0.156863,-0.156863,0.951626,5.033003,-0.156863,0.951626,,
2022-12-01,ISRAEL_CONSTRUCTION_INPUT_INDEX,127.3,0.0,-0.156863,-0.156863,0.394322,4.773663,-0.156863,0.394322,,
2023-01-01,ISRAEL_CONSTRUCTION_INPUT_INDEX,128.8,1.178319,1.178319,1.019608,1.098901,5.142857,1.019608,1.098901,,
2023-02-01,ISRAEL_CONSTRUCTION_INPUT_INDEX,128.6,-0.15528,1.02121,1.02121,0.862745,4.467912,1.02121,0.862745,,
2023-03-01,ISRAEL_CONSTRUCTION_INPUT_INDEX,128.9,0.233281,0.07764,1.256874,1.098039,3.700724,1.256874,1.098039,,
2023-04-01,ISRAEL_CONSTRUCTION_INPUT_INDEX,129.3,0.310318,0.544323,0.388199,1.411765,3.027888,0.388199,1.411765,,
2023-05-01,ISRAEL_CONSTRUCTION_INPUT_INDEX,129.2,-0.07734,0.232739,0.466563,1.492537,2.458366,0.466563,1.492537,,
2023-06-01,ISRAEL_CONSTRUCTION_INPUT_INDEX,129.6,0.309598,0.232019,0.543057,1.806756,2.208202,0.543057,1.806756,,
2023-07-01,ISRAEL_CONSTRUCTION_INPUT_INDEX,129.3,-0.231481,0.077399,0.0,0.388199,1.491366,0.0,0.388199,,
2023-08-01,ISRAEL_CONSTRUCTION_INPUT_INDEX,129.4,0.07734,-0.154321,0.154799,0.622084,1.490196,0.154799,0.622084,,
2023-09-01,ISRAEL_CONSTRUCTION_INPUT_INDEX,129.5,0.07728,0.154679,-0.07716,0.465477,1.568627,-0.07716,0.465477,,
2023-10-01,ISRAEL_CONSTRUCTION_INPUT_INDEX,129.7,0.15444,0.231839,0.309358,0.309358,1.72549,0.309358,0.309358,,
2023-11-01,ISRAEL_CONSTRUCTION_INPUT_INDEX,129.8,0.077101,0.23166,0.309119,0.464396,1.963865,0.309119,0.464396,,
2023-12-01,ISRAEL_CONSTRUCTION_INPUT_INDEX,129.8,0.0,0.077101,0.23166,0.154321,1.963865,0.23166,0.154321,,
2024-01-01,ISRAEL_CONSTRUCTION_INPUT_INDEX,130.2,0.308166,0.308166,0.385505,0.696056,1.086957,0.385505,0.696056,,
2024-02-01,ISRAEL_CONSTRUCTION_INPUT_INDEX,129.9,-0.230415,0.077042,0.077042,0.386399,1.010886,0.077042,0.386399,,
2024-03-01,ISRAEL_CONSTRUCTION_INPUT_INDEX,130.2,0.230947,0.0,0.308166,0.540541,1.008534,0.308166,0.540541,,
2024-04-01,ISRAEL_CONSTRUCTION_INPUT_INDEX,130.1,-0.076805,0.153965,-0.076805,0.308404,0.618716,-0.076805,0.308404,,
2024-05-01,ISRAEL_CONSTRUCTION_INPUT_INDEX,130.7,0.461184,0.384025,0.615858,0.693374,1.160991,0.615858,0.693374,,
2024-06-01,ISRAEL_CONSTRUCTION_INPUT_INDEX,131.2,0.382555,0.845503,0.768049,1.078582,1.234568,0.768049,1.078582,,
2024-07-01,ISRAEL_CONSTRUCTION_INPUT_INDEX,131.7,0.381098,0.765111,1.229823,1.152074,1.856148,1.229823,1.152074,,
2024-08-01,ISRAEL_CONSTRUCTION_INPUT_INDEX,132.0,0.22779,0.609756,0.994644,1.616628,2.009274,0.994644,1.616628,,
2024-09-01,ISRAEL_CONSTRUCTION_INPUT_INDEX,132.5,0.378788,0.607441,0.990854,1.766513,2.316602,0.990854,1.766513,,
2024-10-01,ISRAEL_CONSTRUCTION_INPUT_INDEX,132.8,0.226415,0.606061,0.835232,2.075327,2.390131,0.835232,2.075327,,
2024-11-01,ISRAEL_CONSTRUCTION_INPUT_INDEX,133.2,0.301205,0.528302,0.909091,1.912777,2.619414,0.909091,1.912777,,
2024-12-01,ISRAEL_CONSTRUCTION_INPUT_INDEX,133.6,0.3003,0.60241,0.830189,1.829268,2.927581,0.830189,1.829268,,
2025-01-01,ISRAEL_CONSTRUCTION_INPUT_INDEX,137.1,2.61976,2.927928,3.237952,4.100228,5.299539,3.237952,4.100228,,
2025-02-01,ISRAEL_CONSTRUCTION_INPUT_INDEX,137.7,0.437637,3.068862,3.378378,4.318182,6.004619,3.378378,4.318182,,
2025-03-01,ISRAEL_CONSTRUCTION_INPUT_INDEX,138.2,0.363108,0.802334,3.443114,4.301887,6.144393,3.443114,4.301887,,
2025-04-01,ISRAEL_CONSTRUCTION_INPUT_INDEX,138.4,0.144718,0.508351,0.948213,4.216867,6.379708,0.948213,4.216867,,
2025-05-01,ISRAEL_CONSTRUCTION_INPUT_INDEX,138.6,0.144509,0.289436,0.653595,4.054054,6.044376,0.653595,4.054054,,
2025-06-01,ISRAEL_CONSTRUCTION_INPUT_INDEX,138.6,0.0,0.144509,0.289436,3.742515,5.640244,0.289436,3.742515,,
2025-07-01,ISRAEL_CONSTRUCTION_INPUT_INDEX,138.7,0.07215,0.07215,0.216763,1.167031,5.31511,0.216763,1.167031,,
2025-08-01,ISRAEL_CONSTRUCTION_INPUT_INDEX,100.4,-27.613554,-27.561328,-27.561328,-27.087872,-23.939394,-27.561328,-27.087872,,
2025-09-01,ISRAEL_CONSTRUCTION_INPUT_INDEX,100.4,0.0,-27.613554,-27.561328,-27.351664,-24.226415,-27.561328,-27.351664,,
2025-10-01,ISRAEL_CONSTRUCTION_INPUT_INDEX,100.5,0.099602,0.099602,-27.541456,-27.384393,-24.322289,-27.541456,-27.384393,,
2025-11-01,ISRAEL_CONSTRUCTION_INPUT_INDEX,101.1,0.597015,0.697211,0.697211,-27.056277,-24.099099,0.697211,-27.056277,,
2025-12-01,ISRAEL_CONSTRUCTION_INPUT_INDEX,101.2,0.098912,0.696517,0.796813,-26.984127,-24.251497,0.796813,-26.984127,,
2026-01-01,ISRAEL_CONSTRUCTION_INPUT_INDEX,101.3,0.098814,0.197824,0.79602,-26.964672,-26.112327,0.79602,-26.964672,,
2026-02-01,ISRAEL_CONSTRUCTION_INPUT_INDEX,101.5,0.197433,0.296443,0.395648,1.095618,-26.289034,0.395648,1.095618,,
2026-03-01,ISRAEL_CONSTRUCTION_INPUT_INDEX,101.7,0.197044,0.394867,0.494071,1.294821,-26.410999,0.494071,1.294821,,
2026-04-01,ISRAEL_CONSTRUCTION_INPUT_INDEX,102.8,1.081613,1.280788,1.48075,2.288557,-25.722543,1.48075,2.288557,,
2026-05-01,ISRAEL_CONSTRUCTION_INPUT_INDEX,103.4,0.583658,1.671583,1.871921,2.274975,-25.396825,1.871921,2.274975,,
2026-06-01,ISRAEL_CONSTRUCTION_INPUT_INDEX,103.6,0.193424,0.77821,1.86824,2.371542,-25.252525,1.86824,2.371542,,
2026-07-01,ISRAEL_CONSTRUCTION_INPUT_INDEX,103.5,-0.096525,0.096712,0.680934,2.171767,-25.378515,0.680934,2.171767,,
2026-08-01,ISRAEL_CONSTRUCTION_INPUT_INDEX,103.9,0.386473,0.289575,0.483559,2.364532,3.486056,0.483559,2.364532,,
