year_month,product_market_family,supplier_median_pct_change,COPPER_USD_1m_pct,COPPER_ILS_1m_pct,USD_ILS_1m_pct,OIL_OR_ENERGY_1m_pct,ISRAEL_CONSTRUCTION_INPUT_INDEX_1m_pct
2017-10,COPPER_WIRE,0.0,3.50357,2.882142,-0.600393,3.561608,
2018-11,COPPER_WIRE,-22.9167,-0.380516,0.945424,1.331004,-18.017102,0.0
2018-12,COPPER_WIRE,1.2411,-1.946517,-0.664431,1.307538,-12.502962,0.088339
2019-01,COPPER_WIRE,0.0,-2.242081,-3.914193,-1.710462,3.445648,0.617829
2019-03,COPPER_WIRE,0.0,2.20581,1.961141,-0.239389,3.972889,0.0
2019-08,COPPER_WIRE,0.0,-3.900817,-4.807001,-0.942967,-7.313173,0.087489
2019-09,COPPER_WIRE,0.0,0.872406,1.202411,0.327151,4.717974,0.0
2019-10,COPPER_WIRE,0.0,-0.033896,-0.238003,-0.204176,-4.484391,-0.087413
2020-01,COPPER_WIRE,1.3158,-0.754532,-1.18293,-0.431655,-2.218097,0.174672
2020-02,COPPER_WIRE,0.0,-5.694697,-6.412889,-0.761561,-12.844856,0.0
2020-03,COPPER_WIRE,0.0,-8.880808,-4.438615,4.875146,-39.043521,0.174368
2020-04,COPPER_WIRE,0.0,-2.405338,-3.19868,-0.812895,-20.910771,-0.087032
2020-06,COPPER_WIRE,0.0,9.824164,7.984417,-1.675176,26.025459,0.0
2020-07,COPPER_WIRE,0.0,10.736904,9.898361,-0.757239,5.959791,0.0
2020-08,COPPER_WIRE,0.0405,2.133116,1.203905,-0.909804,4.124609,0.087184
2020-09,COPPER_WIRE,0.0,3.019288,3.596339,0.560139,-6.997583,-0.087108
2020-10,COPPER_WIRE,0.0,0.132908,-0.596405,-0.728346,-0.763235,-0.087184
2020-11,COPPER_WIRE,0.0,5.289034,4.182987,-1.050487,5.872071,0.0
2020-12,COPPER_WIRE,0.0,9.949642,6.245896,-3.368584,14.363125,0.4363
2021-01,COPPER_WIRE,0.0,2.572096,1.799365,-0.753353,9.623061,0.608167
2021-03,COPPER_WIRE,2.2727,6.106853,7.424799,1.242094,5.505852,0.517241
2021-04,COPPER_WIRE,0.0,3.744553,2.733116,-0.97493,-0.401648,0.77187
2021-05,COPPER_WIRE,6.1376,9.023957,8.499174,-0.481347,4.338991,0.680851
2021-06,COPPER_WIRE,0.0,-5.260378,-5.582164,-0.339654,7.513669,0.591716
2021-07,COPPER_WIRE,-0.8929,-1.875923,-1.305323,0.581509,1.211293,0.252101
2021-08,COPPER_WIRE,0.0,-0.853702,-2.277086,-1.435639,-5.127469,0.586756
2021-09,COPPER_WIRE,0.0,-0.484828,-0.985764,-0.503377,5.89527,0.25
2021-10,COPPER_WIRE,0.0,5.410458,5.675648,0.251578,12.194981,0.249377
2021-11,COPPER_WIRE,4.1586,-1.020574,-3.945573,-2.955158,-3.5471,0.497512
2021-12,COPPER_WIRE,0.0279,-1.826768,-1.46497,0.368531,-7.679761,0.247525
2022-01,COPPER_WIRE,0.0,2.420198,2.496501,0.0745,14.655028,0.823045
2022-02,COPPER_WIRE,0.0,1.644162,4.22283,2.536956,10.096214,0.489796
2022-04,COPPER_WIRE,0.0,-0.552701,-0.800791,-0.249468,-5.589013,0.965406
2022-05,COPPER_WIRE,0.0,-7.659659,-3.554189,4.44602,5.612437,0.478088
2022-06,COPPER_WIRE,0.0,-3.485625,-2.633089,0.883326,4.976282,0.555115
2022-07,COPPER_WIRE,0.0,-16.793312,-15.455392,1.607948,-10.569787,0.473186
2022-08,COPPER_WIRE,0.0,5.911384,0.816862,-4.810174,-7.23003,0.078493
2022-09,COPPER_WIRE,0.0,-3.063529,1.274555,4.475182,-7.204673,0.0
2022-10,COPPER_WIRE,0.0,-1.225515,1.746165,3.00855,3.432791,0.0
2022-11,COPPER_WIRE,0.0,5.212053,3.18853,-1.923281,-2.966258,-0.156863
2022-12,COPPER_WIRE,0.0,3.990504,3.142028,-0.815916,-10.375628,0.0
2023-02,COPPER_WIRE,0.0,-0.785574,1.933506,2.740609,-0.534382,-0.15528
2023-03,COPPER_WIRE,0.0,-0.898286,1.174591,2.091666,-5.23239,0.233281
2023-04,COPPER_WIRE,0.0,-0.532427,-0.380112,0.153131,5.399528,0.310318
2023-05,COPPER_WIRE,0.0,-6.425148,-5.304825,1.197248,-9.323655,-0.07734
2023-06,COPPER_WIRE,0.0,1.860472,1.262076,-0.587467,-1.019694,0.309598
2023-07,COPPER_WIRE,0.0,0.954697,1.666491,0.705063,6.847679,-0.231481
2023-08,COPPER_WIRE,0.0,-1.520062,0.506676,2.058021,6.315408,0.07734
2023-09,COPPER_WIRE,0.0,-0.851892,1.116543,1.985348,8.812053,0.07728
2023-10,COPPER_WIRE,3.7085,-4.051824,-0.082665,4.136774,-4.020149,0.15444
2023-11,COPPER_WIRE,0.0,3.125812,-1.345778,-4.336053,-7.601502,0.077101
2023-12,COPPER_WIRE,0.0,2.665736,-1.09968,-3.667645,-5.65229,0.0
2024-01,COPPER_WIRE,0.0,-0.672711,0.502431,1.183101,2.023508,0.308166
2024-02,COPPER_WIRE,0.0,-0.555469,-2.2595,-1.713549,3.394911,-0.230415
2024-03,COPPER_WIRE,-1.5781,4.67033,4.213732,-0.436225,3.870269,0.230947
2024-04,COPPER_WIRE,8.9468,8.659729,12.258365,3.31184,4.723457,-0.076805
2024-05,COPPER_WIRE,3.613,7.109874,5.864006,-1.163169,-6.654299,0.461184
2024-06,COPPER_WIRE,0.0,-4.635652,-4.17373,0.484376,-0.164246,0.382555
2024-07,COPPER_WIRE,0.0,-2.724393,-3.853032,-1.160249,1.364242,0.381098
2024-08,COPPER_WIRE,0.0,-4.306679,-2.953323,1.414264,-5.984696,0.22779
2024-09,COPPER_WIRE,0.0,3.095504,3.076437,-0.018494,-7.543812,0.378788
2024-10,COPPER_WIRE,2.5974,2.968559,3.465542,0.482654,3.023508,0.226415
2024-11,COPPER_WIRE,0.0,-4.806635,-5.619193,-0.853587,-2.335634,0.301205
2024-12,COPPER_WIRE,0.0,-1.827065,-4.442739,-2.664354,-0.382056,0.3003
2025-01,COPPER_WIRE,-3.125,0.749421,0.66383,-0.084954,6.781838,2.61976
2025-02,COPPER_WIRE,0.0,3.946833,2.542764,-1.350757,-3.837783,0.437637
2025-03,COPPER_WIRE,8.3065,4.338757,6.890276,2.445418,-4.590283,0.363108
2017-10,N2XY_COPPER_CABLE,-0.7936,3.50357,2.882142,-0.600393,3.561608,
2018-11,N2XY_COPPER_CABLE,0.0,-0.380516,0.945424,1.331004,-18.017102,0.0
2018-12,N2XY_COPPER_CABLE,0.0,-1.946517,-0.664431,1.307538,-12.502962,0.088339
2019-01,N2XY_COPPER_CABLE,0.0,-2.242081,-3.914193,-1.710462,3.445648,0.617829
2019-07,N2XY_COPPER_CABLE,-3.5714,1.002523,-0.475687,-1.463537,1.761905,0.0
2019-09,N2XY_COPPER_CABLE,0.0,0.872406,1.202411,0.327151,4.717974,0.0
2019-10,N2XY_COPPER_CABLE,0.0,-0.033896,-0.238003,-0.204176,-4.484391,-0.087413
2019-11,N2XY_COPPER_CABLE,-0.9804,1.783034,0.830419,-0.935926,5.123756,0.0
2020-01,N2XY_COPPER_CABLE,-0.8929,-0.754532,-1.18293,-0.431655,-2.218097,0.174672
2020-02,N2XY_COPPER_CABLE,0.0,-5.694697,-6.412889,-0.761561,-12.844856,0.0
2020-03,N2XY_COPPER_CABLE,-2.7273,-8.880808,-4.438615,4.875146,-39.043521,0.174368
2020-04,N2XY_COPPER_CABLE,-0.9091,-2.405338,-3.19868,-0.812895,-20.910771,-0.087032
2020-06,N2XY_COPPER_CABLE,0.0,9.824164,7.984417,-1.675176,26.025459,0.0
2020-07,N2XY_COPPER_CABLE,0.0,10.736904,9.898361,-0.757239,5.959791,0.0
2020-08,N2XY_COPPER_CABLE,-4.9451,2.133116,1.203905,-0.909804,4.124609,0.087184
2020-09,N2XY_COPPER_CABLE,0.8929,3.019288,3.596339,0.560139,-6.997583,-0.087108
2020-10,N2XY_COPPER_CABLE,0.0,0.132908,-0.596405,-0.728346,-0.763235,-0.087184
2020-11,N2XY_COPPER_CABLE,0.7936,5.289034,4.182987,-1.050487,5.872071,0.0
2020-12,N2XY_COPPER_CABLE,0.0,9.949642,6.245896,-3.368584,14.363125,0.4363
2021-01,N2XY_COPPER_CABLE,0.0,2.572096,1.799365,-0.753353,9.623061,0.608167
2021-02,N2XY_COPPER_CABLE,0.0,6.256689,7.855872,1.505018,12.924887,0.172712
2021-03,N2XY_COPPER_CABLE,0.0,6.106853,7.424799,1.242094,5.505852,0.517241
2021-04,N2XY_COPPER_CABLE,7.1452,3.744553,2.733116,-0.97493,-0.401648,0.77187
2021-05,N2XY_COPPER_CABLE,8.7942,9.023957,8.499174,-0.481347,4.338991,0.680851
2021-06,N2XY_COPPER_CABLE,0.0,-5.260378,-5.582164,-0.339654,7.513669,0.591716
2021-07,N2XY_COPPER_CABLE,0.0,-1.875923,-1.305323,0.581509,1.211293,0.252101
2021-08,N2XY_COPPER_CABLE,0.0,-0.853702,-2.277086,-1.435639,-5.127469,0.586756
2021-09,N2XY_COPPER_CABLE,-0.0704,-0.484828,-0.985764,-0.503377,5.89527,0.25
2021-10,N2XY_COPPER_CABLE,0.0,5.410458,5.675648,0.251578,12.194981,0.249377
2021-11,N2XY_COPPER_CABLE,4.1667,-1.020574,-3.945573,-2.955158,-3.5471,0.497512
2021-12,N2XY_COPPER_CABLE,65.4237,-1.826768,-1.46497,0.368531,-7.679761,0.247525
2022-01,N2XY_COPPER_CABLE,0.0,2.420198,2.496501,0.0745,14.655028,0.823045
2022-02,N2XY_COPPER_CABLE,0.0,1.644162,4.22283,2.536956,10.096214,0.489796
2022-04,N2XY_COPPER_CABLE,0.0,-0.552701,-0.800791,-0.249468,-5.589013,0.965406
2022-05,N2XY_COPPER_CABLE,-4.0,-7.659659,-3.554189,4.44602,5.612437,0.478088
2022-06,N2XY_COPPER_CABLE,0.0,-3.485625,-2.633089,0.883326,4.976282,0.555115
2022-07,N2XY_COPPER_CABLE,0.0,-16.793312,-15.455392,1.607948,-10.569787,0.473186
2022-08,N2XY_COPPER_CABLE,0.0,5.911384,0.816862,-4.810174,-7.23003,0.078493
2022-09,N2XY_COPPER_CABLE,-2.6667,-3.063529,1.274555,4.475182,-7.204673,0.0
2022-10,N2XY_COPPER_CABLE,0.0,-1.225515,1.746165,3.00855,3.432791,0.0
2022-11,N2XY_COPPER_CABLE,0.0,5.212053,3.18853,-1.923281,-2.966258,-0.156863
2022-12,N2XY_COPPER_CABLE,0.0,3.990504,3.142028,-0.815916,-10.375628,0.0
2023-02,N2XY_COPPER_CABLE,0.0,-0.785574,1.933506,2.740609,-0.534382,-0.15528
2023-03,N2XY_COPPER_CABLE,4.1667,-0.898286,1.174591,2.091666,-5.23239,0.233281
2023-04,N2XY_COPPER_CABLE,2.0408,-0.532427,-0.380112,0.153131,5.399528,0.310318
2023-05,N2XY_COPPER_CABLE,0.0,-6.425148,-5.304825,1.197248,-9.323655,-0.07734
2023-06,N2XY_COPPER_CABLE,0.0,1.860472,1.262076,-0.587467,-1.019694,0.309598
2023-07,N2XY_COPPER_CABLE,0.0,0.954697,1.666491,0.705063,6.847679,-0.231481
2023-08,N2XY_COPPER_CABLE,0.0,-1.520062,0.506676,2.058021,6.315408,0.07734
2023-09,N2XY_COPPER_CABLE,0.0,-0.851892,1.116543,1.985348,8.812053,0.07728
2023-10,N2XY_COPPER_CABLE,1.9608,-4.051824,-0.082665,4.136774,-4.020149,0.15444
2023-11,N2XY_COPPER_CABLE,0.0,3.125812,-1.345778,-4.336053,-7.601502,0.077101
2023-12,N2XY_COPPER_CABLE,0.0,2.665736,-1.09968,-3.667645,-5.65229,0.0
2024-01,N2XY_COPPER_CABLE,0.0,-0.672711,0.502431,1.183101,2.023508,0.308166
2024-02,N2XY_COPPER_CABLE,0.0,-0.555469,-2.2595,-1.713549,3.394911,-0.230415
2024-03,N2XY_COPPER_CABLE,2.1164,4.67033,4.213732,-0.436225,3.870269,0.230947
2024-04,N2XY_COPPER_CABLE,0.3247,8.659729,12.258365,3.31184,4.723457,-0.076805
2024-05,N2XY_COPPER_CABLE,0.0,7.109874,5.864006,-1.163169,-6.654299,0.461184
2024-06,N2XY_COPPER_CABLE,0.0,-4.635652,-4.17373,0.484376,-0.164246,0.382555
2024-07,N2XY_COPPER_CABLE,0.0,-2.724393,-3.853032,-1.160249,1.364242,0.381098
2024-08,N2XY_COPPER_CABLE,0.0,-4.306679,-2.953323,1.414264,-5.984696,0.22779
2024-09,N2XY_COPPER_CABLE,0.0,3.095504,3.076437,-0.018494,-7.543812,0.378788
2024-10,N2XY_COPPER_CABLE,2.5974,2.968559,3.465542,0.482654,3.023508,0.226415
2024-11,N2XY_COPPER_CABLE,0.0,-4.806635,-5.619193,-0.853587,-2.335634,0.301205
2024-12,N2XY_COPPER_CABLE,-2.4691,-1.827065,-4.442739,-2.664354,-0.382056,0.3003
2025-01,N2XY_COPPER_CABLE,-2.1309,0.749421,0.66383,-0.084954,6.781838,2.61976
2025-02,N2XY_COPPER_CABLE,-0.6493,3.946833,2.542764,-1.350757,-3.837783,0.437637
2025-03,N2XY_COPPER_CABLE,0.0,4.338757,6.890276,2.445418,-4.590283,0.363108
