family,copper_move_type,copper_threshold_pct,copper_horizon_proxy_days,supplier_response_window,event_count,median_supplier_pct_change,mean_supplier_pct_change
COPPER_WIRE,UP,3,30,0-30d,148,1.8519,7.9604
COPPER_WIRE,UP,3,30,31-60d,157,5.1314,8.2775
COPPER_WIRE,UP,3,30,61-90d,124,2.7778,9.7161
COPPER_WIRE,UP,5,60,0-30d,94,4.3478,12.175
COPPER_WIRE,UP,5,60,31-60d,93,5.1314,9.4363
COPPER_WIRE,UP,5,60,61-90d,64,1.7857,5.3535
COPPER_WIRE,UP,10,90,0-30d,14,9.0526,7.7205
COPPER_WIRE,UP,10,90,31-60d,2,5.596,5.596
COPPER_WIRE,UP,10,90,61-90d,10,1.7857,1.4141
COPPER_WIRE,DOWN,-3,30,0-30d,51,-3.1746,1.6444
COPPER_WIRE,DOWN,-3,30,31-60d,72,-4.1722,-1.3298
COPPER_WIRE,DOWN,-3,30,61-90d,65,-2.5641,-2.3071
COPPER_WIRE,DOWN,-5,60,0-30d,21,-1.8182,7.7168
COPPER_WIRE,DOWN,-5,60,31-60d,48,-3.0303,0.2036
COPPER_WIRE,DOWN,-5,60,61-90d,37,-1.8182,-1.5218
COPPER_WIRE,DOWN,-10,90,0-30d,0,,
COPPER_WIRE,DOWN,-10,90,31-60d,8,-5.9516,-4.8561
COPPER_WIRE,DOWN,-10,90,61-90d,8,-4.0816,-4.4338
N2XY_COPPER_CABLE,UP,3,30,0-30d,58,2.8334,4.8122
N2XY_COPPER_CABLE,UP,3,30,31-60d,62,5.33,4.8977
N2XY_COPPER_CABLE,UP,3,30,61-90d,51,4.1667,3.7248
N2XY_COPPER_CABLE,UP,5,60,0-30d,36,2.7757,3.2216
N2XY_COPPER_CABLE,UP,5,60,31-60d,37,6.5293,5.4112
N2XY_COPPER_CABLE,UP,5,60,61-90d,32,4.1667,4.8299
N2XY_COPPER_CABLE,UP,10,90,0-30d,1,7.6923,7.6923
N2XY_COPPER_CABLE,UP,10,90,31-60d,1,-9.8901,-9.8901
N2XY_COPPER_CABLE,UP,10,90,61-90d,4,2.1124,1.1534
N2XY_COPPER_CABLE,DOWN,-3,30,0-30d,26,-2.5316,-2.495
N2XY_COPPER_CABLE,DOWN,-3,30,31-60d,30,-1.9231,-1.4858
N2XY_COPPER_CABLE,DOWN,-3,30,61-90d,31,-2.5316,-2.5375
N2XY_COPPER_CABLE,DOWN,-5,60,0-30d,12,-4.5423,-1.6869
N2XY_COPPER_CABLE,DOWN,-5,60,31-60d,21,-1.8182,0.1024
N2XY_COPPER_CABLE,DOWN,-5,60,61-90d,17,-1.8182,-1.253
N2XY_COPPER_CABLE,DOWN,-10,90,0-30d,3,-8.1525,-4.0559
N2XY_COPPER_CABLE,DOWN,-10,90,31-60d,4,-1.9231,-0.9199
N2XY_COPPER_CABLE,DOWN,-10,90,61-90d,4,-6.5882,-4.9028
