date,trade,pressure_score,pressure_direction,confidence,pressure_score_1m_change,pressure_score_3m_change,pressure_momentum,local_confirmation,weighted_data_coverage,component_copper,component_cbs,component_fx,component_energy,component_aluminium,component_supplier,component_polymer,component_scrap,component_iron_ore,component_steel
2016-01-01,ELECTRICAL,50.0,NEUTRAL,LOW,,,STABLE,NO_LOCAL_DATA,0.0,,,,,,,,,,
2016-01-01,PLUMBING,50.0,NEUTRAL,LOW,,,STABLE,NO_LOCAL_DATA,0.0,,,,,,,,,,
2016-01-01,STEEL_REBAR,50.0,NEUTRAL,LOW,,,STABLE,NO_LOCAL_DATA,0.0,,,,,,,,,,
2016-02-01,ELECTRICAL,60.41,UP,MEDIUM,10.41,,RISING_FAST,NO_LOCAL_DATA,0.6,61.13,,37.19,81.43,70.59,,,,,
2016-02-01,PLUMBING,54.66,NEUTRAL,LOW,4.66,,RISING,NOT_CONFIRMED,0.4,,,37.19,81.43,,,50.0,,,
2016-02-01,STEEL_REBAR,76.75,UP,LOW,26.75,,RISING_FAST,NO_LOCAL_DATA,0.35,,,37.19,81.43,,,,,100.0,
2016-03-01,ELECTRICAL,73.0,UP,MEDIUM,12.59,,RISING_FAST,NO_LOCAL_DATA,0.6,86.19,,36.43,100.0,49.9,,,,,
2016-03-01,PLUMBING,59.11,UP,LOW,4.45,,RISING,NOT_CONFIRMED,0.4,,,36.43,100.0,,,50.0,,,
2016-03-01,STEEL_REBAR,81.84,STRONG_UP,LOW,5.09,,RISING,NO_LOCAL_DATA,0.35,,,36.43,100.0,,,,,100.0,
2016-04-01,ELECTRICAL,59.07,UP,MEDIUM,-13.93,9.07,FALLING_FAST,NO_LOCAL_DATA,0.6,61.6,,10.3,98.73,79.14,,,,,
2016-04-01,PLUMBING,51.15,NEUTRAL,LOW,-7.96,1.15,FALLING,NOT_CONFIRMED,0.4,,,10.3,98.73,,,47.78,,,
2016-04-01,STEEL_REBAR,72.95,UP,LOW,-8.89,22.95,FALLING,NO_LOCAL_DATA,0.35,,,10.3,98.73,,,,,97.52,
2016-05-01,ELECTRICAL,48.11,NEUTRAL,MEDIUM,-10.96,-12.3,FALLING_FAST,NO_LOCAL_DATA,0.6,43.57,,32.82,100.0,53.3,,,,,
2016-05-01,PLUMBING,57.41,NEUTRAL,LOW,6.26,2.76,RISING,NOT_CONFIRMED,0.4,,,32.82,100.0,,,48.41,,,
2016-05-01,STEEL_REBAR,69.38,UP,LOW,-3.57,-7.37,STABLE,NO_LOCAL_DATA,0.35,,,32.82,100.0,,,,,73.33,
2016-06-01,ELECTRICAL,42.65,NEUTRAL,MEDIUM,-5.45,-30.35,FALLING,NO_LOCAL_DATA,0.6,24.24,,51.93,93.43,72.45,,,,,
2016-06-01,PLUMBING,64.01,UP,LOW,6.59,4.9,RISING,NOT_CONFIRMED,0.4,,,51.93,93.43,,,55.33,,,
2016-06-01,STEEL_REBAR,46.48,NEUTRAL,LOW,-22.9,-35.36,FALLING_FAST,NO_LOCAL_DATA,0.35,,,51.93,93.43,,,,,11.53,
2016-07-01,ELECTRICAL,70.96,UP,MEDIUM,28.31,11.89,RISING_FAST,NO_LOCAL_DATA,0.6,72.42,,54.47,77.83,78.91,,,,,
2016-07-01,PLUMBING,61.62,UP,LOW,-2.39,10.47,RISING,NOT_CONFIRMED,0.4,,,54.47,77.83,,,57.09,,,
2016-07-01,STEEL_REBAR,62.48,UP,LOW,16.01,-10.46,RISING_FAST,NO_LOCAL_DATA,0.35,,,54.47,77.83,,,,,57.6,
2016-08-01,ELECTRICAL,51.89,NEUTRAL,MEDIUM,-19.07,3.78,FALLING_FAST,NO_LOCAL_DATA,0.6,48.19,,33.1,61.75,78.69,,,,,
2016-08-01,PLUMBING,57.28,NEUTRAL,LOW,-4.34,-0.13,FALLING,NOT_CONFIRMED,0.4,,,33.1,61.75,,,67.14,,,
2016-08-01,STEEL_REBAR,67.73,UP,LOW,5.24,-1.65,RISING,NO_LOCAL_DATA,0.35,,,33.1,61.75,,,,,94.8,
2016-09-01,ELECTRICAL,37.46,DOWN,MEDIUM,-14.43,-5.2,FALLING_FAST,NO_LOCAL_DATA,0.6,34.6,,24.69,50.84,53.53,,,,,
2016-09-01,PLUMBING,49.73,NEUTRAL,LOW,-7.55,-14.28,FALLING,NOT_CONFIRMED,0.4,,,24.69,50.84,,,61.69,,,
2016-09-01,STEEL_REBAR,52.65,NEUTRAL,LOW,-15.08,6.17,FALLING_FAST,NO_LOCAL_DATA,0.35,,,24.69,50.84,,,,,72.49,
2016-10-01,ELECTRICAL,49.93,NEUTRAL,MEDIUM,12.47,-21.03,RISING_FAST,NO_LOCAL_DATA,0.6,36.48,,49.69,98.82,72.8,,,,,
2016-10-01,PLUMBING,67.74,UP,LOW,18.01,6.12,RISING_FAST,NOT_CONFIRMED,0.4,,,49.69,98.82,,,61.23,,,
2016-10-01,STEEL_REBAR,66.23,UP,LOW,13.58,3.74,RISING_FAST,NO_LOCAL_DATA,0.35,,,49.69,98.82,,,,,55.53,
2016-11-01,ELECTRICAL,86.36,STRONG_UP,MEDIUM,36.43,34.47,RISING_FAST,NO_LOCAL_DATA,0.6,100.0,,62.46,37.2,87.09,,,,,
2016-11-01,PLUMBING,52.85,NEUTRAL,LOW,-14.9,-4.44,FALLING_FAST,NOT_CONFIRMED,0.4,,,62.46,37.2,,,55.86,,,
2016-11-01,STEEL_REBAR,71.33,UP,LOW,5.1,3.6,RISING,NO_LOCAL_DATA,0.35,,,62.46,37.2,,,,,100.0,
2016-12-01,ELECTRICAL,86.75,STRONG_UP,MEDIUM,0.39,49.29,RISING,NO_LOCAL_DATA,0.6,94.19,,56.4,100.0,84.44,,,,,
2016-12-01,PLUMBING,66.04,UP,LOW,13.2,16.31,RISING_FAST,NOT_CONFIRMED,0.4,,,56.4,100.0,,,53.88,,,
2016-12-01,STEEL_REBAR,86.56,STRONG_UP,LOW,15.23,33.91,RISING_FAST,NO_LOCAL_DATA,0.35,,,56.4,100.0,,,,,97.71,
2017-01-01,ELECTRICAL,83.58,STRONG_UP,MEDIUM,-3.16,33.65,RISING,NO_LOCAL_DATA,0.6,91.79,,46.67,88.28,89.45,,,,,
2017-01-01,PLUMBING,72.45,UP,LOW,6.41,4.71,RISING,NOT_CONFIRMED,0.4,,,46.67,88.28,,,77.42,,,
2017-01-01,STEEL_REBAR,78.06,UP,LOW,-8.5,11.83,FALLING,NO_LOCAL_DATA,0.35,,,46.67,88.28,,,,,92.18,
2017-02-01,ELECTRICAL,74.04,UP,MEDIUM,-9.54,-12.31,FALLING,NO_LOCAL_DATA,0.6,82.52,,21.1,90.86,88.93,,,,,
2017-02-01,PLUMBING,62.9,UP,LOW,-9.54,10.06,FALLING,NOT_CONFIRMED,0.4,,,21.1,90.86,,,69.83,,,
2017-02-01,STEEL_REBAR,71.32,UP,LOW,-6.75,-0.01,FALLING,NO_LOCAL_DATA,0.45,,,21.1,90.86,,,,,100.0,58.96
2017-03-01,ELECTRICAL,52.72,NEUTRAL,MEDIUM,-21.33,-34.03,FALLING_FAST,NO_LOCAL_DATA,0.6,54.28,,11.01,45.13,92.72,,,,,
2017-03-01,PLUMBING,48.95,NEUTRAL,LOW,-13.96,-17.09,FALLING_FAST,NOT_CONFIRMED,0.4,,,11.01,45.13,,,69.83,,,
2017-03-01,STEEL_REBAR,53.4,NEUTRAL,LOW,-17.92,-33.16,FALLING_FAST,NO_LOCAL_DATA,0.45,,,11.01,45.13,,,,,87.08,53.54
2017-04-01,ELECTRICAL,47.65,NEUTRAL,MEDIUM,-5.06,-35.93,FALLING,NO_LOCAL_DATA,0.6,45.73,,13.77,52.59,85.81,,,,,
2017-04-01,PLUMBING,45.31,NEUTRAL,LOW,-3.64,-27.14,FALLING,NOT_CONFIRMED,0.4,,,13.77,52.59,,,57.44,,,
2017-04-01,STEEL_REBAR,38.0,DOWN,LOW,-15.4,-40.06,FALLING_FAST,NO_LOCAL_DATA,0.45,,,13.77,52.59,,,,,30.0,59.64
2017-05-01,ELECTRICAL,33.6,DOWN,HIGH,-14.05,-40.44,FALLING_FAST,NO_LOCAL_DATA,0.85,16.27,50.0,12.27,36.7,73.08,,,,,
2017-05-01,PLUMBING,46.52,NEUTRAL,MEDIUM,1.21,-16.39,FALLING,NOT_CONFIRMED,0.7,,50.0,12.27,36.7,,,63.32,,,
2017-05-01,STEEL_REBAR,21.96,DOWN,LOW,-16.04,-49.36,FALLING_FAST,NO_LOCAL_DATA,0.45,,,12.27,36.7,,,,,0.0,49.85
2017-06-01,ELECTRICAL,32.38,DOWN,HIGH,-1.22,-20.34,FALLING,NO_LOCAL_DATA,0.85,24.27,46.63,12.62,3.2,59.47,,,,,
2017-06-01,PLUMBING,43.15,NEUTRAL,MEDIUM,-3.37,-5.8,STABLE,NOT_CONFIRMED,0.7,,50.0,12.62,3.2,,,68.11,,,
2017-06-01,STEEL_REBAR,15.12,STRONG_DOWN,LOW,-6.84,-38.28,FALLING,NO_LOCAL_DATA,0.45,,,12.62,3.2,,,,,3.11,47.54
2017-07-01,ELECTRICAL,48.06,NEUTRAL,HIGH,15.68,0.41,RISING_FAST,NO_LOCAL_DATA,0.85,57.72,47.59,20.56,16.58,58.69,,,,,
2017-07-01,PLUMBING,44.1,NEUTRAL,MEDIUM,0.95,-1.21,STABLE,NOT_CONFIRMED,0.7,,50.0,20.56,16.58,,,60.78,,,
2017-07-01,STEEL_REBAR,29.89,DOWN,LOW,14.78,-8.11,RISING_FAST,NO_LOCAL_DATA,0.45,,,20.56,16.58,,,,,29.6,52.99
2017-08-01,ELECTRICAL,74.02,UP,HIGH,25.96,40.42,RISING_FAST,NO_LOCAL_DATA,0.85,94.31,57.71,42.44,47.79,88.49,,,,,
2017-08-01,PLUMBING,48.76,NEUTRAL,MEDIUM,4.66,2.25,RISING,NOT_CONFIRMED,0.7,,45.27,42.44,47.79,,,57.64,,,
2017-08-01,STEEL_REBAR,55.29,NEUTRAL,LOW,25.39,33.33,RISING_FAST,NO_LOCAL_DATA,0.45,,,42.44,47.79,,,,,70.0,53.57
2017-09-01,ELECTRICAL,86.53,STRONG_UP,HIGH,12.51,54.15,RISING_FAST,NO_LOCAL_DATA,0.85,88.63,100.0,35.24,92.21,93.99,,,,,
2017-09-01,PLUMBING,53.71,NEUTRAL,MEDIUM,4.95,10.56,RISING,NOT_CONFIRMED,0.7,,46.62,35.24,92.21,,,54.33,,,
2017-09-01,STEEL_REBAR,59.88,UP,LOW,4.59,44.76,RISING,NO_LOCAL_DATA,0.45,,,35.24,92.21,,,,,52.26,63.61
2017-10-01,ELECTRICAL,84.82,STRONG_UP,HIGH,-1.71,36.76,RISING,NO_LOCAL_DATA,0.85,93.53,90.64,29.78,90.23,92.09,,,,,
2017-10-01,PLUMBING,51.61,NEUTRAL,MEDIUM,-2.11,7.51,STABLE,NOT_CONFIRMED,0.7,,46.22,29.78,90.23,,,51.28,,,
2017-10-01,STEEL_REBAR,42.42,NEUTRAL,LOW,-17.46,12.52,FALLING_FAST,NO_LOCAL_DATA,0.45,,,29.78,90.23,,,,,2.94,66.46
2017-11-01,ELECTRICAL,77.42,UP,HIGH,-7.4,3.4,FALLING,NO_LOCAL_DATA,0.85,74.27,98.86,28.64,99.37,72.68,,,,,
2017-11-01,PLUMBING,53.79,NEUTRAL,MEDIUM,2.18,5.02,STABLE,NOT_CONFIRMED,0.7,,48.58,28.64,99.37,,,51.38,,,
2017-11-01,STEEL_REBAR,54.12,NEUTRAL,LOW,11.7,-1.17,RISING_FAST,NO_LOCAL_DATA,0.45,,,28.64,99.37,,,,,34.98,63.06
2017-12-01,ELECTRICAL,73.24,UP,HIGH,-4.18,-13.29,FALLING,NO_LOCAL_DATA,0.85,73.74,86.53,40.33,92.44,61.6,,,,,
2017-12-01,PLUMBING,53.82,NEUTRAL,MEDIUM,0.04,0.11,STABLE,NOT_CONFIRMED,0.7,,48.58,40.33,92.44,,,49.12,,,
2017-12-01,STEEL_REBAR,71.3,UP,LOW,17.18,11.42,RISING_FAST,NO_LOCAL_DATA,0.45,,,40.33,92.44,,,,,85.95,59.15
2018-01-01,ELECTRICAL,72.39,UP,HIGH,-0.85,-12.42,FALLING,NO_LOCAL_DATA,0.85,70.17,87.77,18.24,98.03,83.09,,,,,
2018-01-01,PLUMBING,56.43,NEUTRAL,MEDIUM,2.61,4.82,STABLE,NOT_CONFIRMED,0.7,,48.58,18.24,98.03,,,66.5,,,
2018-01-01,STEEL_REBAR,68.82,UP,LOW,-2.48,26.4,RISING,NO_LOCAL_DATA,0.45,,,18.24,98.03,,,,,96.51,48.65
2018-02-01,ELECTRICAL,68.94,UP,HIGH,-3.46,-8.48,FALLING,NO_LOCAL_DATA,0.85,66.41,81.44,40.84,73.12,72.54,,,,,
2018-02-01,PLUMBING,55.65,NEUTRAL,MEDIUM,-0.78,1.87,STABLE,NOT_CONFIRMED,0.7,,50.0,40.84,73.12,,,62.81,,,
2018-02-01,STEEL_REBAR,74.45,UP,MEDIUM,5.63,20.33,RISING,NO_LOCAL_DATA,0.65,,,40.84,73.12,,,,82.58,85.48,76.6
2018-03-01,ELECTRICAL,54.9,NEUTRAL,HIGH,-14.04,-18.35,FALLING_FAST,NO_LOCAL_DATA,0.85,44.36,77.85,36.7,80.56,39.75,,,,,
2018-03-01,PLUMBING,56.05,NEUTRAL,MEDIUM,0.4,2.23,STABLE,NOT_CONFIRMED,0.7,,50.0,36.7,80.56,,,62.55,,,
2018-03-01,STEEL_REBAR,54.23,NEUTRAL,MEDIUM,-20.22,-17.06,FALLING_FAST,NO_LOCAL_DATA,0.65,,,36.7,80.56,,,,44.68,45.15,78.16
2018-04-01,ELECTRICAL,67.44,UP,HIGH,12.54,-4.96,RISING_FAST,NO_LOCAL_DATA,0.85,56.08,73.31,75.01,86.33,75.46,,,,,
2018-04-01,PLUMBING,60.45,UP,MEDIUM,4.4,4.02,RISING,NOT_CONFIRMED,0.7,,50.0,75.01,86.33,,,55.91,,,
2018-04-01,STEEL_REBAR,74.48,UP,MEDIUM,20.25,5.67,RISING_FAST,NO_LOCAL_DATA,0.65,,,75.01,86.33,,,,95.69,30.8,85.23
2018-05-01,ELECTRICAL,74.92,UP,HIGH,7.48,5.98,RISING,NO_LOCAL_DATA,0.85,55.5,93.5,77.15,97.56,82.87,,,,,
2018-05-01,PLUMBING,67.7,UP,MEDIUM,7.24,12.04,RISING,NOT_CONFIRMED,0.7,,62.86,77.15,97.56,,,55.28,,,
2018-05-01,STEEL_REBAR,71.04,UP,MEDIUM,-3.44,-3.41,STABLE,NO_LOCAL_DATA,0.65,,,77.15,97.56,,,,74.33,34.66,86.39
2018-06-01,ELECTRICAL,81.46,STRONG_UP,HIGH,6.55,26.56,RISING,NO_LOCAL_DATA,0.85,79.57,83.44,81.22,88.16,80.02,,,,,
2018-06-01,PLUMBING,66.98,UP,MEDIUM,-0.72,10.93,RISING,NOT_CONFIRMED,0.7,,60.29,81.22,88.16,,,59.3,,,
2018-06-01,STEEL_REBAR,51.1,NEUTRAL,HIGH,-19.94,-3.14,FALLING_FAST,NOT_CONFIRMED,1.0,,21.04,81.22,88.16,,,,74.39,21.75,86.53
2018-07-01,ELECTRICAL,45.97,NEUTRAL,HIGH,-35.49,-21.46,FALLING_FAST,NO_LOCAL_DATA,0.85,13.67,82.87,85.13,76.88,12.22,,,,,
2018-07-01,PLUMBING,62.57,UP,MEDIUM,-4.41,2.12,FALLING,NOT_CONFIRMED,0.7,,54.5,85.13,76.88,,,56.22,,,
2018-07-01,STEEL_REBAR,80.57,STRONG_UP,HIGH,29.47,6.08,RISING_FAST,CONFIRMED_UP,1.0,,100.0,85.13,76.88,,,,75.6,38.71,84.4
2018-08-01,ELECTRICAL,33.78,DOWN,HIGH,-12.19,-41.13,FALLING_FAST,NO_LOCAL_DATA,0.85,8.58,55.89,79.09,50.61,12.99,,,,,
2018-08-01,PLUMBING,52.72,NEUTRAL,MEDIUM,-9.85,-14.98,FALLING,NOT_CONFIRMED,0.7,,44.47,79.09,50.61,,,52.95,,,
2018-08-01,STEEL_REBAR,65.97,UP,HIGH,-14.6,-5.07,FALLING_FAST,CONFIRMED_UP,1.0,,77.51,79.09,50.61,,,,53.75,43.33,86.22
2018-09-01,ELECTRICAL,33.92,DOWN,HIGH,0.14,-47.54,FALLING,NO_LOCAL_DATA,0.85,9.77,54.78,53.41,86.1,20.73,,,,,
2018-09-01,PLUMBING,52.71,NEUTRAL,MEDIUM,-0.0,-14.27,FALLING,NOT_CONFIRMED,0.7,,42.11,53.41,86.1,,,51.56,,,
2018-09-01,STEEL_REBAR,65.24,UP,HIGH,-0.73,14.15,RISING,CONFIRMED_UP,1.0,,72.24,53.41,86.1,,,,48.31,53.89,82.61
2018-10-01,ELECTRICAL,52.23,NEUTRAL,HIGH,18.31,6.26,RISING_FAST,NO_LOCAL_DATA,0.85,44.73,59.43,67.68,87.32,27.49,,,,,
2018-10-01,PLUMBING,56.43,NEUTRAL,MEDIUM,3.71,-6.14,STABLE,NOT_CONFIRMED,0.7,,46.7,67.68,87.32,,,49.95,,,
2018-10-01,STEEL_REBAR,55.2,NEUTRAL,HIGH,-10.04,-25.37,FALLING_FAST,NOT_CONFIRMED,1.0,,6.67,67.68,87.32,,,,79.42,88.76,81.63
2018-11-01,ELECTRICAL,36.85,DOWN,HIGH,-15.38,3.06,FALLING_FAST,CONFIRMED_DOWN,1.0,51.2,42.04,70.61,0.0,13.57,0.0,,,,
2018-11-01,PLUMBING,44.01,NEUTRAL,MEDIUM,-12.42,-8.71,FALLING_FAST,NOT_CONFIRMED,0.7,,44.97,70.61,0.0,,,51.25,,,
2018-11-01,STEEL_REBAR,50.03,NEUTRAL,HIGH,-5.17,-15.94,FALLING,NOT_CONFIRMED,1.0,,9.89,70.61,0.0,,,,97.69,81.24,77.82
2018-12-01,ELECTRICAL,49.04,NEUTRAL,HIGH,12.19,15.12,RISING_FAST,NOT_CONFIRMED,1.0,50.18,44.84,89.49,0.0,18.36,63.24,,,,
2018-12-01,PLUMBING,47.12,NEUTRAL,MEDIUM,3.12,-5.59,STABLE,NOT_CONFIRMED,0.7,,46.75,89.49,0.0,,,50.07,,,
2018-12-01,STEEL_REBAR,39.22,DOWN,HIGH,-10.81,-26.03,FALLING_FAST,CONFIRMED_DOWN,1.0,,14.38,89.49,0.0,,,,50.19,50.45,76.3
2019-01-01,ELECTRICAL,42.32,NEUTRAL,HIGH,-6.73,-9.92,FALLING,NOT_CONFIRMED,1.0,27.25,93.94,55.98,14.19,8.43,14.29,,,,
2019-01-01,PLUMBING,47.95,NEUTRAL,MEDIUM,0.83,-8.48,FALLING,NOT_CONFIRMED,0.7,,46.69,55.98,14.19,,,62.7,,,
2019-01-01,STEEL_REBAR,29.3,DOWN,HIGH,-9.92,-25.9,FALLING,CONFIRMED_DOWN,1.0,,8.62,55.98,14.19,,,,0.0,87.6,61.27
2019-02-01,ELECTRICAL,57.85,NEUTRAL,HIGH,15.54,21.01,RISING_FAST,NO_LOCAL_DATA,0.85,59.09,85.62,28.87,34.38,24.82,,,,,
2019-02-01,PLUMBING,48.14,NEUTRAL,MEDIUM,0.19,4.13,STABLE,NOT_CONFIRMED,0.7,,50.71,28.87,34.38,,,60.78,,,
2019-02-01,STEEL_REBAR,29.65,DOWN,HIGH,0.35,-20.38,FALLING,CONFIRMED_DOWN,1.0,,5.76,28.87,34.38,,,,8.26,100.0,46.6
2019-03-01,ELECTRICAL,55.89,NEUTRAL,HIGH,-1.96,6.85,STABLE,NOT_CONFIRMED,1.0,70.84,86.12,32.82,64.8,30.47,0.0,,,,
2019-03-01,PLUMBING,52.85,NEUTRAL,MEDIUM,4.72,5.73,RISING,NOT_CONFIRMED,0.7,,50.12,32.82,64.8,,,60.99,,,
2019-03-01,STEEL_REBAR,33.03,DOWN,HIGH,3.38,-6.18,STABLE,CONFIRMED_DOWN,1.0,,13.97,32.82,64.8,,,,7.72,89.26,34.48
2019-04-01,ELECTRICAL,57.93,NEUTRAL,HIGH,2.04,15.61,RISING,NO_LOCAL_DATA,0.85,68.75,63.23,27.0,67.42,32.98,,,,,
2019-04-01,PLUMBING,51.17,NEUTRAL,MEDIUM,-1.68,3.22,STABLE,NOT_CONFIRMED,0.7,,51.78,27.0,67.42,,,54.21,,,
2019-04-01,STEEL_REBAR,46.68,NEUTRAL,HIGH,13.65,17.38,RISING_FAST,NOT_CONFIRMED,1.0,,39.92,27.0,67.42,,,,24.39,98.83,35.69
2019-05-01,ELECTRICAL,36.94,DOWN,HIGH,-20.99,-20.92,FALLING_FAST,NO_LOCAL_DATA,0.85,17.06,63.73,33.95,82.29,19.83,,,,,
2019-05-01,PLUMBING,55.2,NEUTRAL,MEDIUM,4.03,7.06,RISING,NOT_CONFIRMED,0.7,,53.91,33.95,82.29,,,54.21,,,
2019-05-01,STEEL_REBAR,31.66,DOWN,HIGH,-15.03,2.0,FALLING_FAST,CONFIRMED_DOWN,1.0,,1.57,33.95,82.29,,,,10.93,98.15,25.73
2019-06-01,ELECTRICAL,31.33,DOWN,HIGH,-5.6,-24.56,FALLING,NO_LOCAL_DATA,0.85,12.33,61.17,33.75,37.74,17.63,,,,,
2019-06-01,PLUMBING,47.2,NEUTRAL,MEDIUM,-7.99,-5.65,FALLING,NOT_CONFIRMED,0.7,,50.24,33.75,37.74,,,54.1,,,
2019-06-01,STEEL_REBAR,25.68,DOWN,HIGH,-5.97,-7.35,FALLING,CONFIRMED_DOWN,1.0,,3.52,33.75,37.74,,,,1.45,98.12,22.92
2019-07-01,ELECTRICAL,42.07,NEUTRAL,HIGH,10.74,-15.85,RISING_FAST,NOT_CONFIRMED,1.0,19.31,47.62,25.4,38.97,39.22,100.0,,,,
2019-07-01,PLUMBING,48.34,NEUTRAL,MEDIUM,1.14,-2.83,STABLE,NOT_CONFIRMED,0.7,,57.81,25.4,38.97,,,50.28,,,
2019-07-01,STEEL_REBAR,28.69,DOWN,HIGH,3.0,-18.0,FALLING,CONFIRMED_DOWN,1.0,,11.31,25.4,38.97,,,,10.49,99.33,12.92
2019-08-01,ELECTRICAL,20.69,DOWN,HIGH,-21.38,-16.24,FALLING_FAST,CONFIRMED_DOWN,1.0,9.64,47.62,23.28,5.27,28.24,0.0,,,,
2019-08-01,PLUMBING,41.65,NEUTRAL,MEDIUM,-6.68,-13.54,FALLING,NOT_CONFIRMED,0.7,,53.9,23.28,5.27,,,50.66,,,
2019-08-01,STEEL_REBAR,25.43,DOWN,HIGH,-3.25,-6.22,STABLE,CONFIRMED_DOWN,1.0,,17.49,23.28,5.27,,,,51.45,29.86,16.86
2019-09-01,ELECTRICAL,41.05,NEUTRAL,HIGH,20.36,9.72,RISING_FAST,NOT_CONFIRMED,1.0,24.07,49.11,29.01,40.74,39.94,76.14,,,,
2019-09-01,PLUMBING,47.9,NEUTRAL,MEDIUM,6.25,0.7,RISING,NOT_CONFIRMED,0.7,,54.85,29.01,40.74,,,50.51,,,
2019-09-01,STEEL_REBAR,26.24,DOWN,HIGH,0.81,0.56,STABLE,CONFIRMED_DOWN,1.0,,22.72,29.01,40.74,,,,19.41,33.5,24.1
2019-10-01,ELECTRICAL,27.59,DOWN,HIGH,-13.47,-14.49,FALLING_FAST,CONFIRMED_DOWN,1.0,22.94,43.17,36.37,10.02,25.32,13.98,,,,
2019-10-01,PLUMBING,43.09,NEUTRAL,MEDIUM,-4.82,-5.25,FALLING,NOT_CONFIRMED,0.7,,51.18,36.37,10.02,,,50.83,,,
2019-10-01,STEEL_REBAR,14.26,STRONG_DOWN,HIGH,-11.98,-14.43,FALLING_FAST,CONFIRMED_DOWN,1.0,,14.24,36.37,10.02,,,,2.07,9.68,27.73
2019-11-01,ELECTRICAL,54.44,NEUTRAL,HIGH,26.85,33.74,RISING_FAST,NOT_CONFIRMED,1.0,46.91,44.36,32.17,56.39,58.91,100.0,,,,
2019-11-01,PLUMBING,49.14,NEUTRAL,MEDIUM,6.05,7.48,RISING,NOT_CONFIRMED,0.7,,51.3,32.17,56.39,,,50.75,,,
2019-11-01,STEEL_REBAR,22.88,DOWN,HIGH,8.62,-2.55,RISING,CONFIRMED_DOWN,1.0,,19.49,32.17,56.39,,,,17.91,2.87,31.9
2019-12-01,ELECTRICAL,54.94,NEUTRAL,HIGH,0.51,13.89,RISING,NO_LOCAL_DATA,0.85,66.19,45.24,29.98,75.34,54.59,,,,,
2019-12-01,PLUMBING,51.62,NEUTRAL,MEDIUM,2.48,3.72,STABLE,NOT_CONFIRMED,0.7,,51.54,29.98,75.34,,,50.71,,,
2019-12-01,STEEL_REBAR,31.21,DOWN,HIGH,8.33,4.96,RISING,CONFIRMED_DOWN,1.0,,5.36,29.98,75.34,,,,49.54,40.44,28.28
2020-01-01,ELECTRICAL,39.06,DOWN,HIGH,-15.89,11.47,FALLING_FAST,NOT_CONFIRMED,1.0,56.28,0.0,30.68,65.32,56.01,49.48,,,,
2020-01-01,PLUMBING,51.15,NEUTRAL,MEDIUM,-0.47,8.06,RISING,NOT_CONFIRMED,0.7,,48.47,30.68,65.32,,,58.33,,,
2020-01-01,STEEL_REBAR,47.02,NEUTRAL,HIGH,15.82,32.76,RISING_FAST,NOT_CONFIRMED,1.0,,17.54,30.68,65.32,,,,91.4,60.57,39.18
2020-02-01,ELECTRICAL,21.32,DOWN,HIGH,-17.74,-33.11,FALLING_FAST,CONFIRMED_DOWN,1.0,25.13,9.37,31.49,4.1,24.04,29.48,,,,
2020-02-01,PLUMBING,42.79,NEUTRAL,MEDIUM,-8.36,-6.34,FALLING,NOT_CONFIRMED,0.7,,46.93,31.49,4.1,,,61.58,,,
2020-02-01,STEEL_REBAR,22.76,DOWN,HIGH,-24.26,-0.12,FALLING_FAST,CONFIRMED_DOWN,1.0,,11.32,31.49,4.1,,,,24.06,47.47,33.09
2020-03-01,ELECTRICAL,19.82,STRONG_DOWN,HIGH,-1.5,-35.12,FALLING,CONFIRMED_DOWN,1.0,7.04,10.63,87.34,0.0,8.62,34.05,,,,
2020-03-01,PLUMBING,50.91,NEUTRAL,MEDIUM,8.12,-0.71,RISING,NOT_CONFIRMED,0.7,,49.29,87.34,0.0,,,60.57,,,
2020-03-01,STEEL_REBAR,27.31,DOWN,HIGH,4.54,-3.9,RISING,CONFIRMED_DOWN,1.0,,15.93,87.34,0.0,,,,18.18,36.54,38.8
2020-04-01,ELECTRICAL,20.63,DOWN,HIGH,0.81,-18.43,FALLING,CONFIRMED_DOWN,1.0,6.1,35.0,71.74,0.0,0.5,16.81,,,,
2020-04-01,PLUMBING,46.65,NEUTRAL,MEDIUM,-4.26,-4.5,FALLING,NOT_CONFIRMED,0.7,,47.28,71.74,0.0,,,56.48,,,
2020-04-01,STEEL_REBAR,17.72,STRONG_DOWN,HIGH,-9.59,-29.3,FALLING,CONFIRMED_DOWN,1.0,,10.93,71.74,0.0,,,,7.15,9.02,39.36
2020-05-01,ELECTRICAL,28.39,DOWN,HIGH,7.75,7.07,RISING,NO_LOCAL_DATA,0.85,21.62,32.18,64.62,20.0,10.55,,,,,
2020-05-01,PLUMBING,40.68,NEUTRAL,MEDIUM,-5.97,-2.11,FALLING,NOT_CONFIRMED,0.7,,30.79,64.62,20.0,,,53.89,,,
2020-05-01,STEEL_REBAR,33.02,DOWN,HIGH,15.3,10.25,RISING_FAST,CONFIRMED_DOWN,1.0,,3.91,64.62,20.0,,,,34.83,87.0,31.71
2020-06-01,ELECTRICAL,44.04,NEUTRAL,HIGH,15.66,24.22,RISING_FAST,NOT_CONFIRMED,1.0,66.74,34.06,23.27,70.0,34.5,19.27,,,,
2020-06-01,PLUMBING,42.6,NEUTRAL,MEDIUM,1.92,-8.3,FALLING,NOT_CONFIRMED,0.7,,32.39,23.27,70.0,,,53.89,,,
2020-06-01,STEEL_REBAR,44.29,NEUTRAL,HIGH,11.27,16.98,RISING_FAST,NOT_CONFIRMED,1.0,,9.46,23.27,70.0,,,,69.27,100.0,27.99
2020-07-01,ELECTRICAL,63.99,UP,HIGH,19.95,43.36,RISING_FAST,NOT_CONFIRMED,1.0,93.58,56.89,24.45,66.77,69.01,28.86,,,,
2020-07-01,PLUMBING,44.85,NEUTRAL,MEDIUM,2.24,-1.81,STABLE,NOT_CONFIRMED,0.7,,39.33,24.45,66.77,,,52.36,,,
2020-07-01,STEEL_REBAR,42.9,NEUTRAL,HIGH,-1.39,25.18,RISING,NOT_CONFIRMED,1.0,,13.72,24.45,66.77,,,,56.58,95.45,33.45
2020-08-01,ELECTRICAL,63.12,UP,HIGH,-0.86,34.74,RISING,NOT_CONFIRMED,1.0,91.5,64.13,25.92,64.98,87.09,3.44,,,,
2020-08-01,PLUMBING,46.67,NEUTRAL,MEDIUM,1.82,5.99,STABLE,NOT_CONFIRMED,0.7,,44.54,25.92,64.98,,,51.09,,,
2020-08-01,STEEL_REBAR,52.55,NEUTRAL,HIGH,9.65,19.53,RISING,NOT_CONFIRMED,1.0,,19.24,25.92,64.98,,,,90.41,100.0,36.45
2020-09-01,ELECTRICAL,65.37,UP,HIGH,2.25,21.33,RISING,NOT_CONFIRMED,1.0,94.36,58.45,29.51,65.43,88.27,17.87,,,,
2020-09-01,PLUMBING,45.15,NEUTRAL,MEDIUM,-1.52,2.55,STABLE,NOT_CONFIRMED,0.7,,39.7,29.51,65.43,,,51.0,,,
2020-09-01,STEEL_REBAR,62.26,UP,HIGH,9.7,17.97,RISING,NOT_CONFIRMED,1.0,,42.54,29.51,65.43,,,,100.0,93.01,39.22
2020-10-01,ELECTRICAL,57.75,NEUTRAL,HIGH,-7.62,-6.24,FALLING,NOT_CONFIRMED,1.0,76.97,54.38,26.58,52.25,94.08,16.9,,,,
2020-10-01,PLUMBING,41.14,NEUTRAL,MEDIUM,-4.01,-3.71,FALLING,NOT_CONFIRMED,0.7,,35.99,26.58,52.25,,,50.59,,,
2020-10-01,STEEL_REBAR,51.69,NEUTRAL,HIGH,-10.56,8.79,FALLING_FAST,NOT_CONFIRMED,1.0,,20.43,26.58,52.25,,,,93.46,86.28,50.25
2020-11-01,ELECTRICAL,68.65,UP,HIGH,10.9,5.52,RISING_FAST,NOT_CONFIRMED,1.0,89.62,55.7,26.07,64.61,97.72,51.63,,,,
2020-11-01,PLUMBING,46.68,NEUTRAL,MEDIUM,5.55,0.01,RISING,NOT_CONFIRMED,0.7,,45.12,26.07,64.61,,,50.38,,,
2020-11-01,STEEL_REBAR,65.29,UP,HIGH,13.6,12.74,RISING_FAST,NOT_CONFIRMED,1.0,,53.06,26.07,64.61,,,,92.98,78.15,73.36
2020-12-01,ELECTRICAL,70.88,UP,HIGH,2.24,5.51,STABLE,NOT_CONFIRMED,1.0,97.0,61.65,2.61,100.0,94.95,45.11,,,,
2020-12-01,PLUMBING,49.0,NEUTRAL,MEDIUM,2.31,3.84,STABLE,NOT_CONFIRMED,0.7,,46.54,2.61,100.0,,,50.38,,,
2020-12-01,STEEL_REBAR,88.67,STRONG_UP,HIGH,23.38,26.41,RISING_FAST,CONFIRMED_UP,1.0,,100.0,2.61,100.0,,,,100.0,100.0,84.09
2021-01-01,ELECTRICAL,78.78,UP,HIGH,7.9,21.03,RISING,NOT_CONFIRMED,1.0,92.25,100.0,8.12,99.7,89.34,45.11,,,,
2021-01-01,PLUMBING,55.32,NEUTRAL,MEDIUM,6.32,14.18,RISING,NOT_CONFIRMED,0.7,,54.43,8.12,99.7,,,58.05,,,
2021-01-01,STEEL_REBAR,89.41,STRONG_UP,HIGH,0.74,37.72,RISING,CONFIRMED_UP,1.0,,100.0,8.12,99.7,,,,100.0,99.15,87.56
2021-02-01,ELECTRICAL,88.55,STRONG_UP,HIGH,9.77,19.91,RISING,CONFIRMED_UP,1.0,98.28,90.55,25.85,100.0,89.32,100.0,,,,
2021-02-01,PLUMBING,58.72,NEUTRAL,MEDIUM,3.41,12.04,RISING,NOT_CONFIRMED,0.7,,55.01,25.85,100.0,,,60.09,,,
2021-02-01,STEEL_REBAR,85.07,STRONG_UP,HIGH,-4.34,19.77,FALLING,CONFIRMED_UP,1.0,,95.98,25.85,100.0,,,,80.0,86.75,98.77
2021-03-01,ELECTRICAL,86.22,STRONG_UP,HIGH,-2.33,15.34,RISING,NOT_CONFIRMED,1.0,97.94,93.06,54.44,96.4,93.76,60.26,,,,
2021-03-01,PLUMBING,69.28,UP,MEDIUM,10.56,20.29,RISING_FAST,NOT_CONFIRMED,0.7,,71.81,54.44,96.4,,,59.35,,,
2021-03-01,STEEL_REBAR,88.91,STRONG_UP,HIGH,3.84,0.24,STABLE,CONFIRMED_UP,1.0,,92.45,54.44,96.4,,,,91.05,91.21,95.77
2021-04-01,ELECTRICAL,91.05,STRONG_UP,HIGH,4.83,12.27,RISING,CONFIRMED_UP,1.0,93.36,98.11,47.04,89.5,96.71,100.0,,,,
2021-04-01,PLUMBING,66.74,UP,MEDIUM,-2.54,11.43,RISING,NOT_CONFIRMED,0.7,,73.31,47.04,89.5,,,55.36,,,
2021-04-01,STEEL_REBAR,80.76,STRONG_UP,HIGH,-8.16,-8.65,FALLING,CONFIRMED_UP,1.0,,94.6,47.04,89.5,,,,55.37,91.33,92.2
2021-05-01,ELECTRICAL,92.65,STRONG_UP,HIGH,1.6,4.1,STABLE,CONFIRMED_UP,1.0,98.8,100.0,37.48,94.51,95.97,100.0,,,,
2021-05-01,PLUMBING,66.03,UP,MEDIUM,-0.71,7.31,STABLE,NOT_CONFIRMED,0.7,,74.41,37.48,94.51,,,53.5,,,
2021-05-01,STEEL_REBAR,91.86,STRONG_UP,HIGH,11.11,6.8,RISING_FAST,CONFIRMED_UP,1.0,,100.0,37.48,94.51,,,,96.1,100.0,94.46
2021-06-01,ELECTRICAL,79.52,STRONG_UP,HIGH,-13.13,-6.71,FALLING_FAST,CONFIRMED_UP,1.0,74.02,89.02,38.95,98.01,90.61,90.0,,,,
2021-06-01,PLUMBING,72.89,UP,MEDIUM,6.86,3.61,RISING,NOT_CONFIRMED,0.7,,88.76,38.95,98.01,,,53.5,,,
2021-06-01,STEEL_REBAR,92.52,STRONG_UP,HIGH,0.65,3.6,STABLE,CONFIRMED_UP,1.0,,100.0,38.95,98.01,,,,100.0,97.11,92.54
2021-07-01,ELECTRICAL,55.51,NEUTRAL,HIGH,-24.01,-35.54,FALLING_FAST,NOT_CONFIRMED,1.0,66.82,0.0,55.5,91.51,87.97,87.99,,,,
2021-07-01,PLUMBING,73.81,UP,MEDIUM,0.92,7.07,STABLE,NOT_CONFIRMED,0.7,,89.05,55.5,91.51,,,51.25,,,
2021-07-01,STEEL_REBAR,91.85,STRONG_UP,HIGH,-0.67,11.09,RISING,CONFIRMED_UP,1.0,,99.43,55.5,91.51,,,,96.44,89.15,96.84
2021-08-01,ELECTRICAL,40.85,NEUTRAL,HIGH,-14.66,-51.8,FALLING_FAST,NOT_CONFIRMED,1.0,38.15,11.17,33.84,68.75,88.91,59.96,,,,
2021-08-01,PLUMBING,66.26,UP,MEDIUM,-7.55,0.23,FALLING,NOT_CONFIRMED,0.7,,86.81,33.84,68.75,,,50.39,,,
2021-08-01,STEEL_REBAR,75.12,UP,HIGH,-16.73,-16.74,FALLING_FAST,CONFIRMED_UP,1.0,,100.0,33.84,68.75,,,,89.76,14.73,97.0
2021-09-01,ELECTRICAL,42.78,NEUTRAL,HIGH,1.93,-36.74,FALLING,NOT_CONFIRMED,1.0,36.16,17.92,29.89,76.97,99.12,59.31,,,,
2021-09-01,PLUMBING,63.59,UP,MEDIUM,-2.67,-9.3,FALLING,NOT_CONFIRMED,0.7,,79.21,29.89,76.97,,,50.33,,,
2021-09-01,STEEL_REBAR,65.56,UP,HIGH,-9.56,-26.96,FALLING,CONFIRMED_UP,1.0,,94.98,29.89,76.97,,,,61.08,0.0,94.1
2021-10-01,ELECTRICAL,68.56,UP,HIGH,25.78,13.05,RISING_FAST,CONFIRMED_UP,1.0,69.69,66.88,33.4,100.0,94.28,64.53,,,,
2021-10-01,PLUMBING,64.21,UP,MEDIUM,0.62,-9.6,FALLING,NOT_CONFIRMED,0.7,,71.62,33.4,100.0,,,50.6,,,
2021-10-01,STEEL_REBAR,66.76,UP,HIGH,1.2,-25.09,FALLING,CONFIRMED_UP,1.0,,89.0,33.4,100.0,,,,57.16,10.83,92.11
2021-11-01,ELECTRICAL,55.45,NEUTRAL,HIGH,-13.1,14.6,FALLING_FAST,NOT_CONFIRMED,1.0,33.64,70.0,12.0,85.7,56.96,100.0,,,,
2021-11-01,PLUMBING,59.43,UP,MEDIUM,-4.78,-6.83,FALLING,NOT_CONFIRMED,0.7,,72.49,12.0,85.7,,,50.4,,,
2021-11-01,STEEL_REBAR,69.86,UP,HIGH,3.1,-5.26,STABLE,CONFIRMED_UP,1.0,,99.19,12.0,85.7,,,,82.31,0.0,89.09
2021-12-01,ELECTRICAL,55.2,NEUTRAL,HIGH,-0.26,12.42,RISING,NOT_CONFIRMED,1.0,40.13,64.5,24.95,44.53,53.06,100.0,,,,
2021-12-01,PLUMBING,52.4,NEUTRAL,MEDIUM,-7.02,-11.19,FALLING,NOT_CONFIRMED,0.7,,65.51,24.95,44.53,,,50.4,,,
2021-12-01,STEEL_REBAR,55.94,NEUTRAL,HIGH,-13.91,-9.61,FALLING_FAST,NOT_CONFIRMED,1.0,,78.82,24.95,44.53,,,,37.01,36.22,85.74
2022-01-01,ELECTRICAL,64.27,UP,HIGH,9.08,-4.29,RISING,CONFIRMED_UP,1.0,42.43,85.54,22.08,81.53,82.53,90.0,,,,
2022-01-01,PLUMBING,59.18,UP,MEDIUM,6.78,-5.03,RISING,NOT_CONFIRMED,0.7,,65.39,22.08,81.53,,,57.24,,,
2022-01-01,STEEL_REBAR,54.35,NEUTRAL,HIGH,-1.59,-12.41,FALLING,NOT_CONFIRMED,1.0,,69.0,22.08,81.53,,,,0.5,70.0,92.41
2022-02-01,ELECTRICAL,87.23,STRONG_UP,HIGH,22.95,31.77,RISING_FAST,CONFIRMED_UP,1.0,80.56,94.01,71.88,100.0,98.38,90.0,,,,
2022-02-01,PLUMBING,68.46,UP,MEDIUM,9.28,9.04,RISING,NOT_CONFIRMED,0.7,,63.62,71.88,100.0,,,58.25,,,
2022-02-01,STEEL_REBAR,39.1,DOWN,HIGH,-15.25,-30.76,FALLING_FAST,CONFIRMED_DOWN,1.0,,8.4,71.88,100.0,,,,6.13,66.0,78.47
2022-03-01,ELECTRICAL,93.42,STRONG_UP,HIGH,6.2,38.22,RISING,NO_LOCAL_DATA,0.85,94.71,95.28,76.2,100.0,98.23,,,,,
2022-03-01,PLUMBING,66.4,UP,MEDIUM,-2.06,14.0,RISING,NOT_CONFIRMED,0.7,,57.7,76.2,100.0,,,57.75,,,
2022-03-01,STEEL_REBAR,84.38,STRONG_UP,HIGH,45.28,28.44,RISING_FAST,CONFIRMED_UP,1.0,,83.34,76.2,100.0,,,,77.5,96.38,76.37
2022-04-01,ELECTRICAL,76.73,UP,HIGH,-16.69,12.46,FALLING_FAST,CONFIRMED_UP,1.0,76.42,84.93,69.96,83.53,78.29,65.0,,,,
2022-04-01,PLUMBING,61.87,UP,MEDIUM,-4.53,2.69,FALLING,NOT_CONFIRMED,0.7,,57.13,69.96,83.53,,,54.11,,,
2022-04-01,STEEL_REBAR,90.13,STRONG_UP,HIGH,5.75,35.78,RISING,CONFIRMED_UP,1.0,,100.0,69.96,83.53,,,,97.91,89.42,67.86
2022-05-01,ELECTRICAL,55.12,NEUTRAL,HIGH,-21.61,-32.11,FALLING_FAST,NOT_CONFIRMED,1.0,52.14,57.76,99.11,96.49,27.24,33.12,,,,
2022-05-01,PLUMBING,74.04,UP,MEDIUM,12.17,5.58,RISING_FAST,NOT_CONFIRMED,0.7,,72.31,99.11,96.49,,,52.87,,,
2022-05-01,STEEL_REBAR,78.79,UP,HIGH,-11.34,39.69,FALLING_FAST,CONFIRMED_UP,1.0,,100.0,99.11,96.49,,,,52.19,37.67,81.4
2022-06-01,ELECTRICAL,43.77,NEUTRAL,HIGH,-11.35,-49.65,FALLING_FAST,NOT_CONFIRMED,1.0,34.24,44.91,92.21,85.01,7.54,42.23,,,,
2022-06-01,PLUMBING,76.42,UP,MEDIUM,2.38,10.02,RISING,NOT_CONFIRMED,0.7,,84.03,92.21,85.01,,,52.8,,,
2022-06-01,STEEL_REBAR,63.09,UP,HIGH,-15.7,-21.3,FALLING_FAST,CONFIRMED_UP,1.0,,84.55,92.21,85.01,,,,8.58,39.96,80.63
2022-07-01,ELECTRICAL,14.65,STRONG_DOWN,HIGH,-29.13,-62.09,FALLING_FAST,CONFIRMED_DOWN,1.0,0.0,1.28,93.92,52.34,2.81,13.57,,,,
2022-07-01,PLUMBING,72.85,UP,MEDIUM,-3.57,10.98,RISING,NOT_CONFIRMED,0.7,,86.87,93.92,52.34,,,51.53,,,
2022-07-01,STEEL_REBAR,47.19,NEUTRAL,HIGH,-15.9,-42.94,FALLING_FAST,NOT_CONFIRMED,1.0,,69.49,93.92,52.34,,,,5.73,0.0,70.96
2022-08-01,ELECTRICAL,15.37,STRONG_DOWN,HIGH,0.73,-39.74,FALLING,CONFIRMED_DOWN,1.0,11.02,0.95,35.09,23.73,11.32,36.34,,,,
2022-08-01,PLUMBING,55.82,NEUTRAL,MEDIUM,-17.03,-18.22,FALLING_FAST,NOT_CONFIRMED,0.7,,76.71,35.09,23.73,,,50.9,,,
2022-08-01,STEEL_REBAR,23.78,DOWN,HIGH,-23.41,-55.01,FALLING_FAST,CONFIRMED_DOWN,1.0,,30.0,35.09,23.73,,,,3.75,10.02,51.43
2022-09-01,ELECTRICAL,16.32,STRONG_DOWN,HIGH,0.94,-27.46,FALLING,CONFIRMED_DOWN,1.0,11.59,8.87,80.7,2.24,1.13,11.65,,,,
2022-09-01,PLUMBING,54.29,NEUTRAL,MEDIUM,-1.53,-22.13,FALLING,NOT_CONFIRMED,0.7,,65.11,80.7,2.24,,,50.87,,,
2022-09-01,STEEL_REBAR,20.84,DOWN,HIGH,-2.94,-42.25,FALLING,CONFIRMED_DOWN,1.0,,19.82,80.7,2.24,,,,5.8,1.97,41.5
2022-10-01,ELECTRICAL,33.86,DOWN,HIGH,17.54,19.21,RISING_FAST,CONFIRMED_DOWN,1.0,48.93,10.91,86.47,14.17,19.03,18.32,,,,
2022-10-01,PLUMBING,52.0,NEUTRAL,MEDIUM,-2.28,-20.84,FALLING,NOT_CONFIRMED,0.7,,54.16,86.47,14.17,,,50.45,,,
2022-10-01,STEEL_REBAR,18.21,STRONG_DOWN,HIGH,-2.63,-28.98,FALLING,CONFIRMED_DOWN,1.0,,6.53,86.47,14.17,,,,8.46,3.06,37.04
2022-11-01,ELECTRICAL,41.99,NEUTRAL,HIGH,8.13,26.62,RISING,NOT_CONFIRMED,1.0,56.54,28.21,80.52,12.64,29.7,23.31,,,,
2022-11-01,PLUMBING,48.17,NEUTRAL,MEDIUM,-3.83,-7.65,STABLE,NOT_CONFIRMED,0.7,,47.8,80.52,12.64,,,50.32,,,
2022-11-01,STEEL_REBAR,20.24,DOWN,HIGH,2.03,-3.54,STABLE,CONFIRMED_DOWN,1.0,,17.83,80.52,12.64,,,,2.95,9.93,26.0
2022-12-01,ELECTRICAL,48.22,NEUTRAL,HIGH,6.22,31.9,RISING,NOT_CONFIRMED,1.0,64.58,32.17,53.87,0.0,61.85,39.99,,,,
2022-12-01,PLUMBING,48.45,NEUTRAL,MEDIUM,0.28,-5.84,STABLE,NOT_CONFIRMED,0.7,,61.54,53.87,0.0,,,50.33,,,
2022-12-01,STEEL_REBAR,24.81,DOWN,HIGH,4.57,3.97,RISING,CONFIRMED_DOWN,1.0,,13.19,53.87,0.0,,,,9.84,70.0,23.41
2023-01-01,ELECTRICAL,57.19,NEUTRAL,HIGH,8.98,23.33,RISING,NO_LOCAL_DATA,0.85,97.96,7.43,31.39,13.86,86.4,,,,,
2023-01-01,PLUMBING,45.17,NEUTRAL,MEDIUM,-3.28,-6.83,STABLE,NOT_CONFIRMED,0.7,,52.9,31.39,13.86,,,56.13,,,
2023-01-01,STEEL_REBAR,28.62,DOWN,HIGH,3.81,10.41,RISING,CONFIRMED_DOWN,1.0,,0.09,31.39,13.86,,,,39.66,99.92,11.43
2023-02-01,ELECTRICAL,56.7,NEUTRAL,HIGH,-0.49,14.71,RISING,NOT_CONFIRMED,1.0,92.42,16.62,82.07,13.26,53.33,39.99,,,,
2023-02-01,PLUMBING,51.65,NEUTRAL,MEDIUM,6.48,3.48,RISING,NOT_CONFIRMED,0.7,,51.91,82.07,13.26,,,55.24,,,
2023-02-01,STEEL_REBAR,41.83,NEUTRAL,HIGH,13.21,21.59,RISING_FAST,NOT_CONFIRMED,1.0,,3.38,82.07,13.26,,,,74.21,94.59,20.81
2023-03-01,ELECTRICAL,79.59,STRONG_UP,HIGH,22.89,31.38,RISING_FAST,CONFIRMED_UP,1.0,91.47,80.88,93.91,20.36,37.14,88.23,,,,
2023-03-01,PLUMBING,51.47,NEUTRAL,MEDIUM,-0.18,3.02,STABLE,NOT_CONFIRMED,0.7,,45.23,93.91,20.36,,,55.16,,,
2023-03-01,STEEL_REBAR,47.89,NEUTRAL,HIGH,6.07,23.08,RISING,NOT_CONFIRMED,1.0,,7.43,93.91,20.36,,,,91.41,90.89,19.49
2023-04-01,ELECTRICAL,74.17,UP,HIGH,-5.43,16.97,FALLING,CONFIRMED_UP,1.0,72.93,79.77,82.8,39.29,41.36,95.47,,,,
2023-04-01,PLUMBING,51.96,NEUTRAL,MEDIUM,0.49,6.78,STABLE,NOT_CONFIRMED,0.7,,45.78,82.8,39.29,,,52.14,,,
2023-04-01,STEEL_REBAR,57.06,NEUTRAL,HIGH,9.17,28.45,RISING,NOT_CONFIRMED,1.0,,43.12,82.8,39.29,,,,97.15,43.16,38.59
2023-05-01,ELECTRICAL,59.75,UP,HIGH,-14.42,3.04,FALLING_FAST,NOT_CONFIRMED,1.0,42.44,80.93,86.85,1.68,23.91,90.0,,,,
2023-05-01,PLUMBING,49.78,NEUTRAL,MEDIUM,-2.17,-1.87,STABLE,NOT_CONFIRMED,0.7,,52.23,86.85,1.68,,,51.63,,,
2023-05-01,STEEL_REBAR,42.0,NEUTRAL,HIGH,-15.06,0.17,FALLING_FAST,NOT_CONFIRMED,1.0,,25.24,86.85,1.68,,,,78.16,30.0,41.81
2023-06-01,ELECTRICAL,51.26,NEUTRAL,HIGH,-8.48,-28.33,FALLING,NOT_CONFIRMED,1.0,48.14,52.29,68.26,20.31,16.97,78.68,,,,
2023-06-01,PLUMBING,47.33,NEUTRAL,MEDIUM,-2.45,-4.14,STABLE,NOT_CONFIRMED,0.7,,46.45,68.26,20.31,,,51.69,,,
2023-06-01,STEEL_REBAR,27.75,DOWN,HIGH,-14.25,-20.14,FALLING_FAST,CONFIRMED_DOWN,1.0,,0.54,68.26,20.31,,,,42.8,36.39,46.92
2023-07-01,ELECTRICAL,51.42,NEUTRAL,HIGH,0.16,-22.74,FALLING,NOT_CONFIRMED,1.0,44.64,61.63,74.83,36.58,13.31,65.0,,,,
2023-07-01,PLUMBING,44.66,NEUTRAL,MEDIUM,-2.67,-7.29,STABLE,NOT_CONFIRMED,0.7,,32.63,74.83,36.58,,,51.68,,,
2023-07-01,STEEL_REBAR,25.85,DOWN,HIGH,-1.91,-31.21,FALLING,CONFIRMED_DOWN,1.0,,0.0,74.83,36.58,,,,30.74,31.43,38.45
2023-08-01,ELECTRICAL,62.91,UP,HIGH,11.48,3.16,RISING_FAST,CONFIRMED_UP,1.0,58.84,73.35,83.07,85.5,16.43,65.0,,,,
2023-08-01,PLUMBING,54.62,NEUTRAL,MEDIUM,9.96,4.84,RISING,NOT_CONFIRMED,0.7,,37.02,83.07,85.5,,,51.35,,,
2023-08-01,STEEL_REBAR,36.89,DOWN,HIGH,11.04,-5.11,RISING_FAST,CONFIRMED_DOWN,1.0,,1.36,83.07,85.5,,,,42.75,44.97,42.61
2023-09-01,ELECTRICAL,60.18,UP,HIGH,-2.72,8.92,RISING,NOT_CONFIRMED,1.0,59.06,48.04,94.07,99.05,44.07,58.21,,,,
2023-09-01,PLUMBING,58.39,NEUTRAL,MEDIUM,3.78,11.07,RISING,NOT_CONFIRMED,0.7,,37.65,94.07,99.05,,,51.35,,,
2023-09-01,STEEL_REBAR,47.02,NEUTRAL,HIGH,10.13,19.26,RISING_FAST,NOT_CONFIRMED,1.0,,6.41,94.07,99.05,,,,57.48,67.79,37.97
2023-10-01,ELECTRICAL,67.4,UP,HIGH,7.22,15.98,RISING,CONFIRMED_UP,1.0,52.84,65.56,98.62,80.92,45.19,93.93,,,,
2023-10-01,PLUMBING,65.63,UP,MEDIUM,7.24,20.97,RISING,NOT_CONFIRMED,0.7,,59.67,98.62,80.92,,,50.45,,,
2023-10-01,STEEL_REBAR,44.8,NEUTRAL,HIGH,-2.22,18.95,RISING,NOT_CONFIRMED,1.0,,12.15,98.62,80.92,,,,46.58,63.49,37.55
2023-11-01,ELECTRICAL,59.0,UP,HIGH,-8.4,-3.9,FALLING,NOT_CONFIRMED,1.0,53.03,54.92,62.95,44.49,54.2,85.15,,,,
2023-11-01,PLUMBING,53.78,NEUTRAL,MEDIUM,-11.85,-0.84,FALLING_FAST,NOT_CONFIRMED,0.7,,55.97,62.95,44.49,,,50.55,,,
2023-11-01,STEEL_REBAR,62.76,UP,HIGH,17.96,25.87,RISING_FAST,NOT_CONFIRMED,1.0,,61.67,62.95,44.49,,,,59.51,100.0,35.28
2023-12-01,ELECTRICAL,53.33,NEUTRAL,HIGH,-5.67,-6.85,FALLING,NOT_CONFIRMED,1.0,42.25,68.42,23.22,24.72,51.09,85.15,,,,
2023-12-01,PLUMBING,46.33,NEUTRAL,MEDIUM,-7.45,-12.06,FALLING,NOT_CONFIRMED,0.7,,58.42,23.22,24.72,,,50.55,,,
2023-12-01,STEEL_REBAR,51.82,NEUTRAL,HIGH,-10.94,4.8,FALLING_FAST,NOT_CONFIRMED,1.0,,32.78,23.22,24.72,,,,84.39,95.76,43.05
2024-01-01,ELECTRICAL,50.07,NEUTRAL,HIGH,-3.26,-17.33,FALLING,NOT_CONFIRMED,1.0,43.77,61.23,31.92,25.19,55.2,63.18,,,,
2024-01-01,PLUMBING,47.02,NEUTRAL,MEDIUM,0.69,-18.61,FALLING,NOT_CONFIRMED,0.7,,55.78,31.92,25.19,,,52.34,,,
2024-01-01,STEEL_REBAR,64.78,UP,HIGH,12.96,19.98,RISING_FAST,CONFIRMED_UP,1.0,,75.43,31.92,25.19,,,,74.55,89.13,43.84
2024-02-01,ELECTRICAL,44.5,NEUTRAL,HIGH,-5.57,-14.5,FALLING,NOT_CONFIRMED,1.0,32.68,59.66,14.64,45.46,49.35,63.18,,,,
2024-02-01,PLUMBING,46.87,NEUTRAL,MEDIUM,-0.15,-6.91,STABLE,NOT_CONFIRMED,0.7,,54.75,14.64,45.46,,,51.87,,,
2024-02-01,STEEL_REBAR,26.25,DOWN,HIGH,-38.53,-36.51,FALLING_FAST,CONFIRMED_DOWN,1.0,,3.65,14.64,45.46,,,,33.82,44.52,55.21
2024-03-01,ELECTRICAL,66.83,UP,HIGH,22.33,13.5,RISING_FAST,CONFIRMED_UP,1.0,62.04,84.44,27.81,65.84,62.02,78.24,,,,
2024-03-01,PLUMBING,48.15,NEUTRAL,MEDIUM,1.28,1.82,STABLE,NOT_CONFIRMED,0.7,,46.57,27.81,65.84,,,51.87,,,
2024-03-01,STEEL_REBAR,16.73,STRONG_DOWN,HIGH,-9.52,-35.08,FALLING,CONFIRMED_DOWN,1.0,,5.51,27.81,65.84,,,,0.0,1.8,51.7
2024-04-01,ELECTRICAL,90.1,STRONG_UP,HIGH,23.27,40.03,RISING_FAST,CONFIRMED_UP,1.0,100.0,84.61,49.12,80.73,100.0,100.0,,,,
2024-04-01,PLUMBING,52.56,NEUTRAL,MEDIUM,4.4,5.54,RISING,NOT_CONFIRMED,0.7,,45.55,49.12,80.73,,,50.7,,,
2024-04-01,STEEL_REBAR,25.35,DOWN,HIGH,8.61,-39.43,RISING,CONFIRMED_DOWN,1.0,,5.04,49.12,80.73,,,,16.88,17.72,45.64
2024-05-01,ELECTRICAL,87.9,STRONG_UP,HIGH,-2.2,43.4,RISING,CONFIRMED_UP,1.0,96.69,92.72,48.0,49.46,93.3,95.17,,,,
2024-05-01,PLUMBING,49.03,NEUTRAL,MEDIUM,-3.53,2.16,STABLE,NOT_CONFIRMED,0.7,,48.11,48.0,49.46,,,50.7,,,
2024-05-01,STEEL_REBAR,29.12,DOWN,HIGH,3.77,2.87,STABLE,CONFIRMED_DOWN,1.0,,30.01,48.0,49.46,,,,13.41,27.39,20.79
2024-06-01,ELECTRICAL,80.84,STRONG_UP,HIGH,-7.06,14.01,FALLING,CONFIRMED_UP,1.0,84.96,76.02,72.46,53.68,86.71,90.0,,,,
2024-06-01,PLUMBING,53.46,NEUTRAL,MEDIUM,4.43,5.31,RISING,NOT_CONFIRMED,0.7,,48.89,72.46,53.68,,,50.7,,,
2024-06-01,STEEL_REBAR,61.99,UP,HIGH,32.87,45.25,RISING_FAST,CONFIRMED_UP,1.0,,96.85,72.46,53.68,,,,52.03,19.6,21.31
2024-07-01,ELECTRICAL,62.14,UP,HIGH,-18.7,-27.96,FALLING_FAST,CONFIRMED_UP,1.0,52.74,90.58,33.15,46.12,37.28,77.91,,,,
2024-07-01,PLUMBING,46.67,NEUTRAL,MEDIUM,-6.79,-5.89,FALLING,NOT_CONFIRMED,0.7,,48.89,33.15,46.12,,,50.38,,,
2024-07-01,STEEL_REBAR,59.19,UP,HIGH,-2.79,33.85,RISING,NOT_CONFIRMED,1.0,,100.0,33.15,46.12,,,,52.28,21.2,26.31
2024-08-01,ELECTRICAL,52.69,NEUTRAL,HIGH,-9.45,-35.21,FALLING,NOT_CONFIRMED,1.0,36.39,73.26,66.64,22.43,41.04,65.0,,,,
2024-08-01,PLUMBING,47.72,NEUTRAL,MEDIUM,1.04,-1.31,STABLE,NOT_CONFIRMED,0.7,,48.11,66.64,22.43,,,50.31,,,
2024-08-01,STEEL_REBAR,56.68,NEUTRAL,HIGH,-2.51,27.56,RISING,NOT_CONFIRMED,1.0,,94.22,66.64,22.43,,,,56.99,3.17,29.23
2024-09-01,ELECTRICAL,60.71,UP,HIGH,8.01,-20.14,RISING,CONFIRMED_UP,1.0,56.63,73.57,61.11,1.96,65.35,65.0,,,,
2024-09-01,PLUMBING,46.06,NEUTRAL,MEDIUM,-1.66,-7.4,STABLE,NOT_CONFIRMED,0.7,,52.9,61.11,1.96,,,50.31,,,
2024-09-01,STEEL_REBAR,59.99,UP,HIGH,3.31,-1.99,STABLE,NOT_CONFIRMED,1.0,,98.69,61.11,1.96,,,,78.96,4.43,26.89
2024-10-01,ELECTRICAL,68.37,UP,HIGH,7.66,6.23,RISING,CONFIRMED_UP,1.0,66.61,59.26,62.67,13.69,88.49,96.27,,,,
2024-10-01,PLUMBING,48.04,NEUTRAL,MEDIUM,1.99,1.37,STABLE,NOT_CONFIRMED,0.7,,53.24,62.67,13.69,,,50.12,,,
2024-10-01,STEEL_REBAR,66.49,UP,HIGH,6.49,7.29,RISING,CONFIRMED_UP,1.0,,91.06,62.67,13.69,,,,81.97,48.71,32.76
2024-11-01,ELECTRICAL,51.39,NEUTRAL,HIGH,-16.98,-1.3,FALLING_FAST,NOT_CONFIRMED,1.0,30.55,60.05,46.63,13.16,75.04,85.73,,,,
2024-11-01,PLUMBING,44.34,NEUTRAL,MEDIUM,-3.71,-3.38,STABLE,NOT_CONFIRMED,0.7,,50.11,46.63,13.16,,,50.11,,,
2024-11-01,STEEL_REBAR,55.03,NEUTRAL,HIGH,-11.46,-1.65,FALLING_FAST,NOT_CONFIRMED,1.0,,72.75,46.63,13.16,,,,64.5,41.23,45.0
2024-12-01,ELECTRICAL,37.16,DOWN,HIGH,-14.24,-23.55,FALLING_FAST,NOT_CONFIRMED,1.0,11.28,58.19,16.86,35.25,61.56,60.39,,,,
2024-12-01,PLUMBING,44.05,NEUTRAL,MEDIUM,-0.29,-2.01,STABLE,NOT_CONFIRMED,0.7,,52.01,16.86,35.25,,,50.11,,,
2024-12-01,STEEL_REBAR,37.32,DOWN,HIGH,-17.71,-22.68,FALLING_FAST,NOT_CONFIRMED,1.0,,38.42,16.86,35.25,,,,22.8,70.84,34.77
2025-01-01,ELECTRICAL,28.92,DOWN,HIGH,-8.24,-39.45,FALLING,CONFIRMED_DOWN,1.0,17.16,40.99,24.07,57.83,62.94,7.16,,,,
2025-01-01,PLUMBING,48.8,NEUTRAL,MEDIUM,4.75,0.75,RISING,NOT_CONFIRMED,0.7,,52.12,24.07,57.83,,,51.66,,,
2025-01-01,STEEL_REBAR,22.37,DOWN,HIGH,-14.95,-44.12,FALLING_FAST,CONFIRMED_DOWN,1.0,,8.83,24.07,57.83,,,,14.0,33.87,32.09
2025-02-01,ELECTRICAL,40.89,NEUTRAL,HIGH,11.97,-10.5,RISING_FAST,NOT_CONFIRMED,1.0,47.53,45.19,11.79,43.73,77.72,12.13,,,,
2025-02-01,PLUMBING,45.32,NEUTRAL,MEDIUM,-3.48,0.98,STABLE,NOT_CONFIRMED,0.7,,53.01,11.79,43.73,,,51.33,,,
2025-02-01,STEEL_REBAR,37.51,DOWN,HIGH,15.14,-17.51,RISING_FAST,CONFIRMED_DOWN,1.0,,25.73,11.79,43.73,,,,44.9,79.07,21.16
2025-03-01,ELECTRICAL,69.82,UP,HIGH,28.93,32.66,RISING_FAST,CONFIRMED_UP,1.0,87.94,57.23,54.43,34.76,75.41,66.73,,,,
2025-03-01,PLUMBING,49.36,NEUTRAL,MEDIUM,4.04,5.31,RISING,NOT_CONFIRMED,0.7,,51.23,54.43,34.76,,,51.32,,,
2025-03-01,STEEL_REBAR,32.21,DOWN,HIGH,-5.3,-5.1,FALLING,CONFIRMED_DOWN,1.0,,0.0,54.43,34.76,,,,61.58,52.17,31.54
2025-04-01,ELECTRICAL,42.15,NEUTRAL,HIGH,-27.66,13.23,FALLING_FAST,NO_LOCAL_DATA,0.85,48.58,48.13,61.01,2.63,5.64,,,,,
2025-04-01,PLUMBING,45.57,NEUTRAL,MEDIUM,-3.79,-3.23,STABLE,NOT_CONFIRMED,0.7,,51.45,61.01,2.63,,,50.49,,,
2025-04-01,STEEL_REBAR,28.25,DOWN,HIGH,-3.96,5.88,STABLE,CONFIRMED_DOWN,1.0,,3.42,61.01,2.63,,,,64.86,28.84,33.97
2025-05-01,ELECTRICAL,37.61,DOWN,HIGH,-4.54,-3.28,FALLING,NO_LOCAL_DATA,0.85,58.45,23.56,29.69,4.89,24.12,,,,,
2025-05-01,PLUMBING,41.61,NEUTRAL,MEDIUM,-3.96,-3.71,STABLE,NOT_CONFIRMED,0.7,,51.89,29.69,4.89,,,50.5,,,
2025-05-01,STEEL_REBAR,19.59,STRONG_DOWN,HIGH,-8.66,-17.92,FALLING,CONFIRMED_DOWN,1.0,,5.17,29.69,4.89,,,,25.38,23.08,57.85
2025-06-01,ELECTRICAL,36.38,DOWN,HIGH,-1.23,-33.44,FALLING,NO_LOCAL_DATA,0.85,50.26,25.88,8.7,42.73,38.58,,,,,
2025-06-01,PLUMBING,43.73,NEUTRAL,MEDIUM,2.12,-5.63,STABLE,NOT_CONFIRMED,0.7,,51.23,8.7,42.73,,,50.51,,,
2025-06-01,STEEL_REBAR,26.87,DOWN,HIGH,7.28,-5.34,RISING,CONFIRMED_DOWN,1.0,,2.97,8.7,42.73,,,,59.99,12.16,68.67
2025-07-01,ELECTRICAL,37.23,DOWN,HIGH,0.85,-4.93,STABLE,NO_LOCAL_DATA,0.85,35.94,33.64,1.93,46.41,81.43,,,,,
2025-07-01,PLUMBING,48.82,NEUTRAL,MEDIUM,5.09,3.25,RISING,NOT_CONFIRMED,0.7,,64.11,1.93,46.41,,,50.53,,,
2025-07-01,STEEL_REBAR,35.17,DOWN,HIGH,8.3,6.91,RISING,CONFIRMED_DOWN,1.0,,3.83,1.93,46.41,,,,69.24,52.58,72.57
2025-08-01,ELECTRICAL,38.53,DOWN,MEDIUM,1.3,0.92,STABLE,NO_LOCAL_DATA,0.6,37.43,,14.33,45.7,63.0,,,,,
2025-08-01,PLUMBING,22.98,DOWN,MEDIUM,-25.84,-18.63,FALLING_FAST,NOT_CONFIRMED,0.7,,0.0,14.33,45.7,,,50.41,,,
2025-08-01,STEEL_REBAR,72.01,UP,HIGH,36.84,52.42,RISING_FAST,CONFIRMED_UP,1.0,,100.0,14.33,45.7,,,,75.68,53.53,78.42
2025-09-01,ELECTRICAL,35.41,DOWN,MEDIUM,-3.12,-0.97,STABLE,NO_LOCAL_DATA,0.6,34.02,,9.85,31.01,68.05,,,,,
2025-09-01,PLUMBING,24.53,DOWN,MEDIUM,1.55,-19.2,FALLING,NOT_CONFIRMED,0.7,,10.0,9.85,31.01,,,50.42,,,
2025-09-01,STEEL_REBAR,68.6,UP,HIGH,-3.41,41.72,RISING,CONFIRMED_UP,1.0,,84.91,9.85,31.01,,,,69.61,83.6,83.31
2025-10-01,ELECTRICAL,68.31,UP,MEDIUM,32.9,31.08,RISING_FAST,NO_LOCAL_DATA,0.6,83.94,,18.23,14.7,90.5,,,,,
2025-10-01,PLUMBING,22.88,DOWN,MEDIUM,-1.65,-25.94,FALLING,NOT_CONFIRMED,0.7,,9.0,18.23,14.7,,,50.1,,,
2025-10-01,STEEL_REBAR,64.34,UP,HIGH,-4.26,29.17,FALLING,CONFIRMED_UP,1.0,,87.42,18.23,14.7,,,,52.63,76.8,83.98
2025-11-01,ELECTRICAL,63.27,UP,MEDIUM,-5.04,24.74,FALLING,NO_LOCAL_DATA,0.6,75.4,,11.25,32.71,88.12,,,,,
2025-11-01,PLUMBING,33.77,DOWN,MEDIUM,10.9,10.8,RISING_FAST,NOT_CONFIRMED,0.7,,30.75,11.25,32.71,,,50.11,,,
2025-11-01,STEEL_REBAR,47.65,NEUTRAL,HIGH,-16.69,-24.36,FALLING_FAST,NOT_CONFIRMED,1.0,,40.14,11.25,32.71,,,,53.52,68.11,82.81
2025-12-01,ELECTRICAL,74.75,UP,MEDIUM,11.48,39.34,RISING_FAST,NO_LOCAL_DATA,0.6,98.11,,11.3,9.23,89.2,,,,,
2025-12-01,PLUMBING,32.14,DOWN,MEDIUM,-1.63,7.62,STABLE,NOT_CONFIRMED,0.7,,34.75,11.3,9.23,,,50.11,,,
2025-12-01,STEEL_REBAR,45.81,NEUTRAL,HIGH,-1.84,-22.78,FALLING,NOT_CONFIRMED,1.0,,49.25,11.3,9.23,,,,39.2,70.05,81.71
2026-01-01,ELECTRICAL,79.23,STRONG_UP,MEDIUM,4.48,10.92,RISING,NO_LOCAL_DATA,0.6,98.33,,8.62,46.84,99.18,,,,,
2026-01-01,PLUMBING,36.15,DOWN,MEDIUM,4.01,13.28,RISING,NOT_CONFIRMED,0.7,,32.75,8.62,46.84,,,49.69,,,
2026-01-01,STEEL_REBAR,45.19,NEUTRAL,HIGH,-0.62,-19.14,FALLING,NOT_CONFIRMED,1.0,,39.0,8.62,46.84,,,,45.87,61.9,75.36
2026-02-01,ELECTRICAL,73.92,UP,MEDIUM,-5.31,10.65,FALLING,NO_LOCAL_DATA,0.6,87.88,,7.8,86.8,84.73,,,,,
2026-02-01,PLUMBING,48.19,NEUTRAL,MEDIUM,12.04,14.42,RISING_FAST,NOT_CONFIRMED,0.7,,47.75,7.8,86.8,,,49.75,,,
2026-02-01,STEEL_REBAR,36.39,DOWN,HIGH,-8.8,-11.26,FALLING,CONFIRMED_DOWN,1.0,,8.91,7.8,86.8,,,,68.41,24.12,65.06
2026-03-01,ELECTRICAL,69.03,UP,MEDIUM,-4.89,-5.72,FALLING,NO_LOCAL_DATA,0.6,70.29,,18.17,100.0,100.0,,,,,
2026-03-01,PLUMBING,55.85,NEUTRAL,MEDIUM,7.66,23.71,RISING,NOT_CONFIRMED,0.7,,57.76,18.17,100.0,,,49.75,,,
2026-03-01,STEEL_REBAR,36.54,DOWN,HIGH,0.15,-9.27,FALLING,CONFIRMED_DOWN,1.0,,1.04,18.17,100.0,,,,43.44,59.27,67.79
2026-04-01,ELECTRICAL,57.63,NEUTRAL,MEDIUM,-11.4,-21.6,FALLING_FAST,NO_LOCAL_DATA,0.6,54.08,,12.15,94.17,97.25,,,,,
2026-04-01,PLUMBING,56.6,NEUTRAL,MEDIUM,0.75,20.45,RISING,NOT_CONFIRMED,0.7,,63.3,12.15,94.17,,,50.01,,,
2026-04-01,STEEL_REBAR,52.72,NEUTRAL,HIGH,16.18,7.53,RISING_FAST,NOT_CONFIRMED,1.0,,30.07,12.15,94.17,,,,80.62,62.12,61.19
2026-05-01,ELECTRICAL,56.43,NEUTRAL,MEDIUM,-1.2,-17.49,FALLING,NO_LOCAL_DATA,0.6,57.25,,0.36,91.25,92.22,,,,,
2026-05-01,PLUMBING,55.11,NEUTRAL,MEDIUM,-1.49,6.92,STABLE,NOT_CONFIRMED,0.7,,64.73,0.36,91.25,,,49.99,,,
2026-05-01,STEEL_REBAR,45.19,NEUTRAL,HIGH,-7.52,8.81,FALLING,NOT_CONFIRMED,1.0,,14.91,0.36,91.25,,,,65.17,86.66,47.83
2026-06-01,ELECTRICAL,54.65,NEUTRAL,MEDIUM,-1.78,-14.38,FALLING,NO_LOCAL_DATA,0.6,67.33,,12.95,30.0,64.31,,,,,
2026-06-01,PLUMBING,62.1,UP,MEDIUM,6.99,6.25,RISING,NOT_CONFIRMED,0.7,,97.26,12.95,30.0,,,49.99,,,
2026-06-01,STEEL_REBAR,51.02,NEUTRAL,HIGH,5.83,14.48,RISING,NOT_CONFIRMED,1.0,,52.62,12.95,30.0,,,,94.53,25.28,56.09
2026-07-01,ELECTRICAL,53.33,NEUTRAL,MEDIUM,-1.32,-4.3,STABLE,NO_LOCAL_DATA,0.6,68.57,,42.61,38.88,17.93,,,,,
2026-07-01,PLUMBING,62.52,UP,MEDIUM,0.42,5.92,STABLE,NOT_CONFIRMED,0.7,,84.97,42.61,38.88,,,50.63,,,
2026-07-01,STEEL_REBAR,37.8,DOWN,HIGH,-13.22,-14.92,FALLING_FAST,CONFIRMED_DOWN,1.0,,6.59,42.61,38.88,,,,83.78,18.59,77.97
2026-08-01,ELECTRICAL,52.63,NEUTRAL,LOW,-0.7,-3.8,STABLE,NO_LOCAL_DATA,0.1,,,52.63,,,,,,,
2026-08-01,PLUMBING,66.9,UP,MEDIUM,4.38,11.79,RISING,NOT_CONFIRMED,0.6,,82.59,52.63,,,,50.51,,,
2026-08-01,STEEL_REBAR,61.08,UP,MEDIUM,23.29,15.89,RISING_FAST,NOT_CONFIRMED,0.75,,50.96,52.63,,,,,74.46,,78.22
2026-09-01,ELECTRICAL,50.0,NEUTRAL,LOW,-2.63,-4.65,STABLE,NO_LOCAL_DATA,0.0,,,,,,,,,,
2026-09-01,PLUMBING,50.0,NEUTRAL,LOW,-16.9,-12.1,FALLING_FAST,NOT_CONFIRMED,0.0,,,,,,,,,,
2026-09-01,STEEL_REBAR,50.0,NEUTRAL,LOW,-11.08,-1.02,FALLING_FAST,NO_LOCAL_DATA,0.0,,,,,,,,,,
