date,trade,signal_copper,signal_cbs,signal_fx,signal_aluminium,signal_energy,signal_supplier,signal_polymer,signal_scrap,signal_iron_ore,signal_steel,score_copper,score_cbs,score_fx,score_aluminium,score_energy,score_supplier,score_polymer,score_scrap,score_iron_ore,score_steel
2016-01-01,ELECTRICAL,,,,,,,,,,,,,,,,,,,,
2016-01-01,PLUMBING,,,,,,,,,,,,,,,,,,,,
2016-01-01,STEEL_REBAR,,,,,,,,,,,,,,,,,,,,
2016-02-01,ELECTRICAL,0.2226,,-0.2561,0.4118,0.6287,,,,,,61.13,,37.19,70.59,81.43,,,,,
2016-02-01,PLUMBING,,,-0.2561,,0.6287,0.0,0.0,,,,,,37.19,,81.43,50.0,50.0,,,
2016-02-01,STEEL_REBAR,,,-0.2561,,0.6287,,,,1.0,,,,37.19,,81.43,,,,100.0,
2016-03-01,ELECTRICAL,0.7238,,-0.2713,-0.002,1.0,,,,,,86.19,,36.43,49.9,100.0,,,,,
2016-03-01,PLUMBING,,,-0.2713,,1.0,0.0,0.0,,,,,,36.43,,100.0,50.0,50.0,,,
2016-03-01,STEEL_REBAR,,,-0.2713,,1.0,,,,1.0,,,,36.43,,100.0,,,,100.0,
2016-04-01,ELECTRICAL,0.232,,-0.794,0.5829,0.9747,,,,,,61.6,,10.3,79.14,98.73,,,,,
2016-04-01,PLUMBING,,,-0.794,,0.9747,0.0,-0.0444,,,,,,10.3,,98.73,50.0,47.78,,,
2016-04-01,STEEL_REBAR,,,-0.794,,0.9747,,,,0.9504,,,,10.3,,98.73,,,,97.52,
2016-05-01,ELECTRICAL,-0.1285,,-0.3435,0.0661,1.0,,,,,,43.57,,32.82,53.3,100.0,,,,,
2016-05-01,PLUMBING,,,-0.3435,,1.0,0.0,-0.0317,,,,,,32.82,,100.0,50.0,48.41,,,
2016-05-01,STEEL_REBAR,,,-0.3435,,1.0,,,,0.4667,,,,32.82,,100.0,,,,73.33,
2016-06-01,ELECTRICAL,-0.5153,,0.0387,0.449,0.8686,,,,,,24.24,,51.93,72.45,93.43,,,,,
2016-06-01,PLUMBING,,,0.0387,,0.8686,0.0,0.1066,,,,,,51.93,,93.43,50.0,55.33,,,
2016-06-01,STEEL_REBAR,,,0.0387,,0.8686,,,,-0.7693,,,,51.93,,93.43,,,,11.53,
2016-07-01,ELECTRICAL,0.4485,,0.0894,0.5781,0.5565,,,,,,72.42,,54.47,78.91,77.83,,,,,
2016-07-01,PLUMBING,,,0.0894,,0.5565,0.0,0.1418,,,,,,54.47,,77.83,50.0,57.09,,,
2016-07-01,STEEL_REBAR,,,0.0894,,0.5565,,,,0.1519,,,,54.47,,77.83,,,,57.6,
2016-08-01,ELECTRICAL,-0.0361,,-0.338,0.5737,0.2349,,,,,,48.19,,33.1,78.69,61.75,,,,,
2016-08-01,PLUMBING,,,-0.338,,0.2349,0.0,0.3428,,,,,,33.1,,61.75,50.0,67.14,,,
2016-08-01,STEEL_REBAR,,,-0.338,,0.2349,,,,0.8961,,,,33.1,,61.75,,,,94.8,
2016-09-01,ELECTRICAL,-0.3079,,-0.5062,0.0707,0.0167,,,,,,34.6,,24.69,53.53,50.84,,,,,
2016-09-01,PLUMBING,,,-0.5062,,0.0167,0.0,0.2339,,,,,,24.69,,50.84,50.0,61.69,,,
2016-09-01,STEEL_REBAR,,,-0.5062,,0.0167,,,,0.4499,,,,24.69,,50.84,,,,72.49,
2016-10-01,ELECTRICAL,-0.2703,,-0.0063,0.456,0.9763,,,,,,36.48,,49.69,72.8,98.82,,,,,
2016-10-01,PLUMBING,,,-0.0063,,0.9763,0.0,0.2246,,,,,,49.69,,98.82,50.0,61.23,,,
2016-10-01,STEEL_REBAR,,,-0.0063,,0.9763,,,,0.1106,,,,49.69,,98.82,,,,55.53,
2016-11-01,ELECTRICAL,1.0,,0.2491,0.7418,-0.256,,,,,,100.0,,62.46,87.09,37.2,,,,,
2016-11-01,PLUMBING,,,0.2491,,-0.256,0.0,0.1173,,,,,,62.46,,37.2,50.0,55.86,,,
2016-11-01,STEEL_REBAR,,,0.2491,,-0.256,,,,1.0,,,,62.46,,37.2,,,,100.0,
2016-12-01,ELECTRICAL,0.8838,,0.128,0.6887,1.0,,,,,,94.19,,56.4,84.44,100.0,,,,,
2016-12-01,PLUMBING,,,0.128,,1.0,0.0,0.0777,,,,,,56.4,,100.0,50.0,53.88,,,
2016-12-01,STEEL_REBAR,,,0.128,,1.0,,,,0.9543,,,,56.4,,100.0,,,,97.71,
2017-01-01,ELECTRICAL,0.8357,,-0.0667,0.789,0.7656,,,,,,91.79,,46.67,89.45,88.28,,,,,
2017-01-01,PLUMBING,,,-0.0667,,0.7656,0.0,0.5484,,,,,,46.67,,88.28,50.0,77.42,,,
2017-01-01,STEEL_REBAR,,,-0.0667,,0.7656,,,,0.8436,,,,46.67,,88.28,,,,92.18,
2017-02-01,ELECTRICAL,0.6503,,-0.578,0.7786,0.8173,,,,,,82.52,,21.1,88.93,90.86,,,,,
2017-02-01,PLUMBING,,,-0.578,,0.8173,0.0,0.3966,,,,,,21.1,,90.86,50.0,69.83,,,
2017-02-01,STEEL_REBAR,,,-0.578,,0.8173,,,,1.0,0.1793,,,21.1,,90.86,,,,100.0,58.96
2017-03-01,ELECTRICAL,0.0857,,-0.7797,0.8544,-0.0975,,,,,,54.28,,11.01,92.72,45.13,,,,,
2017-03-01,PLUMBING,,,-0.7797,,-0.0975,0.0,0.3966,,,,,,11.01,,45.13,50.0,69.83,,,
2017-03-01,STEEL_REBAR,,,-0.7797,,-0.0975,,,,0.7417,0.0707,,,11.01,,45.13,,,,87.08,53.54
2017-04-01,ELECTRICAL,-0.0855,,-0.7247,0.7162,0.0517,,,,,,45.73,,13.77,85.81,52.59,,,,,
2017-04-01,PLUMBING,,,-0.7247,,0.0517,0.0,0.1487,,,,,,13.77,,52.59,50.0,57.44,,,
2017-04-01,STEEL_REBAR,,,-0.7247,,0.0517,,,,-0.4,0.1928,,,13.77,,52.59,,,,30.0,59.64
2017-05-01,ELECTRICAL,-0.6747,0.0,-0.7546,0.4615,-0.266,,,,,,16.27,50.0,12.27,73.08,36.7,,,,,
2017-05-01,PLUMBING,,0.0,-0.7546,,-0.266,0.0,0.2663,,,,,50.0,12.27,,36.7,50.0,63.32,,,
2017-05-01,STEEL_REBAR,,,-0.7546,,-0.266,,,,-1.0,-0.0029,,,12.27,,36.7,,,,0.0,49.85
2017-06-01,ELECTRICAL,-0.5146,-0.0674,-0.7476,0.1894,-0.9359,,,,,,24.27,46.63,12.62,59.47,3.2,,,,,
2017-06-01,PLUMBING,,0.0,-0.7476,,-0.9359,0.0,0.3623,,,,,50.0,12.62,,3.2,50.0,68.11,,,
2017-06-01,STEEL_REBAR,,,-0.7476,,-0.9359,,,,-0.9378,-0.0492,,,12.62,,3.2,,,,3.11,47.54
2017-07-01,ELECTRICAL,0.1543,-0.0481,-0.5889,0.1737,-0.6684,,,,,,57.72,47.59,20.56,58.69,16.58,,,,,
2017-07-01,PLUMBING,,0.0,-0.5889,,-0.6684,0.0,0.2156,,,,,50.0,20.56,,16.58,50.0,60.78,,,
2017-07-01,STEEL_REBAR,,,-0.5889,,-0.6684,,,,-0.4081,0.0598,,,20.56,,16.58,,,,29.6,52.99
2017-08-01,ELECTRICAL,0.8863,0.1541,-0.1513,0.7697,-0.0441,,,,,,94.31,57.71,42.44,88.49,47.79,,,,,
2017-08-01,PLUMBING,,-0.0945,-0.1513,,-0.0441,0.0,0.1528,,,,,45.27,42.44,,47.79,50.0,57.64,,,
2017-08-01,STEEL_REBAR,,,-0.1513,,-0.0441,,,,0.4,0.0713,,,42.44,,47.79,,,,70.0,53.57
2017-09-01,ELECTRICAL,0.7725,1.0,-0.2951,0.8797,0.8441,,,,,,88.63,100.0,35.24,93.99,92.21,,,,,
2017-09-01,PLUMBING,,-0.0675,-0.2951,,0.8441,0.0,0.0866,,,,,46.62,35.24,,92.21,50.0,54.33,,,
2017-09-01,STEEL_REBAR,,,-0.2951,,0.8441,,,,0.0453,0.2722,,,35.24,,92.21,,,,52.26,63.61
2017-10-01,ELECTRICAL,0.8706,0.8129,-0.4043,0.8417,0.8047,,,,,,93.53,90.64,29.78,92.09,90.23,,,,,
2017-10-01,PLUMBING,,-0.0756,-0.4043,,0.8047,0.0,0.0257,,,,,46.22,29.78,,90.23,50.0,51.28,,,
2017-10-01,STEEL_REBAR,,,-0.4043,,0.8047,,,,-0.9412,0.3291,,,29.78,,90.23,,,,2.94,66.46
2017-11-01,ELECTRICAL,0.4853,0.9771,-0.4272,0.4535,0.9874,,,,,,74.27,98.86,28.64,72.68,99.37,,,,,
2017-11-01,PLUMBING,,-0.0284,-0.4272,,0.9874,0.0,0.0275,,,,,48.58,28.64,,99.37,50.0,51.38,,,
2017-11-01,STEEL_REBAR,,,-0.4272,,0.9874,,,,-0.3003,0.2612,,,28.64,,99.37,,,,34.98,63.06
2017-12-01,ELECTRICAL,0.4748,0.7307,-0.1934,0.232,0.8489,,,,,,73.74,86.53,40.33,61.6,92.44,,,,,
2017-12-01,PLUMBING,,-0.0284,-0.1934,,0.8489,0.0,-0.0176,,,,,48.58,40.33,,92.44,50.0,49.12,,,
2017-12-01,STEEL_REBAR,,,-0.1934,,0.8489,,,,0.719,0.183,,,40.33,,92.44,,,,85.95,59.15
2018-01-01,ELECTRICAL,0.4034,0.7553,-0.6352,0.6619,0.9605,,,,,,70.17,87.77,18.24,83.09,98.03,,,,,
2018-01-01,PLUMBING,,-0.0284,-0.6352,,0.9605,0.0,0.3299,,,,,48.58,18.24,,98.03,50.0,66.5,,,
2018-01-01,STEEL_REBAR,,,-0.6352,,0.9605,,,,0.9302,-0.0271,,,18.24,,98.03,,,,96.51,48.65
2018-02-01,ELECTRICAL,0.3282,0.6288,-0.1833,0.4507,0.4624,,,,,,66.41,81.44,40.84,72.54,73.12,,,,,
2018-02-01,PLUMBING,,0.0,-0.1833,,0.4624,0.0,0.2562,,,,,50.0,40.84,,73.12,50.0,62.81,,,
2018-02-01,STEEL_REBAR,,,-0.1833,,0.4624,,,0.6516,0.7096,0.532,,,40.84,,73.12,,,82.58,85.48,76.6
2018-03-01,ELECTRICAL,-0.1128,0.5571,-0.266,-0.205,0.6113,,,,,,44.36,77.85,36.7,39.75,80.56,,,,,
2018-03-01,PLUMBING,,0.0,-0.266,,0.6113,0.0,0.2511,,,,,50.0,36.7,,80.56,50.0,62.55,,,
2018-03-01,STEEL_REBAR,,,-0.266,,0.6113,,,-0.1063,-0.0969,0.5632,,,36.7,,80.56,,,44.68,45.15,78.16
2018-04-01,ELECTRICAL,0.1217,0.4662,0.5001,0.5091,0.7266,,,,,,56.08,73.31,75.01,75.46,86.33,,,,,
2018-04-01,PLUMBING,,0.0,0.5001,,0.7266,0.0,0.1183,,,,,50.0,75.01,,86.33,50.0,55.91,,,
2018-04-01,STEEL_REBAR,,,0.5001,,0.7266,,,0.9137,-0.3839,0.7046,,,75.01,,86.33,,,95.69,30.8,85.23
2018-05-01,ELECTRICAL,0.11,0.8699,0.543,0.6574,0.9512,,,,,,55.5,93.5,77.15,82.87,97.56,,,,,
2018-05-01,PLUMBING,,0.2573,0.543,,0.9512,0.0,0.1056,,,,,62.86,77.15,,97.56,50.0,55.28,,,
2018-05-01,STEEL_REBAR,,,0.543,,0.9512,,,0.4867,-0.3069,0.7278,,,77.15,,97.56,,,74.33,34.66,86.39
2018-06-01,ELECTRICAL,0.5915,0.6688,0.6244,0.6005,0.7632,,,,,,79.57,83.44,81.22,80.02,88.16,,,,,
2018-06-01,PLUMBING,,0.2058,0.6244,,0.7632,0.0,0.1861,,,,,60.29,81.22,,88.16,50.0,59.3,,,
2018-06-01,STEEL_REBAR,,-0.5792,0.6244,,0.7632,,,0.4878,-0.565,0.7307,,21.04,81.22,,88.16,,,74.39,21.75,86.53
2018-07-01,ELECTRICAL,-0.7267,0.6573,0.7026,-0.7555,0.5376,,,,,,13.67,82.87,85.13,12.22,76.88,,,,,
2018-07-01,PLUMBING,,0.0901,0.7026,,0.5376,0.0,0.1245,,,,,54.5,85.13,,76.88,50.0,56.22,,,
2018-07-01,STEEL_REBAR,,1.0,0.7026,,0.5376,,,0.5119,-0.2259,0.6879,,100.0,85.13,,76.88,,,75.6,38.71,84.4
2018-08-01,ELECTRICAL,-0.8283,0.1178,0.5819,-0.7402,0.0121,,,,,,8.58,55.89,79.09,12.99,50.61,,,,,
2018-08-01,PLUMBING,,-0.1107,0.5819,,0.0121,0.0,0.0591,,,,,44.47,79.09,,50.61,50.0,52.95,,,
2018-08-01,STEEL_REBAR,,0.5501,0.5819,,0.0121,,,0.0751,-0.1335,0.7244,,77.51,79.09,,50.61,,,53.75,43.33,86.22
2018-09-01,ELECTRICAL,-0.8046,0.0956,0.0683,-0.5853,0.722,,,,,,9.77,54.78,53.41,20.73,86.1,,,,,
2018-09-01,PLUMBING,,-0.1577,0.0683,,0.722,0.0,0.0313,,,,,42.11,53.41,,86.1,50.0,51.56,,,
2018-09-01,STEEL_REBAR,,0.4448,0.0683,,0.722,,,-0.0338,0.0779,0.6523,,72.24,53.41,,86.1,,,48.31,53.89,82.61
2018-10-01,ELECTRICAL,-0.1054,0.1886,0.3536,-0.4502,0.7464,,,,,,44.73,59.43,67.68,27.49,87.32,,,,,
2018-10-01,PLUMBING,,-0.0661,0.3536,,0.7464,0.0,-0.001,,,,,46.7,67.68,,87.32,50.0,49.95,,,
2018-10-01,STEEL_REBAR,,-0.8665,0.3536,,0.7464,,,0.5884,0.7753,0.6325,,6.67,67.68,,87.32,,,79.42,88.76,81.63
2018-11-01,ELECTRICAL,0.0239,-0.1591,0.4123,-0.7287,-1.0,-1.0,,,,,51.2,42.04,70.61,13.57,0.0,0.0,,,,
2018-11-01,PLUMBING,,-0.1006,0.4123,,-1.0,0.0,0.0251,,,,,44.97,70.61,,0.0,50.0,51.25,,,
2018-11-01,STEEL_REBAR,,-0.8022,0.4123,,-1.0,,,0.9537,0.6249,0.5564,,9.89,70.61,,0.0,,,97.69,81.24,77.82
2018-12-01,ELECTRICAL,0.0036,-0.1033,0.7898,-0.6328,-1.0,0.2647,,,,,50.18,44.84,89.49,18.36,0.0,63.24,,,,
2018-12-01,PLUMBING,,-0.0651,0.7898,,-1.0,0.0,0.0013,,,,,46.75,89.49,,0.0,50.0,50.07,,,
2018-12-01,STEEL_REBAR,,-0.7124,0.7898,,-1.0,,,0.0038,0.0089,0.5261,,14.38,89.49,,0.0,,,50.19,50.45,76.3
2019-01-01,ELECTRICAL,-0.4549,0.8788,0.1196,-0.8314,-0.7163,-0.7143,,,,,27.25,93.94,55.98,8.43,14.19,14.29,,,,
2019-01-01,PLUMBING,,-0.0661,0.1196,,-0.7163,0.0,0.254,,,,,46.69,55.98,,14.19,50.0,62.7,,,
2019-01-01,STEEL_REBAR,,-0.8276,0.1196,,-0.7163,,,-1.0,0.7519,0.2254,,8.62,55.98,,14.19,,,0.0,87.6,61.27
2019-02-01,ELECTRICAL,0.1819,0.7124,-0.4227,-0.5036,-0.3123,,,,,,59.09,85.62,28.87,24.82,34.38,,,,,
2019-02-01,PLUMBING,,0.0142,-0.4227,,-0.3123,0.0,0.2157,,,,,50.71,28.87,,34.38,50.0,60.78,,,
2019-02-01,STEEL_REBAR,,-0.8849,-0.4227,,-0.3123,,,-0.8348,1.0,-0.0679,,5.76,28.87,,34.38,,,8.26,100.0,46.6
2019-03-01,ELECTRICAL,0.4168,0.7224,-0.3436,-0.3905,0.296,-1.0,,,,,70.84,86.12,32.82,30.47,64.8,0.0,,,,
2019-03-01,PLUMBING,,0.0024,-0.3436,,0.296,0.0,0.2198,,,,,50.12,32.82,,64.8,50.0,60.99,,,
2019-03-01,STEEL_REBAR,,-0.7207,-0.3436,,0.296,,,-0.8455,0.7852,-0.3105,,13.97,32.82,,64.8,,,7.72,89.26,34.48
2019-04-01,ELECTRICAL,0.3751,0.2646,-0.4601,-0.3405,0.3484,,,,,,68.75,63.23,27.0,32.98,67.42,,,,,
2019-04-01,PLUMBING,,0.0355,-0.4601,,0.3484,0.0,0.0842,,,,,51.78,27.0,,67.42,50.0,54.21,,,
2019-04-01,STEEL_REBAR,,-0.2017,-0.4601,,0.3484,,,-0.5123,0.9765,-0.2862,,39.92,27.0,,67.42,,,24.39,98.83,35.69
2019-05-01,ELECTRICAL,-0.6588,0.2746,-0.321,-0.6034,0.6458,,,,,,17.06,63.73,33.95,19.83,82.29,,,,,
2019-05-01,PLUMBING,,0.0781,-0.321,,0.6458,0.0,0.0842,,,,,53.91,33.95,,82.29,50.0,54.21,,,
2019-05-01,STEEL_REBAR,,-0.9685,-0.321,,0.6458,,,-0.7814,0.9629,-0.4854,,1.57,33.95,,82.29,,,10.93,98.15,25.73
2019-06-01,ELECTRICAL,-0.7533,0.2233,-0.325,-0.6474,-0.2452,,,,,,12.33,61.17,33.75,17.63,37.74,,,,,
2019-06-01,PLUMBING,,0.0048,-0.325,,-0.2452,0.0,0.0821,,,,,50.24,33.75,,37.74,50.0,54.1,,,
2019-06-01,STEEL_REBAR,,-0.9296,-0.325,,-0.2452,,,-0.971,0.9625,-0.5417,,3.52,33.75,,37.74,,,1.45,98.12,22.92
2019-07-01,ELECTRICAL,-0.6138,-0.0475,-0.4919,-0.2157,-0.2207,1.0,,,,,19.31,47.62,25.4,39.22,38.97,100.0,,,,
2019-07-01,PLUMBING,,0.1562,-0.4919,,-0.2207,0.0,0.0056,,,,,57.81,25.4,,38.97,50.0,50.28,,,
2019-07-01,STEEL_REBAR,,-0.7737,-0.4919,,-0.2207,,,-0.7902,0.9866,-0.7416,,11.31,25.4,,38.97,,,10.49,99.33,12.92
2019-08-01,ELECTRICAL,-0.8073,-0.0475,-0.5344,-0.4353,-0.8947,-1.0,,,,,9.64,47.62,23.28,28.24,5.27,0.0,,,,
2019-08-01,PLUMBING,,0.078,-0.5344,,-0.8947,0.0,0.0133,,,,,53.9,23.28,,5.27,50.0,50.66,,,
2019-08-01,STEEL_REBAR,,-0.6502,-0.5344,,-0.8947,,,0.029,-0.4028,-0.6627,,17.49,23.28,,5.27,,,51.45,29.86,16.86
2019-09-01,ELECTRICAL,-0.5186,-0.0178,-0.4198,-0.2012,-0.1852,0.5227,,,,,24.07,49.11,29.01,39.94,40.74,76.14,,,,
2019-09-01,PLUMBING,,0.0971,-0.4198,,-0.1852,0.0,0.0103,,,,,54.85,29.01,,40.74,50.0,50.51,,,
2019-09-01,STEEL_REBAR,,-0.5457,-0.4198,,-0.1852,,,-0.6119,-0.33,-0.518,,22.72,29.01,,40.74,,,19.41,33.5,24.1
2019-10-01,ELECTRICAL,-0.5413,-0.1367,-0.2726,-0.4936,-0.7997,-0.7204,,,,,22.94,43.17,36.37,25.32,10.02,13.98,,,,
2019-10-01,PLUMBING,,0.0237,-0.2726,,-0.7997,0.0,0.0167,,,,,51.18,36.37,,10.02,50.0,50.83,,,
2019-10-01,STEEL_REBAR,,-0.7153,-0.2726,,-0.7997,,,-0.9586,-0.8064,-0.4455,,14.24,36.37,,10.02,,,2.07,9.68,27.73
2019-11-01,ELECTRICAL,-0.0618,-0.1129,-0.3566,0.1782,0.1279,1.0,,,,,46.91,44.36,32.17,58.91,56.39,100.0,,,,
2019-11-01,PLUMBING,,0.026,-0.3566,,0.1279,0.0,0.015,,,,,51.3,32.17,,56.39,50.0,50.75,,,
2019-11-01,STEEL_REBAR,,-0.6102,-0.3566,,0.1279,,,-0.6419,-0.9426,-0.3619,,19.49,32.17,,56.39,,,17.91,2.87,31.9
2019-12-01,ELECTRICAL,0.3238,-0.0951,-0.4005,0.0918,0.5068,,,,,,66.19,45.24,29.98,54.59,75.34,,,,,
2019-12-01,PLUMBING,,0.0308,-0.4005,,0.5068,0.0,0.0141,,,,,51.54,29.98,,75.34,50.0,50.71,,,
2019-12-01,STEEL_REBAR,,-0.8929,-0.4005,,0.5068,,,-0.0093,-0.1912,-0.4344,,5.36,29.98,,75.34,,,49.54,40.44,28.28
2020-01-01,ELECTRICAL,0.1257,-1.0,-0.3863,0.1202,0.3065,-0.0103,,,,,56.28,0.0,30.68,56.01,65.32,49.48,,,,
2020-01-01,PLUMBING,,-0.0307,-0.3863,,0.3065,0.0,0.1666,,,,,48.47,30.68,,65.32,50.0,58.33,,,
2020-01-01,STEEL_REBAR,,-0.6492,-0.3863,,0.3065,,,0.8279,0.2115,-0.2164,,17.54,30.68,,65.32,,,91.4,60.57,39.18
2020-02-01,ELECTRICAL,-0.4973,-0.8125,-0.3701,-0.5192,-0.9181,-0.4103,,,,,25.13,9.37,31.49,24.04,4.1,29.48,,,,
2020-02-01,PLUMBING,,-0.0614,-0.3701,,-0.9181,0.0,0.2316,,,,,46.93,31.49,,4.1,50.0,61.58,,,
2020-02-01,STEEL_REBAR,,-0.7735,-0.3701,,-0.9181,,,-0.5188,-0.0506,-0.3381,,11.32,31.49,,4.1,,,24.06,47.47,33.09
2020-03-01,ELECTRICAL,-0.8592,-0.7875,0.7468,-0.8277,-1.0,-0.319,,,,,7.04,10.63,87.34,8.62,0.0,34.05,,,,
2020-03-01,PLUMBING,,-0.0142,0.7468,,-1.0,0.0,0.2114,,,,,49.29,87.34,,0.0,50.0,60.57,,,
2020-03-01,STEEL_REBAR,,-0.6814,0.7468,,-1.0,,,-0.6364,-0.2691,-0.224,,15.93,87.34,,0.0,,,18.18,36.54,38.8
2020-04-01,ELECTRICAL,-0.878,-0.3,0.4348,-0.9899,-1.0,-0.6637,,,,,6.1,35.0,71.74,0.5,0.0,16.81,,,,
2020-04-01,PLUMBING,,-0.0543,0.4348,,-1.0,0.0,0.1297,,,,,47.28,71.74,,0.0,50.0,56.48,,,
2020-04-01,STEEL_REBAR,,-0.7814,0.4348,,-1.0,,,-0.857,-0.8196,-0.2127,,10.93,71.74,,0.0,,,7.15,9.02,39.36
2020-05-01,ELECTRICAL,-0.5676,-0.3564,0.2923,-0.789,-0.6,,,,,,21.62,32.18,64.62,10.55,20.0,,,,,
2020-05-01,PLUMBING,,-0.3842,0.2923,,-0.6,0.0,0.0779,,,,,30.79,64.62,,20.0,50.0,53.89,,,
2020-05-01,STEEL_REBAR,,-0.9217,0.2923,,-0.6,,,-0.3035,0.7401,-0.3657,,3.91,64.62,,20.0,,,34.83,87.0,31.71
2020-06-01,ELECTRICAL,0.3349,-0.3187,-0.5346,-0.3101,0.4,-0.6146,,,,,66.74,34.06,23.27,34.5,70.0,19.27,,,,
2020-06-01,PLUMBING,,-0.3522,-0.5346,,0.4,0.0,0.0779,,,,,32.39,23.27,,70.0,50.0,53.89,,,
2020-06-01,STEEL_REBAR,,-0.8108,-0.5346,,0.4,,,0.3854,1.0,-0.4403,,9.46,23.27,,70.0,,,69.27,100.0,27.99
2020-07-01,ELECTRICAL,0.8716,0.1377,-0.511,0.3803,0.3354,-0.4227,,,,,93.58,56.89,24.45,69.01,66.77,28.86,,,,
2020-07-01,PLUMBING,,-0.2133,-0.511,,0.3354,0.0,0.0471,,,,,39.33,24.45,,66.77,50.0,52.36,,,
2020-07-01,STEEL_REBAR,,-0.7255,-0.511,,0.3354,,,0.1316,0.909,-0.3311,,13.72,24.45,,66.77,,,56.58,95.45,33.45
2020-08-01,ELECTRICAL,0.8301,0.2825,-0.4816,0.7418,0.2996,-0.9311,,,,,91.5,64.13,25.92,87.09,64.98,3.44,,,,
2020-08-01,PLUMBING,,-0.1092,-0.4816,,0.2996,0.0,0.0217,,,,,44.54,25.92,,64.98,50.0,51.09,,,
2020-08-01,STEEL_REBAR,,-0.6152,-0.4816,,0.2996,,,0.8083,1.0,-0.271,,19.24,25.92,,64.98,,,90.41,100.0,36.45
2020-09-01,ELECTRICAL,0.8872,0.1691,-0.4097,0.7655,0.3086,-0.6427,,,,,94.36,58.45,29.51,88.27,65.43,17.87,,,,
2020-09-01,PLUMBING,,-0.2059,-0.4097,,0.3086,0.0,0.0201,,,,,39.7,29.51,,65.43,50.0,51.0,,,
2020-09-01,STEEL_REBAR,,-0.1492,-0.4097,,0.3086,,,1.0,0.8602,-0.2157,,42.54,29.51,,65.43,,,100.0,93.01,39.22
2020-10-01,ELECTRICAL,0.5395,0.0875,-0.4683,0.8816,0.045,-0.662,,,,,76.97,54.38,26.58,94.08,52.25,16.9,,,,
2020-10-01,PLUMBING,,-0.2803,-0.4683,,0.045,0.0,0.0117,,,,,35.99,26.58,,52.25,50.0,50.59,,,
2020-10-01,STEEL_REBAR,,-0.5914,-0.4683,,0.045,,,0.8692,0.7255,0.005,,20.43,26.58,,52.25,,,93.46,86.28,50.25
2020-11-01,ELECTRICAL,0.7924,0.114,-0.4786,0.9544,0.2922,0.0327,,,,,89.62,55.7,26.07,97.72,64.61,51.63,,,,
2020-11-01,PLUMBING,,-0.0976,-0.4786,,0.2922,0.0,0.0075,,,,,45.12,26.07,,64.61,50.0,50.38,,,
2020-11-01,STEEL_REBAR,,0.0611,-0.4786,,0.2922,,,0.8597,0.563,0.4672,,53.06,26.07,,64.61,,,92.98,78.15,73.36
2020-12-01,ELECTRICAL,0.9399,0.233,-0.9478,0.8991,1.0,-0.0979,,,,,97.0,61.65,2.61,94.95,100.0,45.11,,,,
2020-12-01,PLUMBING,,-0.0692,-0.9478,,1.0,0.0,0.0075,,,,,46.54,2.61,,100.0,50.0,50.38,,,
2020-12-01,STEEL_REBAR,,1.0,-0.9478,,1.0,,,1.0,1.0,0.6818,,100.0,2.61,,100.0,,,100.0,100.0,84.09
2021-01-01,ELECTRICAL,0.845,1.0,-0.8377,0.7867,0.994,-0.0979,,,,,92.25,100.0,8.12,89.34,99.7,45.11,,,,
2021-01-01,PLUMBING,,0.0886,-0.8377,,0.994,0.0,0.1611,,,,,54.43,8.12,,99.7,50.0,58.05,,,
2021-01-01,STEEL_REBAR,,1.0,-0.8377,,0.994,,,1.0,0.9829,0.7512,,100.0,8.12,,99.7,,,100.0,99.15,87.56
2021-02-01,ELECTRICAL,0.9657,0.811,-0.4831,0.7864,1.0,1.0,,,,,98.28,90.55,25.85,89.32,100.0,100.0,,,,
2021-02-01,PLUMBING,,0.1003,-0.4831,,1.0,0.0,0.2017,,,,,55.01,25.85,,100.0,50.0,60.09,,,
2021-02-01,STEEL_REBAR,,0.9196,-0.4831,,1.0,,,0.6,0.7349,0.9754,,95.98,25.85,,100.0,,,80.0,86.75,98.77
2021-03-01,ELECTRICAL,0.9588,0.8612,0.0889,0.8752,0.9281,0.2053,,,,,97.94,93.06,54.44,93.76,96.4,60.26,,,,
2021-03-01,PLUMBING,,0.4362,0.0889,,0.9281,0.0,0.1869,,,,,71.81,54.44,,96.4,50.0,59.35,,,
2021-03-01,STEEL_REBAR,,0.8491,0.0889,,0.9281,,,0.821,0.8241,0.9154,,92.45,54.44,,96.4,,,91.05,91.21,95.77
2021-04-01,ELECTRICAL,0.8671,0.9623,-0.0593,0.9342,0.79,1.0,,,,,93.36,98.11,47.04,96.71,89.5,100.0,,,,
2021-04-01,PLUMBING,,0.4663,-0.0593,,0.79,0.0,0.1072,,,,,73.31,47.04,,89.5,50.0,55.36,,,
2021-04-01,STEEL_REBAR,,0.8919,-0.0593,,0.79,,,0.1073,0.8266,0.8441,,94.6,47.04,,89.5,,,55.37,91.33,92.2
2021-05-01,ELECTRICAL,0.976,1.0,-0.2505,0.9194,0.8902,1.0,,,,,98.8,100.0,37.48,95.97,94.51,100.0,,,,
2021-05-01,PLUMBING,,0.4882,-0.2505,,0.8902,0.0,0.0701,,,,,74.41,37.48,,94.51,50.0,53.5,,,
2021-05-01,STEEL_REBAR,,1.0,-0.2505,,0.8902,,,0.9219,1.0,0.8892,,100.0,37.48,,94.51,,,96.1,100.0,94.46
2021-06-01,ELECTRICAL,0.4804,0.7803,-0.221,0.8122,0.9602,0.8,,,,,74.02,89.02,38.95,90.61,98.01,90.0,,,,
2021-06-01,PLUMBING,,0.7752,-0.221,,0.9602,0.0,0.0701,,,,,88.76,38.95,,98.01,50.0,53.5,,,
2021-06-01,STEEL_REBAR,,1.0,-0.221,,0.9602,,,1.0,0.9422,0.8507,,100.0,38.95,,98.01,,,100.0,97.11,92.54
2021-07-01,ELECTRICAL,0.3365,-1.0,0.1099,0.7594,0.8303,0.7597,,,,,66.82,0.0,55.5,87.97,91.51,87.99,,,,
2021-07-01,PLUMBING,,0.7809,0.1099,,0.8303,0.0,0.0251,,,,,89.05,55.5,,91.51,50.0,51.25,,,
2021-07-01,STEEL_REBAR,,0.9886,0.1099,,0.8303,,,0.9287,0.7829,0.9369,,99.43,55.5,,91.51,,,96.44,89.15,96.84
2021-08-01,ELECTRICAL,-0.237,-0.7766,-0.3232,0.7781,0.3751,0.1993,,,,,38.15,11.17,33.84,88.91,68.75,59.96,,,,
2021-08-01,PLUMBING,,0.7363,-0.3232,,0.3751,0.0,0.0077,,,,,86.81,33.84,,68.75,50.0,50.39,,,
2021-08-01,STEEL_REBAR,,1.0,-0.3232,,0.3751,,,0.7952,-0.7054,0.94,,100.0,33.84,,68.75,,,89.76,14.73,97.0
2021-09-01,ELECTRICAL,-0.2768,-0.6416,-0.4023,0.9823,0.5395,0.1863,,,,,36.16,17.92,29.89,99.12,76.97,59.31,,,,
2021-09-01,PLUMBING,,0.5841,-0.4023,,0.5395,0.0,0.0067,,,,,79.21,29.89,,76.97,50.0,50.33,,,
2021-09-01,STEEL_REBAR,,0.8997,-0.4023,,0.5395,,,0.2216,-1.0,0.882,,94.98,29.89,,76.97,,,61.08,0.0,94.1
2021-10-01,ELECTRICAL,0.3938,0.3375,-0.332,0.8855,1.0,0.2907,,,,,69.69,66.88,33.4,94.28,100.0,64.53,,,,
2021-10-01,PLUMBING,,0.4324,-0.332,,1.0,0.0,0.0121,,,,,71.62,33.4,,100.0,50.0,50.6,,,
2021-10-01,STEEL_REBAR,,0.7801,-0.332,,1.0,,,0.1432,-0.7833,0.8421,,89.0,33.4,,100.0,,,57.16,10.83,92.11
2021-11-01,ELECTRICAL,-0.3272,0.4,-0.76,0.1391,0.7139,1.0,,,,,33.64,70.0,12.0,56.96,85.7,100.0,,,,
2021-11-01,PLUMBING,,0.4499,-0.76,,0.7139,0.0,0.008,,,,,72.49,12.0,,85.7,50.0,50.4,,,
2021-11-01,STEEL_REBAR,,0.9837,-0.76,,0.7139,,,0.6462,-1.0,0.7818,,99.19,12.0,,85.7,,,82.31,0.0,89.09
2021-12-01,ELECTRICAL,-0.1974,0.29,-0.5011,0.0612,-0.1094,1.0,,,,,40.13,64.5,24.95,53.06,44.53,100.0,,,,
2021-12-01,PLUMBING,,0.3102,-0.5011,,-0.1094,0.0,0.008,,,,,65.51,24.95,,44.53,50.0,50.4,,,
2021-12-01,STEEL_REBAR,,0.5764,-0.5011,,-0.1094,,,-0.2599,-0.2757,0.7147,,78.82,24.95,,44.53,,,37.01,36.22,85.74
2022-01-01,ELECTRICAL,-0.1514,0.7108,-0.5583,0.6506,0.6306,0.8,,,,,42.43,85.54,22.08,82.53,81.53,90.0,,,,
2022-01-01,PLUMBING,,0.3077,-0.5583,,0.6306,0.0,0.1449,,,,,65.39,22.08,,81.53,50.0,57.24,,,
2022-01-01,STEEL_REBAR,,0.38,-0.5583,,0.6306,,,-0.99,0.4,0.8481,,69.0,22.08,,81.53,,,0.5,70.0,92.41
2022-02-01,ELECTRICAL,0.6113,0.8802,0.4376,0.9676,1.0,0.8,,,,,80.56,94.01,71.88,98.38,100.0,90.0,,,,
2022-02-01,PLUMBING,,0.2724,0.4376,,1.0,0.0,0.1649,,,,,63.62,71.88,,100.0,50.0,58.25,,,
2022-02-01,STEEL_REBAR,,-0.8321,0.4376,,1.0,,,-0.8774,0.32,0.5694,,8.4,71.88,,100.0,,,6.13,66.0,78.47
2022-03-01,ELECTRICAL,0.8941,0.9055,0.524,0.9645,1.0,,,,,,94.71,95.28,76.2,98.23,100.0,,,,,
2022-03-01,PLUMBING,,0.1539,0.524,,1.0,0.0,0.155,,,,,57.7,76.2,,100.0,50.0,57.75,,,
2022-03-01,STEEL_REBAR,,0.6667,0.524,,1.0,,,0.5499,0.9276,0.5273,,83.34,76.2,,100.0,,,77.5,96.38,76.37
2022-04-01,ELECTRICAL,0.5284,0.6987,0.3992,0.5657,0.6706,0.3,,,,,76.42,84.93,69.96,78.29,83.53,65.0,,,,
2022-04-01,PLUMBING,,0.1426,0.3992,,0.6706,0.0,0.0821,,,,,57.13,69.96,,83.53,50.0,54.11,,,
2022-04-01,STEEL_REBAR,,1.0,0.3992,,0.6706,,,0.9583,0.7884,0.3573,,100.0,69.96,,83.53,,,97.91,89.42,67.86
2022-05-01,ELECTRICAL,0.0428,0.1551,0.9823,-0.4552,0.9298,-0.3375,,,,,52.14,57.76,99.11,27.24,96.49,33.12,,,,
2022-05-01,PLUMBING,,0.4463,0.9823,,0.9298,0.0,0.0573,,,,,72.31,99.11,,96.49,50.0,52.87,,,
2022-05-01,STEEL_REBAR,,1.0,0.9823,,0.9298,,,0.0439,-0.2465,0.628,,100.0,99.11,,96.49,,,52.19,37.67,81.4
2022-06-01,ELECTRICAL,-0.3152,-0.1019,0.8442,-0.8493,0.7003,-0.1554,,,,,34.24,44.91,92.21,7.54,85.01,42.23,,,,
2022-06-01,PLUMBING,,0.6807,0.8442,,0.7003,0.0,0.056,,,,,84.03,92.21,,85.01,50.0,52.8,,,
2022-06-01,STEEL_REBAR,,0.691,0.8442,,0.7003,,,-0.8285,-0.2009,0.6125,,84.55,92.21,,85.01,,,8.58,39.96,80.63
2022-07-01,ELECTRICAL,-1.0,-0.9744,0.8784,-0.9439,0.0468,-0.7286,,,,,0.0,1.28,93.92,2.81,52.34,13.57,,,,
2022-07-01,PLUMBING,,0.7374,0.8784,,0.0468,0.0,0.0306,,,,,86.87,93.92,,52.34,50.0,51.53,,,
2022-07-01,STEEL_REBAR,,0.3898,0.8784,,0.0468,,,-0.8854,-1.0,0.4192,,69.49,93.92,,52.34,,,5.73,0.0,70.96
2022-08-01,ELECTRICAL,-0.7796,-0.981,-0.2983,-0.7735,-0.5253,-0.2732,,,,,11.02,0.95,35.09,11.32,23.73,36.34,,,,
2022-08-01,PLUMBING,,0.5342,-0.2983,,-0.5253,0.0,0.018,,,,,76.71,35.09,,23.73,50.0,50.9,,,
2022-08-01,STEEL_REBAR,,-0.4,-0.2983,,-0.5253,,,-0.925,-0.7996,0.0287,,30.0,35.09,,23.73,,,3.75,10.02,51.43
2022-09-01,ELECTRICAL,-0.7681,-0.8226,0.6139,-0.9775,-0.9553,-0.767,,,,,11.59,8.87,80.7,1.13,2.24,11.65,,,,
2022-09-01,PLUMBING,,0.3022,0.6139,,-0.9553,0.0,0.0175,,,,,65.11,80.7,,2.24,50.0,50.87,,,
2022-09-01,STEEL_REBAR,,-0.6035,0.6139,,-0.9553,,,-0.884,-0.9607,-0.17,,19.82,80.7,,2.24,,,5.8,1.97,41.5
2022-10-01,ELECTRICAL,-0.0214,-0.7818,0.7295,-0.6193,-0.7166,-0.6336,,,,,48.93,10.91,86.47,19.03,14.17,18.32,,,,
2022-10-01,PLUMBING,,0.0831,0.7295,,-0.7166,0.0,0.0091,,,,,54.16,86.47,,14.17,50.0,50.45,,,
2022-10-01,STEEL_REBAR,,-0.8694,0.7295,,-0.7166,,,-0.8308,-0.9387,-0.2592,,6.53,86.47,,14.17,,,8.46,3.06,37.04
2022-11-01,ELECTRICAL,0.1309,-0.4358,0.6104,-0.4059,-0.7472,-0.5338,,,,,56.54,28.21,80.52,29.7,12.64,23.31,,,,
2022-11-01,PLUMBING,,-0.044,0.6104,,-0.7472,0.0,0.0063,,,,,47.8,80.52,,12.64,50.0,50.32,,,
2022-11-01,STEEL_REBAR,,-0.6434,0.6104,,-0.7472,,,-0.941,-0.8013,-0.4801,,17.83,80.52,,12.64,,,2.95,9.93,26.0
2022-12-01,ELECTRICAL,0.2917,-0.3567,0.0774,0.237,-1.0,-0.2002,,,,,64.58,32.17,53.87,61.85,0.0,39.99,,,,
2022-12-01,PLUMBING,,0.2309,0.0774,,-1.0,0.0,0.0066,,,,,61.54,53.87,,0.0,50.0,50.33,,,
2022-12-01,STEEL_REBAR,,-0.7363,0.0774,,-1.0,,,-0.8032,0.4,-0.5318,,13.19,53.87,,0.0,,,9.84,70.0,23.41
2023-01-01,ELECTRICAL,0.9592,-0.8514,-0.3723,0.7281,-0.7228,,,,,,97.96,7.43,31.39,86.4,13.86,,,,,
2023-01-01,PLUMBING,,0.0581,-0.3723,,-0.7228,0.0,0.1226,,,,,52.9,31.39,,13.86,50.0,56.13,,,
2023-01-01,STEEL_REBAR,,-0.9983,-0.3723,,-0.7228,,,-0.2068,0.9983,-0.7713,,0.09,31.39,,13.86,,,39.66,99.92,11.43
2023-02-01,ELECTRICAL,0.8483,-0.6676,0.6414,0.0665,-0.7347,-0.2002,,,,,92.42,16.62,82.07,53.33,13.26,39.99,,,,
2023-02-01,PLUMBING,,0.0382,0.6414,,-0.7347,0.0,0.1048,,,,,51.91,82.07,,13.26,50.0,55.24,,,
2023-02-01,STEEL_REBAR,,-0.9324,0.6414,,-0.7347,,,0.4842,0.8918,-0.5837,,3.38,82.07,,13.26,,,74.21,94.59,20.81
2023-03-01,ELECTRICAL,0.8294,0.6177,0.8783,-0.2572,-0.5928,0.7646,,,,,91.47,80.88,93.91,37.14,20.36,88.23,,,,
2023-03-01,PLUMBING,,-0.0953,0.8783,,-0.5928,0.0,0.1032,,,,,45.23,93.91,,20.36,50.0,55.16,,,
2023-03-01,STEEL_REBAR,,-0.8513,0.8783,,-0.5928,,,0.8281,0.8178,-0.6102,,7.43,93.91,,20.36,,,91.41,90.89,19.49
2023-04-01,ELECTRICAL,0.4586,0.5953,0.6559,-0.1728,-0.2142,0.9094,,,,,72.93,79.77,82.8,41.36,39.29,95.47,,,,
2023-04-01,PLUMBING,,-0.0844,0.6559,,-0.2142,0.0,0.0427,,,,,45.78,82.8,,39.29,50.0,52.14,,,
2023-04-01,STEEL_REBAR,,-0.1377,0.6559,,-0.2142,,,0.9431,-0.1369,-0.2283,,43.12,82.8,,39.29,,,97.15,43.16,38.59
2023-05-01,ELECTRICAL,-0.1513,0.6187,0.737,-0.5219,-0.9663,0.8,,,,,42.44,80.93,86.85,23.91,1.68,90.0,,,,
2023-05-01,PLUMBING,,0.0447,0.737,,-0.9663,0.0,0.0325,,,,,52.23,86.85,,1.68,50.0,51.63,,,
2023-05-01,STEEL_REBAR,,-0.4952,0.737,,-0.9663,,,0.5632,-0.4,-0.1639,,25.24,86.85,,1.68,,,78.16,30.0,41.81
2023-06-01,ELECTRICAL,-0.0372,0.0458,0.3652,-0.6605,-0.5938,0.5736,,,,,48.14,52.29,68.26,16.97,20.31,78.68,,,,
2023-06-01,PLUMBING,,-0.071,0.3652,,-0.5938,0.0,0.0338,,,,,46.45,68.26,,20.31,50.0,51.69,,,
2023-06-01,STEEL_REBAR,,-0.9893,0.3652,,-0.5938,,,-0.144,-0.2722,-0.0616,,0.54,68.26,,20.31,,,42.8,36.39,46.92
2023-07-01,ELECTRICAL,-0.1073,0.2326,0.4967,-0.7338,-0.2684,0.3,,,,,44.64,61.63,74.83,13.31,36.58,65.0,,,,
2023-07-01,PLUMBING,,-0.3475,0.4967,,-0.2684,0.0,0.0335,,,,,32.63,74.83,,36.58,50.0,51.68,,,
2023-07-01,STEEL_REBAR,,-1.0,0.4967,,-0.2684,,,-0.3852,-0.3713,-0.2311,,0.0,74.83,,36.58,,,30.74,31.43,38.45
2023-08-01,ELECTRICAL,0.1769,0.4669,0.6613,-0.6715,0.7099,0.3,,,,,58.84,73.35,83.07,16.43,85.5,65.0,,,,
2023-08-01,PLUMBING,,-0.2595,0.6613,,0.7099,0.0,0.027,,,,,37.02,83.07,,85.5,50.0,51.35,,,
2023-08-01,STEEL_REBAR,,-0.9727,0.6613,,0.7099,,,-0.1451,-0.1005,-0.1478,,1.36,83.07,,85.5,,,42.75,44.97,42.61
2023-09-01,ELECTRICAL,0.1813,-0.0391,0.8814,-0.1186,0.981,0.1642,,,,,59.06,48.04,94.07,44.07,99.05,58.21,,,,
2023-09-01,PLUMBING,,-0.2471,0.8814,,0.981,0.0,0.027,,,,,37.65,94.07,,99.05,50.0,51.35,,,
2023-09-01,STEEL_REBAR,,-0.8718,0.8814,,0.981,,,0.1495,0.3559,-0.2405,,6.41,94.07,,99.05,,,57.48,67.79,37.97
2023-10-01,ELECTRICAL,0.0568,0.3113,0.9724,-0.0961,0.6183,0.8787,,,,,52.84,65.56,98.62,45.19,80.92,93.93,,,,
2023-10-01,PLUMBING,,0.1933,0.9724,,0.6183,0.0,0.009,,,,,59.67,98.62,,80.92,50.0,50.45,,,
2023-10-01,STEEL_REBAR,,-0.7571,0.9724,,0.6183,,,-0.0685,0.2698,-0.2491,,12.15,98.62,,80.92,,,46.58,63.49,37.55
2023-11-01,ELECTRICAL,0.0606,0.0984,0.2589,0.084,-0.1102,0.7029,,,,,53.03,54.92,62.95,54.2,44.49,85.15,,,,
2023-11-01,PLUMBING,,0.1194,0.2589,,-0.1102,0.0,0.011,,,,,55.97,62.95,,44.49,50.0,50.55,,,
2023-11-01,STEEL_REBAR,,0.2335,0.2589,,-0.1102,,,0.1902,1.0,-0.2944,,61.67,62.95,,44.49,,,59.51,100.0,35.28
2023-12-01,ELECTRICAL,-0.155,0.3683,-0.5356,0.0218,-0.5057,0.7029,,,,,42.25,68.42,23.22,51.09,24.72,85.15,,,,
2023-12-01,PLUMBING,,0.1685,-0.5356,,-0.5057,0.0,0.011,,,,,58.42,23.22,,24.72,50.0,50.55,,,
2023-12-01,STEEL_REBAR,,-0.3444,-0.5356,,-0.5057,,,0.6879,0.9153,-0.139,,32.78,23.22,,24.72,,,84.39,95.76,43.05
2024-01-01,ELECTRICAL,-0.1247,0.2245,-0.3616,0.104,-0.4962,0.2636,,,,,43.77,61.23,31.92,55.2,25.19,63.18,,,,
2024-01-01,PLUMBING,,0.1157,-0.3616,,-0.4962,0.0,0.0468,,,,,55.78,31.92,,25.19,50.0,52.34,,,
2024-01-01,STEEL_REBAR,,0.5086,-0.3616,,-0.4962,,,0.491,0.7825,-0.1232,,75.43,31.92,,25.19,,,74.55,89.13,43.84
2024-02-01,ELECTRICAL,-0.3464,0.1931,-0.7071,-0.0129,-0.0908,0.2636,,,,,32.68,59.66,14.64,49.35,45.46,63.18,,,,
2024-02-01,PLUMBING,,0.0951,-0.7071,,-0.0908,0.0,0.0373,,,,,54.75,14.64,,45.46,50.0,51.87,,,
2024-02-01,STEEL_REBAR,,-0.9271,-0.7071,,-0.0908,,,-0.3236,-0.1097,0.1042,,3.65,14.64,,45.46,,,33.82,44.52,55.21
2024-03-01,ELECTRICAL,0.2408,0.6888,-0.4438,0.2403,0.3167,0.5648,,,,,62.04,84.44,27.81,62.02,65.84,78.24,,,,
2024-03-01,PLUMBING,,-0.0687,-0.4438,,0.3167,0.0,0.0374,,,,,46.57,27.81,,65.84,50.0,51.87,,,
2024-03-01,STEEL_REBAR,,-0.8897,-0.4438,,0.3167,,,-1.0,-0.964,0.034,,5.51,27.81,,65.84,,,0.0,1.8,51.7
2024-04-01,ELECTRICAL,1.0,0.6921,-0.0175,1.0,0.6147,1.0,,,,,100.0,84.61,49.12,100.0,80.73,100.0,,,,
2024-04-01,PLUMBING,,-0.0891,-0.0175,,0.6147,0.0,0.0141,,,,,45.55,49.12,,80.73,50.0,50.7,,,
2024-04-01,STEEL_REBAR,,-0.8991,-0.0175,,0.6147,,,-0.6625,-0.6456,-0.0871,,5.04,49.12,,80.73,,,16.88,17.72,45.64
2024-05-01,ELECTRICAL,0.9338,0.8545,-0.04,0.866,-0.0107,0.9033,,,,,96.69,92.72,48.0,93.3,49.46,95.17,,,,
2024-05-01,PLUMBING,,-0.0378,-0.04,,-0.0107,0.0,0.014,,,,,48.11,48.0,,49.46,50.0,50.7,,,
2024-05-01,STEEL_REBAR,,-0.3998,-0.04,,-0.0107,,,-0.7318,-0.4521,-0.5842,,30.01,48.0,,49.46,,,13.41,27.39,20.79
2024-06-01,ELECTRICAL,0.6993,0.5205,0.4492,0.7342,0.0736,0.8,,,,,84.96,76.02,72.46,86.71,53.68,90.0,,,,
2024-06-01,PLUMBING,,-0.0222,0.4492,,0.0736,0.0,0.014,,,,,48.89,72.46,,53.68,50.0,50.7,,,
2024-06-01,STEEL_REBAR,,0.9369,0.4492,,0.0736,,,0.0405,-0.608,-0.5738,,96.85,72.46,,53.68,,,52.03,19.6,21.31
2024-07-01,ELECTRICAL,0.0547,0.8117,-0.337,-0.2545,-0.0775,0.5583,,,,,52.74,90.58,33.15,37.28,46.12,77.91,,,,
2024-07-01,PLUMBING,,-0.0222,-0.337,,-0.0775,0.0,0.0076,,,,,48.89,33.15,,46.12,50.0,50.38,,,
2024-07-01,STEEL_REBAR,,1.0,-0.337,,-0.0775,,,0.0456,-0.5761,-0.4738,,100.0,33.15,,46.12,,,52.28,21.2,26.31
2024-08-01,ELECTRICAL,-0.2722,0.4653,0.3327,-0.1792,-0.5513,0.3,,,,,36.39,73.26,66.64,41.04,22.43,65.0,,,,
2024-08-01,PLUMBING,,-0.0379,0.3327,,-0.5513,0.0,0.0062,,,,,48.11,66.64,,22.43,50.0,50.31,,,
2024-08-01,STEEL_REBAR,,0.8844,0.3327,,-0.5513,,,0.1397,-0.9366,-0.4154,,94.22,66.64,,22.43,,,56.99,3.17,29.23
2024-09-01,ELECTRICAL,0.1325,0.4713,0.2223,0.3071,-0.9607,0.3,,,,,56.63,73.57,61.11,65.35,1.96,65.0,,,,
2024-09-01,PLUMBING,,0.058,0.2223,,-0.9607,0.0,0.0062,,,,,52.9,61.11,,1.96,50.0,50.31,,,
2024-09-01,STEEL_REBAR,,0.9738,0.2223,,-0.9607,,,0.5791,-0.9113,-0.4622,,98.69,61.11,,1.96,,,78.96,4.43,26.89
2024-10-01,ELECTRICAL,0.3322,0.1851,0.2534,0.7699,-0.7261,0.9253,,,,,66.61,59.26,62.67,88.49,13.69,96.27,,,,
2024-10-01,PLUMBING,,0.0647,0.2534,,-0.7261,0.0,0.0024,,,,,53.24,62.67,,13.69,50.0,50.12,,,
2024-10-01,STEEL_REBAR,,0.8213,0.2534,,-0.7261,,,0.6394,-0.0257,-0.3448,,91.06,62.67,,13.69,,,81.97,48.71,32.76
2024-11-01,ELECTRICAL,-0.3889,0.2011,-0.0674,0.5009,-0.7368,0.7147,,,,,30.55,60.05,46.63,75.04,13.16,85.73,,,,
2024-11-01,PLUMBING,,0.0022,-0.0674,,-0.7368,0.0,0.0022,,,,,50.11,46.63,,13.16,50.0,50.11,,,
2024-11-01,STEEL_REBAR,,0.4549,-0.0674,,-0.7368,,,0.29,-0.1753,-0.1,,72.75,46.63,,13.16,,,64.5,41.23,45.0
2024-12-01,ELECTRICAL,-0.7745,0.1637,-0.6628,0.2313,-0.295,0.2078,,,,,11.28,58.19,16.86,61.56,35.25,60.39,,,,
2024-12-01,PLUMBING,,0.0401,-0.6628,,-0.295,0.0,0.0022,,,,,52.01,16.86,,35.25,50.0,50.11,,,
2024-12-01,STEEL_REBAR,,-0.2317,-0.6628,,-0.295,,,-0.5441,0.4168,-0.3047,,38.42,16.86,,35.25,,,22.8,70.84,34.77
2025-01-01,ELECTRICAL,-0.6568,-0.1802,-0.5186,0.2588,0.1565,-0.8568,,,,,17.16,40.99,24.07,62.94,57.83,7.16,,,,
2025-01-01,PLUMBING,,0.0424,-0.5186,,0.1565,0.0,0.0333,,,,,52.12,24.07,,57.83,50.0,51.66,,,
2025-01-01,STEEL_REBAR,,-0.8234,-0.5186,,0.1565,,,-0.72,-0.3226,-0.3581,,8.83,24.07,,57.83,,,14.0,33.87,32.09
2025-02-01,ELECTRICAL,-0.0493,-0.0963,-0.7643,0.5545,-0.1253,-0.7574,,,,,47.53,45.19,11.79,77.72,43.73,12.13,,,,
2025-02-01,PLUMBING,,0.0602,-0.7643,,-0.1253,0.0,0.0266,,,,,53.01,11.79,,43.73,50.0,51.33,,,
2025-02-01,STEEL_REBAR,,-0.4854,-0.7643,,-0.1253,,,-0.102,0.5814,-0.5768,,25.73,11.79,,43.73,,,44.9,79.07,21.16
2025-03-01,ELECTRICAL,0.7588,0.1447,0.0886,0.5082,-0.3047,0.3345,,,,,87.94,57.23,54.43,75.41,34.76,66.73,,,,
2025-03-01,PLUMBING,,0.0245,0.0886,,-0.3047,0.0,0.0264,,,,,51.23,54.43,,34.76,50.0,51.32,,,
2025-03-01,STEEL_REBAR,,-1.0,0.0886,,-0.3047,,,0.2316,0.0433,-0.3691,,0.0,54.43,,34.76,,,61.58,52.17,31.54
2025-04-01,ELECTRICAL,-0.0285,-0.0373,0.2201,-0.8873,-0.9474,,,,,,48.58,48.13,61.01,5.64,2.63,,,,,
2025-04-01,PLUMBING,,0.029,0.2201,,-0.9474,0.0,0.0098,,,,,51.45,61.01,,2.63,50.0,50.49,,,
2025-04-01,STEEL_REBAR,,-0.9316,0.2201,,-0.9474,,,0.2972,-0.4232,-0.3206,,3.42,61.01,,2.63,,,64.86,28.84,33.97
2025-05-01,ELECTRICAL,0.169,-0.5288,-0.4063,-0.5175,-0.9022,,,,,,58.45,23.56,29.69,24.12,4.89,,,,,
2025-05-01,PLUMBING,,0.0379,-0.4063,,-0.9022,0.0,0.0101,,,,,51.89,29.69,,4.89,50.0,50.5,,,
2025-05-01,STEEL_REBAR,,-0.8966,-0.4063,,-0.9022,,,-0.4924,-0.5385,0.157,,5.17,29.69,,4.89,,,25.38,23.08,57.85
2025-06-01,ELECTRICAL,0.0051,-0.4823,-0.8261,-0.2285,-0.1454,,,,,,50.26,25.88,8.7,38.58,42.73,,,,,
2025-06-01,PLUMBING,,0.0245,-0.8261,,-0.1454,0.0,0.0101,,,,,51.23,8.7,,42.73,50.0,50.51,,,
2025-06-01,STEEL_REBAR,,-0.9406,-0.8261,,-0.1454,,,0.1999,-0.7568,0.3734,,2.97,8.7,,42.73,,,59.99,12.16,68.67
2025-07-01,ELECTRICAL,-0.2813,-0.3272,-0.9613,0.6287,-0.0719,,,,,,35.94,33.64,1.93,81.43,46.41,,,,,
2025-07-01,PLUMBING,,0.2823,-0.9613,,-0.0719,0.0,0.0106,,,,,64.11,1.93,,46.41,50.0,50.53,,,
2025-07-01,STEEL_REBAR,,-0.9233,-0.9613,,-0.0719,,,0.3848,0.0516,0.4515,,3.83,1.93,,46.41,,,69.24,52.58,72.57
2025-08-01,ELECTRICAL,-0.2513,,-0.7134,0.2599,-0.086,,,,,,37.43,,14.33,63.0,45.7,,,,,
2025-08-01,PLUMBING,,-1.0,-0.7134,,-0.086,0.0,0.0082,,,,,0.0,14.33,,45.7,50.0,50.41,,,
2025-08-01,STEEL_REBAR,,1.0,-0.7134,,-0.086,,,0.5135,0.0707,0.5683,,100.0,14.33,,45.7,,,75.68,53.53,78.42
2025-09-01,ELECTRICAL,-0.3196,,-0.8031,0.361,-0.3799,,,,,,34.02,,9.85,68.05,31.01,,,,,
2025-09-01,PLUMBING,,-0.8,-0.8031,,-0.3799,0.0,0.0083,,,,,10.0,9.85,,31.01,50.0,50.42,,,
2025-09-01,STEEL_REBAR,,0.6982,-0.8031,,-0.3799,,,0.3921,0.672,0.6661,,84.91,9.85,,31.01,,,69.61,83.6,83.31
2025-10-01,ELECTRICAL,0.6787,,-0.6353,0.8101,-0.706,,,,,,83.94,,18.23,90.5,14.7,,,,,
2025-10-01,PLUMBING,,-0.82,-0.6353,,-0.706,0.0,0.0019,,,,,9.0,18.23,,14.7,50.0,50.1,,,
2025-10-01,STEEL_REBAR,,0.7484,-0.6353,,-0.706,,,0.0527,0.5359,0.6797,,87.42,18.23,,14.7,,,52.63,76.8,83.98
2025-11-01,ELECTRICAL,0.508,,-0.775,0.7624,-0.3458,,,,,,75.4,,11.25,88.12,32.71,,,,,
2025-11-01,PLUMBING,,-0.385,-0.775,,-0.3458,0.0,0.0022,,,,,30.75,11.25,,32.71,50.0,50.11,,,
2025-11-01,STEEL_REBAR,,-0.1971,-0.775,,-0.3458,,,0.0703,0.3622,0.6561,,40.14,11.25,,32.71,,,53.52,68.11,82.81
2025-12-01,ELECTRICAL,0.9622,,-0.7741,0.784,-0.8153,,,,,,98.11,,11.3,89.2,9.23,,,,,
2025-12-01,PLUMBING,,-0.3049,-0.7741,,-0.8153,0.0,0.0022,,,,,34.75,11.3,,9.23,50.0,50.11,,,
2025-12-01,STEEL_REBAR,,-0.015,-0.7741,,-0.8153,,,-0.2159,0.4011,0.6343,,49.25,11.3,,9.23,,,39.2,70.05,81.71
2026-01-01,ELECTRICAL,0.9666,,-0.8276,0.9836,-0.0632,,,,,,98.33,,8.62,99.18,46.84,,,,,
2026-01-01,PLUMBING,,-0.3451,-0.8276,,-0.0632,0.0,-0.0062,,,,,32.75,8.62,,46.84,50.0,49.69,,,
2026-01-01,STEEL_REBAR,,-0.2201,-0.8276,,-0.0632,,,-0.0826,0.2381,0.5072,,39.0,8.62,,46.84,,,45.87,61.9,75.36
2026-02-01,ELECTRICAL,0.7576,,-0.8439,0.6947,0.7359,,,,,,87.88,,7.8,84.73,86.8,,,,,
2026-02-01,PLUMBING,,-0.045,-0.8439,,0.7359,0.0,-0.005,,,,,47.75,7.8,,86.8,50.0,49.75,,,
2026-02-01,STEEL_REBAR,,-0.8218,-0.8439,,0.7359,,,0.3682,-0.5176,0.3013,,8.91,7.8,,86.8,,,68.41,24.12,65.06
2026-03-01,ELECTRICAL,0.4058,,-0.6366,1.0,1.0,,,,,,70.29,,18.17,100.0,100.0,,,,,
2026-03-01,PLUMBING,,0.1552,-0.6366,,1.0,0.0,-0.005,,,,,57.76,18.17,,100.0,50.0,49.75,,,
2026-03-01,STEEL_REBAR,,-0.9791,-0.6366,,1.0,,,-0.1312,0.1854,0.3557,,1.04,18.17,,100.0,,,43.44,59.27,67.79
2026-04-01,ELECTRICAL,0.0817,,-0.757,0.945,0.8833,,,,,,54.08,,12.15,97.25,94.17,,,,,
2026-04-01,PLUMBING,,0.266,-0.757,,0.8833,0.0,0.0002,,,,,63.3,12.15,,94.17,50.0,50.01,,,
2026-04-01,STEEL_REBAR,,-0.3985,-0.757,,0.8833,,,0.6124,0.2424,0.2238,,30.07,12.15,,94.17,,,80.62,62.12,61.19
2026-05-01,ELECTRICAL,0.1449,,-0.9927,0.8444,0.825,,,,,,57.25,,0.36,92.22,91.25,,,,,
2026-05-01,PLUMBING,,0.2946,-0.9927,,0.825,0.0,-0.0002,,,,,64.73,0.36,,91.25,50.0,49.99,,,
2026-05-01,STEEL_REBAR,,-0.7019,-0.9927,,0.825,,,0.3034,0.7331,-0.0435,,14.91,0.36,,91.25,,,65.17,86.66,47.83
2026-06-01,ELECTRICAL,0.3465,,-0.7411,0.2862,-0.4,,,,,,67.33,,12.95,64.31,30.0,,,,,
2026-06-01,PLUMBING,,0.9453,-0.7411,,-0.4,0.0,-0.0002,,,,,97.26,12.95,,30.0,50.0,49.99,,,
2026-06-01,STEEL_REBAR,,0.0525,-0.7411,,-0.4,,,0.8906,-0.4945,0.1218,,52.62,12.95,,30.0,,,94.53,25.28,56.09
2026-07-01,ELECTRICAL,0.3714,,-0.1478,-0.6415,-0.2223,,,,,,68.57,,42.61,17.93,38.88,,,,,
2026-07-01,PLUMBING,,0.6993,-0.1478,,-0.2223,0.0,0.0127,,,,,84.97,42.61,,38.88,50.0,50.63,,,
2026-07-01,STEEL_REBAR,,-0.8682,-0.1478,,-0.2223,,,0.6755,-0.6282,0.5595,,6.59,42.61,,38.88,,,83.78,18.59,77.97
2026-08-01,ELECTRICAL,,,0.0525,,,,,,,,,,52.63,,,,,,,
2026-08-01,PLUMBING,,0.6518,0.0525,,,0.0,0.0103,,,,,82.59,52.63,,,50.0,50.51,,,
2026-08-01,STEEL_REBAR,,0.0193,0.0525,,,,,0.4891,,0.5644,,50.96,52.63,,,,,74.46,,78.22
2026-09-01,ELECTRICAL,,,,,,,,,,,,,,,,,,,,
2026-09-01,PLUMBING,,,,,,0.0,,,,,,,,,,50.0,,,,
2026-09-01,STEEL_REBAR,,,,,,,,,,,,,,,,,,,,
