year_month,product_market_family,index_value,median_percent_change,contributing_products,contributing_events,methodology
2017-10,COPPER_WIRE,100.00,0,8,30,median_pct_change_chain;FRESH+MODERATE_only;no_cross_section_mixing
2018-11,COPPER_WIRE,77.08,-22.9167,7,11,median_pct_change_chain;FRESH+MODERATE_only;no_cross_section_mixing
2018-12,COPPER_WIRE,78.04,1.2411,4,4,median_pct_change_chain;FRESH+MODERATE_only;no_cross_section_mixing
2019-01,COPPER_WIRE,78.04,0,8,23,median_pct_change_chain;FRESH+MODERATE_only;no_cross_section_mixing
2019-03,COPPER_WIRE,78.04,0,3,3,median_pct_change_chain;FRESH+MODERATE_only;no_cross_section_mixing
2019-08,COPPER_WIRE,78.04,0,8,11,median_pct_change_chain;FRESH+MODERATE_only;no_cross_section_mixing
2019-09,COPPER_WIRE,78.04,0,8,51,median_pct_change_chain;FRESH+MODERATE_only;no_cross_section_mixing
2019-10,COPPER_WIRE,78.04,0,8,47,median_pct_change_chain;FRESH+MODERATE_only;no_cross_section_mixing
2020-01,COPPER_WIRE,79.07,1.3158,1,2,median_pct_change_chain;FRESH+MODERATE_only;no_cross_section_mixing
2020-02,COPPER_WIRE,79.07,0,1,1,median_pct_change_chain;FRESH+MODERATE_only;no_cross_section_mixing
2020-03,COPPER_WIRE,79.07,0,9,35,median_pct_change_chain;FRESH+MODERATE_only;no_cross_section_mixing
2020-04,COPPER_WIRE,79.07,0,8,34,median_pct_change_chain;FRESH+MODERATE_only;no_cross_section_mixing
2020-06,COPPER_WIRE,79.07,0,8,23,median_pct_change_chain;FRESH+MODERATE_only;no_cross_section_mixing
2020-07,COPPER_WIRE,79.07,0,10,41,median_pct_change_chain;FRESH+MODERATE_only;no_cross_section_mixing
2020-08,COPPER_WIRE,79.10,0.0405,2,4,median_pct_change_chain;FRESH+MODERATE_only;no_cross_section_mixing
2020-09,COPPER_WIRE,79.10,0,10,46,median_pct_change_chain;FRESH+MODERATE_only;no_cross_section_mixing
2020-10,COPPER_WIRE,79.10,0,10,22,median_pct_change_chain;FRESH+MODERATE_only;no_cross_section_mixing
2020-11,COPPER_WIRE,79.10,0,10,37,median_pct_change_chain;FRESH+MODERATE_only;no_cross_section_mixing
2020-12,COPPER_WIRE,79.10,0,9,40,median_pct_change_chain;FRESH+MODERATE_only;no_cross_section_mixing
2021-01,COPPER_WIRE,79.10,0,1,1,median_pct_change_chain;FRESH+MODERATE_only;no_cross_section_mixing
2021-03,COPPER_WIRE,80.90,2.2727,1,1,median_pct_change_chain;FRESH+MODERATE_only;no_cross_section_mixing
2021-04,COPPER_WIRE,80.90,0,9,26,median_pct_change_chain;FRESH+MODERATE_only;no_cross_section_mixing
2021-05,COPPER_WIRE,85.86,6.1376,10,30,median_pct_change_chain;FRESH+MODERATE_only;no_cross_section_mixing
2021-06,COPPER_WIRE,85.86,0,10,51,median_pct_change_chain;FRESH+MODERATE_only;no_cross_section_mixing
2021-07,COPPER_WIRE,85.10,-0.8929,9,18,median_pct_change_chain;FRESH+MODERATE_only;no_cross_section_mixing
2021-08,COPPER_WIRE,85.10,0,8,30,median_pct_change_chain;FRESH+MODERATE_only;no_cross_section_mixing
2021-09,COPPER_WIRE,85.10,0,1,1,median_pct_change_chain;FRESH+MODERATE_only;no_cross_section_mixing
2021-10,COPPER_WIRE,85.10,0,4,7,median_pct_change_chain;FRESH+MODERATE_only;no_cross_section_mixing
2021-11,COPPER_WIRE,88.63,4.1586,10,19,median_pct_change_chain;FRESH+MODERATE_only;no_cross_section_mixing
2021-12,COPPER_WIRE,88.66,0.0279,1,2,median_pct_change_chain;FRESH+MODERATE_only;no_cross_section_mixing
2022-01,COPPER_WIRE,88.66,0,9,20,median_pct_change_chain;FRESH+MODERATE_only;no_cross_section_mixing
2022-02,COPPER_WIRE,88.66,0,10,41,median_pct_change_chain;FRESH+MODERATE_only;no_cross_section_mixing
2022-04,COPPER_WIRE,88.66,0,9,46,median_pct_change_chain;FRESH+MODERATE_only;no_cross_section_mixing
2022-05,COPPER_WIRE,88.66,0,8,22,median_pct_change_chain;FRESH+MODERATE_only;no_cross_section_mixing
2022-06,COPPER_WIRE,88.66,0,9,34,median_pct_change_chain;FRESH+MODERATE_only;no_cross_section_mixing
2022-07,COPPER_WIRE,88.66,0,1,1,median_pct_change_chain;FRESH+MODERATE_only;no_cross_section_mixing
2022-08,COPPER_WIRE,88.66,0,9,34,median_pct_change_chain;FRESH+MODERATE_only;no_cross_section_mixing
2022-09,COPPER_WIRE,88.66,0,9,39,median_pct_change_chain;FRESH+MODERATE_only;no_cross_section_mixing
2022-10,COPPER_WIRE,88.66,0,9,23,median_pct_change_chain;FRESH+MODERATE_only;no_cross_section_mixing
2022-11,COPPER_WIRE,88.66,0,9,22,median_pct_change_chain;FRESH+MODERATE_only;no_cross_section_mixing
2022-12,COPPER_WIRE,88.66,0,9,57,median_pct_change_chain;FRESH+MODERATE_only;no_cross_section_mixing
2023-02,COPPER_WIRE,88.66,0,8,42,median_pct_change_chain;FRESH+MODERATE_only;no_cross_section_mixing
2023-03,COPPER_WIRE,88.66,0,5,11,median_pct_change_chain;FRESH+MODERATE_only;no_cross_section_mixing
2023-04,COPPER_WIRE,88.66,0,8,18,median_pct_change_chain;FRESH+MODERATE_only;no_cross_section_mixing
2023-05,COPPER_WIRE,88.66,0,9,27,median_pct_change_chain;FRESH+MODERATE_only;no_cross_section_mixing
2023-06,COPPER_WIRE,88.66,0,9,86,median_pct_change_chain;FRESH+MODERATE_only;no_cross_section_mixing
2023-07,COPPER_WIRE,88.66,0,9,36,median_pct_change_chain;FRESH+MODERATE_only;no_cross_section_mixing
2023-08,COPPER_WIRE,88.66,0,8,30,median_pct_change_chain;FRESH+MODERATE_only;no_cross_section_mixing
2023-09,COPPER_WIRE,88.66,0,9,34,median_pct_change_chain;FRESH+MODERATE_only;no_cross_section_mixing
2023-10,COPPER_WIRE,91.95,3.7085,3,6,median_pct_change_chain;FRESH+MODERATE_only;no_cross_section_mixing
2023-11,COPPER_WIRE,91.95,0,10,23,median_pct_change_chain;FRESH+MODERATE_only;no_cross_section_mixing
2023-12,COPPER_WIRE,91.95,0,8,32,median_pct_change_chain;FRESH+MODERATE_only;no_cross_section_mixing
2024-01,COPPER_WIRE,91.95,0,8,22,median_pct_change_chain;FRESH+MODERATE_only;no_cross_section_mixing
2024-02,COPPER_WIRE,91.95,0,6,9,median_pct_change_chain;FRESH+MODERATE_only;no_cross_section_mixing
2024-03,COPPER_WIRE,90.50,-1.5781,8,10,median_pct_change_chain;FRESH+MODERATE_only;no_cross_section_mixing
2024-04,COPPER_WIRE,98.59,8.9468,4,4,median_pct_change_chain;FRESH+MODERATE_only;no_cross_section_mixing
2024-05,COPPER_WIRE,102.15,3.613,8,14,median_pct_change_chain;FRESH+MODERATE_only;no_cross_section_mixing
2024-06,COPPER_WIRE,102.15,0,8,15,median_pct_change_chain;FRESH+MODERATE_only;no_cross_section_mixing
2024-07,COPPER_WIRE,102.15,0,5,15,median_pct_change_chain;FRESH+MODERATE_only;no_cross_section_mixing
2024-08,COPPER_WIRE,102.15,0,9,25,median_pct_change_chain;FRESH+MODERATE_only;no_cross_section_mixing
2024-09,COPPER_WIRE,102.15,0,9,31,median_pct_change_chain;FRESH+MODERATE_only;no_cross_section_mixing
2024-10,COPPER_WIRE,104.81,2.5974,9,16,median_pct_change_chain;FRESH+MODERATE_only;no_cross_section_mixing
2024-11,COPPER_WIRE,104.81,0,9,12,median_pct_change_chain;FRESH+MODERATE_only;no_cross_section_mixing
2024-12,COPPER_WIRE,104.81,0,8,17,median_pct_change_chain;FRESH+MODERATE_only;no_cross_section_mixing
2025-01,COPPER_WIRE,101.53,-3.125,5,5,median_pct_change_chain;FRESH+MODERATE_only;no_cross_section_mixing
2025-02,COPPER_WIRE,101.53,0,5,8,median_pct_change_chain;FRESH+MODERATE_only;no_cross_section_mixing
2025-03,COPPER_WIRE,109.97,8.3065,6,6,median_pct_change_chain;FRESH+MODERATE_only;no_cross_section_mixing
2017-10,N2XY_COPPER_CABLE,100.00,-0.7936,1,2,median_pct_change_chain;FRESH+MODERATE_only;no_cross_section_mixing
2018-11,N2XY_COPPER_CABLE,100.00,0,1,2,median_pct_change_chain;FRESH+MODERATE_only;no_cross_section_mixing
2018-12,N2XY_COPPER_CABLE,100.00,0,2,2,median_pct_change_chain;FRESH+MODERATE_only;no_cross_section_mixing
2019-01,N2XY_COPPER_CABLE,100.00,0,5,11,median_pct_change_chain;FRESH+MODERATE_only;no_cross_section_mixing
2019-07,N2XY_COPPER_CABLE,96.43,-3.5714,1,1,median_pct_change_chain;FRESH+MODERATE_only;no_cross_section_mixing
2019-09,N2XY_COPPER_CABLE,96.43,0,2,4,median_pct_change_chain;FRESH+MODERATE_only;no_cross_section_mixing
2019-10,N2XY_COPPER_CABLE,96.43,0,2,6,median_pct_change_chain;FRESH+MODERATE_only;no_cross_section_mixing
2019-11,N2XY_COPPER_CABLE,95.48,-0.9804,1,2,median_pct_change_chain;FRESH+MODERATE_only;no_cross_section_mixing
2020-01,N2XY_COPPER_CABLE,94.63,-0.8929,3,6,median_pct_change_chain;FRESH+MODERATE_only;no_cross_section_mixing
2020-02,N2XY_COPPER_CABLE,94.63,0,6,7,median_pct_change_chain;FRESH+MODERATE_only;no_cross_section_mixing
2020-03,N2XY_COPPER_CABLE,92.05,-2.7273,4,6,median_pct_change_chain;FRESH+MODERATE_only;no_cross_section_mixing
2020-04,N2XY_COPPER_CABLE,91.21,-0.9091,4,6,median_pct_change_chain;FRESH+MODERATE_only;no_cross_section_mixing
2020-06,N2XY_COPPER_CABLE,91.21,0,3,5,median_pct_change_chain;FRESH+MODERATE_only;no_cross_section_mixing
2020-07,N2XY_COPPER_CABLE,91.21,0,2,4,median_pct_change_chain;FRESH+MODERATE_only;no_cross_section_mixing
2020-08,N2XY_COPPER_CABLE,86.70,-4.9451,2,2,median_pct_change_chain;FRESH+MODERATE_only;no_cross_section_mixing
2020-09,N2XY_COPPER_CABLE,87.48,0.8929,4,6,median_pct_change_chain;FRESH+MODERATE_only;no_cross_section_mixing
2020-10,N2XY_COPPER_CABLE,87.48,0,4,14,median_pct_change_chain;FRESH+MODERATE_only;no_cross_section_mixing
2020-11,N2XY_COPPER_CABLE,88.17,0.7936,3,6,median_pct_change_chain;FRESH+MODERATE_only;no_cross_section_mixing
2020-12,N2XY_COPPER_CABLE,88.17,0,6,12,median_pct_change_chain;FRESH+MODERATE_only;no_cross_section_mixing
2021-01,N2XY_COPPER_CABLE,88.17,0,2,3,median_pct_change_chain;FRESH+MODERATE_only;no_cross_section_mixing
2021-02,N2XY_COPPER_CABLE,88.17,0,2,4,median_pct_change_chain;FRESH+MODERATE_only;no_cross_section_mixing
2021-03,N2XY_COPPER_CABLE,88.17,0,2,2,median_pct_change_chain;FRESH+MODERATE_only;no_cross_section_mixing
2021-04,N2XY_COPPER_CABLE,94.47,7.1452,6,10,median_pct_change_chain;FRESH+MODERATE_only;no_cross_section_mixing
2021-05,N2XY_COPPER_CABLE,102.78,8.7942,4,6,median_pct_change_chain;FRESH+MODERATE_only;no_cross_section_mixing
2021-06,N2XY_COPPER_CABLE,102.78,0,3,10,median_pct_change_chain;FRESH+MODERATE_only;no_cross_section_mixing
2021-07,N2XY_COPPER_CABLE,102.78,0,4,8,median_pct_change_chain;FRESH+MODERATE_only;no_cross_section_mixing
2021-08,N2XY_COPPER_CABLE,102.78,0,3,6,median_pct_change_chain;FRESH+MODERATE_only;no_cross_section_mixing
2021-09,N2XY_COPPER_CABLE,102.71,-0.0704,1,1,median_pct_change_chain;FRESH+MODERATE_only;no_cross_section_mixing
2021-10,N2XY_COPPER_CABLE,102.71,0,5,8,median_pct_change_chain;FRESH+MODERATE_only;no_cross_section_mixing
2021-11,N2XY_COPPER_CABLE,106.99,4.1667,4,5,median_pct_change_chain;FRESH+MODERATE_only;no_cross_section_mixing
2021-12,N2XY_COPPER_CABLE,176.98,65.4237,1,1,median_pct_change_chain;FRESH+MODERATE_only;no_cross_section_mixing
2022-01,N2XY_COPPER_CABLE,176.98,0,4,8,median_pct_change_chain;FRESH+MODERATE_only;no_cross_section_mixing
2022-02,N2XY_COPPER_CABLE,176.98,0,3,6,median_pct_change_chain;FRESH+MODERATE_only;no_cross_section_mixing
2022-04,N2XY_COPPER_CABLE,176.98,0,5,15,median_pct_change_chain;FRESH+MODERATE_only;no_cross_section_mixing
2022-05,N2XY_COPPER_CABLE,169.90,-4,1,1,median_pct_change_chain;FRESH+MODERATE_only;no_cross_section_mixing
2022-06,N2XY_COPPER_CABLE,169.90,0,4,6,median_pct_change_chain;FRESH+MODERATE_only;no_cross_section_mixing
2022-07,N2XY_COPPER_CABLE,169.90,0,4,6,median_pct_change_chain;FRESH+MODERATE_only;no_cross_section_mixing
2022-08,N2XY_COPPER_CABLE,169.90,0,3,7,median_pct_change_chain;FRESH+MODERATE_only;no_cross_section_mixing
2022-09,N2XY_COPPER_CABLE,165.37,-2.6667,3,6,median_pct_change_chain;FRESH+MODERATE_only;no_cross_section_mixing
2022-10,N2XY_COPPER_CABLE,165.37,0,4,8,median_pct_change_chain;FRESH+MODERATE_only;no_cross_section_mixing
2022-11,N2XY_COPPER_CABLE,165.37,0,3,12,median_pct_change_chain;FRESH+MODERATE_only;no_cross_section_mixing
2022-12,N2XY_COPPER_CABLE,165.37,0,7,14,median_pct_change_chain;FRESH+MODERATE_only;no_cross_section_mixing
2023-02,N2XY_COPPER_CABLE,165.37,0,4,7,median_pct_change_chain;FRESH+MODERATE_only;no_cross_section_mixing
2023-03,N2XY_COPPER_CABLE,172.26,4.1667,1,1,median_pct_change_chain;FRESH+MODERATE_only;no_cross_section_mixing
2023-04,N2XY_COPPER_CABLE,175.78,2.0408,3,4,median_pct_change_chain;FRESH+MODERATE_only;no_cross_section_mixing
2023-05,N2XY_COPPER_CABLE,175.78,0,5,11,median_pct_change_chain;FRESH+MODERATE_only;no_cross_section_mixing
2023-06,N2XY_COPPER_CABLE,175.78,0,3,5,median_pct_change_chain;FRESH+MODERATE_only;no_cross_section_mixing
2023-07,N2XY_COPPER_CABLE,175.78,0,3,3,median_pct_change_chain;FRESH+MODERATE_only;no_cross_section_mixing
2023-08,N2XY_COPPER_CABLE,175.78,0,3,5,median_pct_change_chain;FRESH+MODERATE_only;no_cross_section_mixing
2023-09,N2XY_COPPER_CABLE,175.78,0,4,5,median_pct_change_chain;FRESH+MODERATE_only;no_cross_section_mixing
2023-10,N2XY_COPPER_CABLE,179.22,1.9608,2,2,median_pct_change_chain;FRESH+MODERATE_only;no_cross_section_mixing
2023-11,N2XY_COPPER_CABLE,179.22,0,3,5,median_pct_change_chain;FRESH+MODERATE_only;no_cross_section_mixing
2023-12,N2XY_COPPER_CABLE,179.22,0,3,4,median_pct_change_chain;FRESH+MODERATE_only;no_cross_section_mixing
2024-01,N2XY_COPPER_CABLE,179.22,0,5,6,median_pct_change_chain;FRESH+MODERATE_only;no_cross_section_mixing
2024-02,N2XY_COPPER_CABLE,179.22,0,5,11,median_pct_change_chain;FRESH+MODERATE_only;no_cross_section_mixing
2024-03,N2XY_COPPER_CABLE,183.02,2.1164,3,4,median_pct_change_chain;FRESH+MODERATE_only;no_cross_section_mixing
2024-04,N2XY_COPPER_CABLE,183.61,0.3247,5,7,median_pct_change_chain;FRESH+MODERATE_only;no_cross_section_mixing
2024-05,N2XY_COPPER_CABLE,183.61,0,6,7,median_pct_change_chain;FRESH+MODERATE_only;no_cross_section_mixing
2024-06,N2XY_COPPER_CABLE,183.61,0,5,7,median_pct_change_chain;FRESH+MODERATE_only;no_cross_section_mixing
2024-07,N2XY_COPPER_CABLE,183.61,0,3,4,median_pct_change_chain;FRESH+MODERATE_only;no_cross_section_mixing
2024-08,N2XY_COPPER_CABLE,183.61,0,4,7,median_pct_change_chain;FRESH+MODERATE_only;no_cross_section_mixing
2024-09,N2XY_COPPER_CABLE,183.61,0,3,6,median_pct_change_chain;FRESH+MODERATE_only;no_cross_section_mixing
2024-10,N2XY_COPPER_CABLE,188.38,2.5974,4,6,median_pct_change_chain;FRESH+MODERATE_only;no_cross_section_mixing
2024-11,N2XY_COPPER_CABLE,188.38,0,3,3,median_pct_change_chain;FRESH+MODERATE_only;no_cross_section_mixing
2024-12,N2XY_COPPER_CABLE,183.73,-2.4691,1,1,median_pct_change_chain;FRESH+MODERATE_only;no_cross_section_mixing
2025-01,N2XY_COPPER_CABLE,179.81,-2.1309,5,6,median_pct_change_chain;FRESH+MODERATE_only;no_cross_section_mixing
2025-02,N2XY_COPPER_CABLE,178.65,-0.6493,3,4,median_pct_change_chain;FRESH+MODERATE_only;no_cross_section_mixing
2025-03,N2XY_COPPER_CABLE,178.65,0,1,1,median_pct_change_chain;FRESH+MODERATE_only;no_cross_section_mixing
