observation_date,WPS101704
1988-01-01,105.100
1988-02-01,105.500
1988-03-01,106.600
1988-04-01,108.800
1988-05-01,109.300
1988-06-01,109.900
1988-07-01,110.200
1988-08-01,110.700
1988-09-01,110.800
1988-10-01,110.700
1988-11-01,110.500
1988-12-01,111.000
1989-01-01,111.600
1989-02-01,112.100
1989-03-01,112.300
1989-04-01,111.900
1989-05-01,111.500
1989-06-01,111.500
1989-07-01,110.900
1989-08-01,110.600
1989-09-01,110.200
1989-10-01,110.000
1989-11-01,109.300
1989-12-01,108.800
1990-01-01,
1990-02-01,
1990-03-01,
1990-04-01,
1990-05-01,
1990-06-01,
1990-07-01,
1990-08-01,
1990-09-01,
1990-10-01,
1990-11-01,
1990-12-01,
1991-01-01,
1991-02-01,
1991-03-01,
1991-04-01,
1991-05-01,
1991-06-01,
1991-07-01,
1991-08-01,
1991-09-01,
1991-10-01,
1991-11-01,
1991-12-01,
1992-01-01,
1992-02-01,
1992-03-01,
1992-04-01,
1992-05-01,
1992-06-01,
1992-07-01,
1992-08-01,
1992-09-01,
1992-10-01,
1992-11-01,
1992-12-01,
1993-01-01,
1993-02-01,
1993-03-01,
1993-04-01,
1993-05-01,
1993-06-01,
1993-07-01,
1993-08-01,
1993-09-01,
1993-10-01,
1993-11-01,
1993-12-01,
1994-01-01,
1994-02-01,
1994-03-01,
1994-04-01,
1994-05-01,
1994-06-01,
1994-07-01,
1994-08-01,
1994-09-01,
1994-10-01,
1994-11-01,
1994-12-01,
1995-01-01,
1995-02-01,
1995-03-01,
1995-04-01,
1995-05-01,
1995-06-01,
1995-07-01,
1995-08-01,
1995-09-01,
1995-10-01,
1995-11-01,
1995-12-01,
1996-01-01,
1996-02-01,
1996-03-01,
1996-04-01,
1996-05-01,
1996-06-01,
1996-07-01,
1996-08-01,
1996-09-01,
1996-10-01,
1996-11-01,
1996-12-01,
1997-01-01,
1997-02-01,
1997-03-01,
1997-04-01,
1997-05-01,
1997-06-01,
1997-07-01,
1997-08-01,
1997-09-01,
1997-10-01,
1997-11-01,
1997-12-01,
1998-01-01,114.000
1998-02-01,114.200
1998-03-01,113.700
1998-04-01,113.800
1998-05-01,113.800
1998-06-01,113.200
1998-07-01,112.600
1998-08-01,112.200
1998-09-01,110.800
1998-10-01,110.400
1998-11-01,107.300
1998-12-01,105.600
1999-01-01,103.100
1999-02-01,101.500
1999-03-01,100.400
1999-04-01,99.400
1999-05-01,98.700
1999-06-01,98.700
1999-07-01,98.100
1999-08-01,98.200
1999-09-01,97.700
1999-10-01,97.200
1999-11-01,98.100
1999-12-01,98.500
2000-01-01,100.300
2000-02-01,100.900
2000-03-01,101.800
2000-04-01,102.000
2000-05-01,102.400
2000-06-01,101.000
2000-07-01,100.800
2000-08-01,100.200
2000-09-01,99.800
2000-10-01,99.600
2000-11-01,99.300
2000-12-01,98.800
2001-01-01,97.700
2001-02-01,97.100
2001-03-01,96.200
2001-04-01,94.700
2001-05-01,94.800
2001-06-01,94.500
2001-07-01,95.300
2001-08-01,94.000
2001-09-01,94.300
2001-10-01,94.000
2001-11-01,94.000
2001-12-01,94.600
2002-01-01,
2002-02-01,
2002-03-01,
2002-04-01,
2002-05-01,
2002-06-01,
2002-07-01,
2002-08-01,
2002-09-01,
2002-10-01,
2002-11-01,
2002-12-01,
2003-01-01,
2003-02-01,
2003-03-01,
2003-04-01,
2003-05-01,
2003-06-01,
2003-07-01,
2003-08-01,
2003-09-01,
2003-10-01,
2003-11-01,
2003-12-01,
2004-01-01,
2004-02-01,
2004-03-01,
2004-04-01,
2004-05-01,
2004-06-01,
2004-07-01,
2004-08-01,
2004-09-01,
2004-10-01,
2004-11-01,
2004-12-01,
2005-01-01,
2005-02-01,
2005-03-01,
2005-04-01,
2005-05-01,
2005-06-01,
2005-07-01,
2005-08-01,
2005-09-01,
2005-10-01,
2005-11-01,
2005-12-01,
2006-01-01,
2006-02-01,
2006-03-01,
2006-04-01,
2006-05-01,
2006-06-01,
2006-07-01,
2006-08-01,
2006-09-01,
2006-10-01,
2006-11-01,
2006-12-01,
2007-01-01,
2007-02-01,
2007-03-01,
2007-04-01,
2007-05-01,
2007-06-01,
2007-07-01,
2007-08-01,
2007-09-01,
2007-10-01,
2007-11-01,
2007-12-01,
2008-01-01,
2008-02-01,
2008-03-01,
2008-04-01,
2008-05-01,
2008-06-01,
2008-07-01,
2008-08-01,
2008-09-01,
2008-10-01,
2008-11-01,
2008-12-01,
2009-01-01,
2009-02-01,
2009-03-01,
2009-04-01,
2009-05-01,
2009-06-01,
2009-07-01,
2009-08-01,
2009-09-01,
2009-10-01,
2009-11-01,
2009-12-01,
2010-01-01,
2010-02-01,
2010-03-01,
2010-04-01,
2010-05-01,
2010-06-01,
2010-07-01,
2010-08-01,
2010-09-01,
2010-10-01,
2010-11-01,
2010-12-01,
2011-01-01,
2011-02-01,
2011-03-01,
2011-04-01,
2011-05-01,
2011-06-01,
2011-07-01,
2011-08-01,
2011-09-01,
2011-10-01,
2011-11-01,
2011-12-01,
2012-01-01,
2012-02-01,
2012-03-01,
2012-04-01,
2012-05-01,
2012-06-01,
2012-07-01,
2012-08-01,
2012-09-01,
2012-10-01,
2012-11-01,
2012-12-01,
2013-01-01,
2013-02-01,
2013-03-01,
2013-04-01,
2013-05-01,
2013-06-01,
2013-07-01,
2013-08-01,
2013-09-01,
2013-10-01,
2013-11-01,
2013-12-01,
2014-01-01,
2014-02-01,
2014-03-01,
2014-04-01,
2014-05-01,
2014-06-01,
2014-07-01,
2014-08-01,
2014-09-01,
2014-10-01,
2014-11-01,
2014-12-01,
2015-01-01,
2015-02-01,
2015-03-01,
2015-04-01,
2015-05-01,
2015-06-01,
2015-07-01,
2015-08-01,
2015-09-01,
2015-10-01,
2015-11-01,
2015-12-01,
2016-01-01,
2016-02-01,
2016-03-01,
2016-04-01,
2016-05-01,
2016-06-01,
2016-07-01,
2016-08-01,
2016-09-01,
2016-10-01,
2016-11-01,
2016-12-01,
2017-01-01,174.300
2017-02-01,176.800
2017-03-01,177.800
2017-04-01,178.000
2017-05-01,177.100
2017-06-01,176.900
2017-07-01,177.500
2017-08-01,178.100
2017-09-01,181.300
2017-10-01,183.200
2017-11-01,182.600
2017-12-01,182.900
2018-01-01,181.000
2018-02-01,189.100
2018-03-01,192.500
2018-04-01,196.000
2018-05-01,201.400
2018-06-01,205.800
2018-07-01,208.500
2018-08-01,214.300
2018-09-01,217.100
2018-10-01,219.300
2018-11-01,222.200
2018-12-01,224.800
2019-01-01,221.300
2019-02-01,218.400
2019-03-01,215.500
2019-04-01,214.400
2019-05-01,209.800
2019-06-01,206.600
2019-07-01,199.900
2019-08-01,197.300
2019-09-01,197.600
2019-10-01,195.300
2019-11-01,194.000
2019-12-01,191.900
2020-01-01,192.500
2020-02-01,189.300
2020-03-01,189.500
2020-04-01,189.400
2020-05-01,185.000
2020-06-01,182.400
2020-07-01,183.700
2020-08-01,181.900
2020-09-01,181.100
2020-10-01,184.900
2020-11-01,190.500
2020-12-01,194.800
2021-01-01,199.700
2021-02-01,216.600
2021-03-01,227.000
2021-04-01,231.000
2021-05-01,239.500
2021-06-01,247.800
2021-07-01,262.800
2021-08-01,279.219
2021-09-01,288.637
2021-10-01,293.503
2021-11-01,301.309
2021-12-01,307.595
2022-01-01,319.508
2022-02-01,316.151
2022-03-01,318.263
2022-04-01,321.611
2022-05-01,330.338
2022-06-01,334.751
2022-07-01,334.767
2022-08-01,327.655
2022-09-01,323.618
2022-10-01,321.444
2022-11-01,314.192
2022-12-01,309.784
2023-01-01,298.625
2023-02-01,298.171
2023-03-01,294.286
2023-04-01,297.683
2023-05-01,298.554
2023-06-01,298.056
2023-07-01,292.527
2023-08-01,293.701
2023-09-01,290.284
2023-10-01,287.668
2023-11-01,286.834
2023-12-01,288.551
2024-01-01,286.431
2024-02-01,291.186
2024-03-01,290.382
2024-04-01,285.580
2024-05-01,274.336
2024-06-01,271.946
2024-07-01,271.798
2024-08-01,268.355
2024-09-01,264.902
2024-10-01,266.056
2024-11-01,267.468
2024-12-01,260.846
2025-01-01,258.829
2025-02-01,252.782
2025-03-01,252.445
2025-04-01,252.788
2025-05-01,260.328
2025-06-01,264.371
2025-07-01,266.645
2025-08-01,272.142
2025-09-01,278.269
2025-10-01,282.659
2025-11-01,286.972
2025-12-01,291.808
2026-01-01,292.426
2026-02-01,290.986
2026-03-01,296.257
2026-04-01,295.512
2026-05-01,289.646
2026-06-01,296.448
2026-07-01,308.630
2026-08-01,308.521
