observation_date,WPS101211
1997-01-01,172.400
1997-02-01,179.600
1997-03-01,177.900
1997-04-01,174.000
1997-05-01,174.700
1997-06-01,175.100
1997-07-01,181.900
1997-08-01,180.600
1997-09-01,180.500
1997-10-01,188.700
1997-11-01,196.500
1997-12-01,195.100
1998-01-01,187.600
1998-02-01,183.200
1998-03-01,178.100
1998-04-01,176.700
1998-05-01,173.500
1998-06-01,171.500
1998-07-01,166.000
1998-08-01,152.800
1998-09-01,139.100
1998-10-01,126.800
1998-11-01,120.400
1998-12-01,118.200
1999-01-01,117.200
1999-02-01,126.300
1999-03-01,119.700
1999-04-01,120.100
1999-05-01,126.100
1999-06-01,129.900
1999-07-01,129.500
1999-08-01,135.000
1999-09-01,135.500
1999-10-01,143.000
1999-11-01,158.000
1999-12-01,166.300
2000-01-01,161.200
2000-02-01,152.000
2000-03-01,151.600
2000-04-01,149.000
2000-05-01,138.000
2000-06-01,132.300
2000-07-01,128.000
2000-08-01,126.400
2000-09-01,129.900
2000-10-01,126.300
2000-11-01,120.000
2000-12-01,119.200
2001-01-01,120.300
2001-02-01,112.900
2001-03-01,113.600
2001-04-01,113.500
2001-05-01,113.300
2001-06-01,114.300
2001-07-01,118.200
2001-08-01,117.200
2001-09-01,117.100
2001-10-01,116.000
2001-11-01,111.500
2001-12-01,112.100
2002-01-01,109.400
2002-02-01,114.600
2002-03-01,118.600
2002-04-01,127.300
2002-05-01,140.100
2002-06-01,146.600
2002-07-01,147.600
2002-08-01,146.000
2002-09-01,146.400
2002-10-01,147.000
2002-11-01,141.900
2002-12-01,140.900
2003-01-01,
2003-02-01,
2003-03-01,
2003-04-01,
2003-05-01,
2003-06-01,
2003-07-01,
2003-08-01,
2003-09-01,
2003-10-01,
2003-11-01,
2003-12-01,
2004-01-01,
2004-02-01,
2004-03-01,
2004-04-01,
2004-05-01,
2004-06-01,
2004-07-01,
2004-08-01,
2004-09-01,
2004-10-01,
2004-11-01,
2004-12-01,
2005-01-01,
2005-02-01,
2005-03-01,
2005-04-01,
2005-05-01,
2005-06-01,
2005-07-01,
2005-08-01,
2005-09-01,
2005-10-01,
2005-11-01,
2005-12-01,
2006-01-01,
2006-02-01,
2006-03-01,
2006-04-01,
2006-05-01,
2006-06-01,
2006-07-01,
2006-08-01,
2006-09-01,
2006-10-01,
2006-11-01,
2006-12-01,
2007-01-01,
2007-02-01,
2007-03-01,
2007-04-01,
2007-05-01,
2007-06-01,
2007-07-01,
2007-08-01,
2007-09-01,
2007-10-01,
2007-11-01,
2007-12-01,
2008-01-01,
2008-02-01,
2008-03-01,
2008-04-01,
2008-05-01,
2008-06-01,
2008-07-01,
2008-08-01,
2008-09-01,
2008-10-01,
2008-11-01,
2008-12-01,
2009-01-01,
2009-02-01,
2009-03-01,
2009-04-01,
2009-05-01,
2009-06-01,
2009-07-01,
2009-08-01,
2009-09-01,
2009-10-01,
2009-11-01,
2009-12-01,
2010-01-01,
2010-02-01,
2010-03-01,
2010-04-01,
2010-05-01,
2010-06-01,
2010-07-01,
2010-08-01,
2010-09-01,
2010-10-01,
2010-11-01,
2010-12-01,
2011-01-01,
2011-02-01,
2011-03-01,
2011-04-01,
2011-05-01,
2011-06-01,
2011-07-01,
2011-08-01,
2011-09-01,
2011-10-01,
2011-11-01,
2011-12-01,
2012-01-01,
2012-02-01,
2012-03-01,
2012-04-01,
2012-05-01,
2012-06-01,
2012-07-01,
2012-08-01,
2012-09-01,
2012-10-01,
2012-11-01,
2012-12-01,
2013-01-01,
2013-02-01,
2013-03-01,
2013-04-01,
2013-05-01,
2013-06-01,
2013-07-01,
2013-08-01,
2013-09-01,
2013-10-01,
2013-11-01,
2013-12-01,
2014-01-01,
2014-02-01,
2014-03-01,
2014-04-01,
2014-05-01,
2014-06-01,
2014-07-01,
2014-08-01,
2014-09-01,
2014-10-01,
2014-11-01,
2014-12-01,
2015-01-01,
2015-02-01,
2015-03-01,
2015-04-01,
2015-05-01,
2015-06-01,
2015-07-01,
2015-08-01,
2015-09-01,
2015-10-01,
2015-11-01,
2015-12-01,
2016-01-01,
2016-02-01,
2016-03-01,
2016-04-01,
2016-05-01,
2016-06-01,
2016-07-01,
2016-08-01,
2016-09-01,
2016-10-01,
2016-11-01,
2016-12-01,
2017-01-01,
2017-02-01,
2017-03-01,
2017-04-01,
2017-05-01,
2017-06-01,
2017-07-01,
2017-08-01,
2017-09-01,
2017-10-01,
2017-11-01,
2017-12-01,
2018-01-01,434.000
2018-02-01,458.500
2018-03-01,454.600
2018-04-01,482.900
2018-05-01,484.900
2018-06-01,483.100
2018-07-01,494.800
2018-08-01,481.700
2018-09-01,472.800
2018-10-01,512.000
2018-11-01,548.400
2018-12-01,486.500
2019-01-01,423.300
2019-02-01,417.400
2019-03-01,409.800
2019-04-01,408.900
2019-05-01,389.500
2019-06-01,357.600
2019-07-01,359.000
2019-08-01,392.300
2019-09-01,351.200
2019-10-01,323.700
2019-11-01,347.600
2019-12-01,352.100
2020-01-01,376.600
2020-02-01,345.100
2020-03-01,331.000
2020-04-01,305.600
2020-05-01,329.100
2020-06-01,347.700
2020-07-01,338.000
2020-08-01,361.200
2020-09-01,410.800
2020-10-01,422.400
2020-11-01,432.600
2020-12-01,497.200
2021-01-01,587.600
2021-02-01,527.100
2021-03-01,541.300
2021-04-01,560.400
2021-05-01,589.100
2021-06-01,673.800
2021-07-01,711.169
2021-08-01,709.790
2021-09-01,677.245
2021-10-01,688.157
2021-11-01,733.274
2021-12-01,670.366
2022-01-01,607.521
2022-02-01,588.230
2022-03-01,697.199
2022-04-01,753.703
2022-05-01,673.354
2022-06-01,630.392
2022-07-01,572.477
2022-08-01,534.557
2022-09-01,516.081
2022-10-01,509.718
2022-11-01,477.528
2022-12-01,469.489
2023-01-01,504.363
2023-02-01,522.713
2023-03-01,548.384
2023-04-01,583.714
2023-05-01,557.939
2023-06-01,521.113
2023-07-01,520.561
2023-08-01,532.598
2023-09-01,537.904
2023-10-01,536.761
2023-11-01,549.262
2023-12-01,568.319
2024-01-01,561.253
2024-02-01,531.789
2024-03-01,455.368
2024-04-01,483.103
2024-05-01,485.812
2024-06-01,483.880
2024-07-01,503.089
2024-08-01,508.091
2024-09-01,506.850
2024-10-01,526.037
2024-11-01,517.423
2024-12-01,477.523
2025-01-01,473.597
2025-02-01,501.511
2025-03-01,500.281
2025-04-01,507.655
2025-05-01,486.239
2025-06-01,498.549
2025-07-01,512.471
2025-08-01,518.258
2025-09-01,519.212
2025-10-01,514.503
2025-11-01,510.664
2025-12-01,502.095
2026-01-01,507.988
2026-02-01,527.834
2026-03-01,506.597
2026-04-01,536.431
2026-05-01,537.399
2026-06-01,557.509
2026-07-01,567.420
2026-08-01,563.125
